subject,tag,file,lineno,MLOC
tornado,v4.2.0,E:\my code\pysmell\subject_raw\tornado\tornado\tornado\curl_httpclient.py,282,99
tornado,v4.2.0,E:\my code\pysmell\subject_raw\tornado\tornado\tornado\http1connection.py,153,87
tornado,v4.2.0,E:\my code\pysmell\subject_raw\tornado\tornado\tornado\ioloop.py,729,83
tornado,v4.2.0,E:\my code\pysmell\subject_raw\tornado\tornado\tornado\locale.py,280,58
tornado,v4.2.0,E:\my code\pysmell\subject_raw\tornado\tornado\tornado\simple_httpclient.py,297,69
tornado,v4.2.0,E:\my code\pysmell\subject_raw\tornado\tornado\tornado\template.py,697,130
tornado,v4.2.0,E:\my code\pysmell\subject_raw\tornado\tornado\tornado\web.py,702,73
scipy,v0.16.0b2,E:\my code\pysmell\subject_raw\scipy\scipy\runtests.py,65,144
scipy,v0.16.0b2,E:\my code\pysmell\subject_raw\scipy\scipy\scipy\cluster\hierarchy.py,1633,126
scipy,v0.16.0b2,E:\my code\pysmell\subject_raw\scipy\scipy\scipy\cluster\hierarchy.py,2205,96
scipy,v0.16.0b2,E:\my code\pysmell\subject_raw\scipy\scipy\scipy\fftpack\tests\test_basic.py,488,83
scipy,v0.16.0b2,E:\my code\pysmell\subject_raw\scipy\scipy\scipy\interpolate\fitpack.py,107,89
scipy,v0.16.0b2,E:\my code\pysmell\subject_raw\scipy\scipy\scipy\interpolate\fitpack.py,318,74
scipy,v0.16.0b2,E:\my code\pysmell\subject_raw\scipy\scipy\scipy\interpolate\fitpack.py,806,94
scipy,v0.16.0b2,E:\my code\pysmell\subject_raw\scipy\scipy\scipy\interpolate\interpolate.py,2041,73
scipy,v0.16.0b2,E:\my code\pysmell\subject_raw\scipy\scipy\scipy\io\idl.py,319,68
scipy,v0.16.0b2,E:\my code\pysmell\subject_raw\scipy\scipy\scipy\io\idl.py,684,105
scipy,v0.16.0b2,E:\my code\pysmell\subject_raw\scipy\scipy\scipy\io\mmio.py,369,103
scipy,v0.16.0b2,E:\my code\pysmell\subject_raw\scipy\scipy\scipy\io\mmio.py,508,81
scipy,v0.16.0b2,E:\my code\pysmell\subject_raw\scipy\scipy\scipy\linalg\decomp.py,206,68
scipy,v0.16.0b2,E:\my code\pysmell\subject_raw\scipy\scipy\scipy\linalg\setup.py,8,85
scipy,v0.16.0b2,E:\my code\pysmell\subject_raw\scipy\scipy\scipy\linalg\_matfuncs_inv_ssq.py,315,66
scipy,v0.16.0b2,E:\my code\pysmell\subject_raw\scipy\scipy\scipy\linalg\tests\test_blas.py,265,76
scipy,v0.16.0b2,E:\my code\pysmell\subject_raw\scipy\scipy\scipy\linalg\tests\test_decomp.py,1625,62
scipy,v0.16.0b2,E:\my code\pysmell\subject_raw\scipy\scipy\scipy\linalg\tests\test_decomp_update.py,1330,63
scipy,v0.16.0b2,E:\my code\pysmell\subject_raw\scipy\scipy\scipy\linalg\tests\test_interpolative.py,48,135
scipy,v0.16.0b2,E:\my code\pysmell\subject_raw\scipy\scipy\scipy\linalg\tests\test_special_matrices.py,328,136
scipy,v0.16.0b2,E:\my code\pysmell\subject_raw\scipy\scipy\scipy\misc\pilutil.py,205,73
scipy,v0.16.0b2,E:\my code\pysmell\subject_raw\scipy\scipy\scipy\ndimage\interpolation.py,578,75
scipy,v0.16.0b2,E:\my code\pysmell\subject_raw\scipy\scipy\scipy\ndimage\measurements.py,741,67
scipy,v0.16.0b2,E:\my code\pysmell\subject_raw\scipy\scipy\scipy\ndimage\morphology.py,215,63
scipy,v0.16.0b2,E:\my code\pysmell\subject_raw\scipy\scipy\scipy\ndimage\morphology.py,1740,63
scipy,v0.16.0b2,E:\my code\pysmell\subject_raw\scipy\scipy\scipy\ndimage\morphology.py,1877,66
scipy,v0.16.0b2,E:\my code\pysmell\subject_raw\scipy\scipy\scipy\odr\tests\test_odr.py,137,57
scipy,v0.16.0b2,E:\my code\pysmell\subject_raw\scipy\scipy\scipy\optimize\lbfgsb.py,200,78
scipy,v0.16.0b2,E:\my code\pysmell\subject_raw\scipy\scipy\scipy\optimize\minpack.py,255,65
scipy,v0.16.0b2,E:\my code\pysmell\subject_raw\scipy\scipy\scipy\optimize\nonlin.py,226,62
scipy,v0.16.0b2,E:\my code\pysmell\subject_raw\scipy\scipy\scipy\optimize\optimize.py,390,102
scipy,v0.16.0b2,E:\my code\pysmell\subject_raw\scipy\scipy\scipy\optimize\optimize.py,804,97
scipy,v0.16.0b2,E:\my code\pysmell\subject_raw\scipy\scipy\scipy\optimize\optimize.py,1113,73
scipy,v0.16.0b2,E:\my code\pysmell\subject_raw\scipy\scipy\scipy\optimize\optimize.py,1335,111
scipy,v0.16.0b2,E:\my code\pysmell\subject_raw\scipy\scipy\scipy\optimize\optimize.py,1554,91
scipy,v0.16.0b2,E:\my code\pysmell\subject_raw\scipy\scipy\scipy\optimize\optimize.py,1740,79
scipy,v0.16.0b2,E:\my code\pysmell\subject_raw\scipy\scipy\scipy\optimize\optimize.py,2056,64
scipy,v0.16.0b2,E:\my code\pysmell\subject_raw\scipy\scipy\scipy\optimize\optimize.py,2287,78
scipy,v0.16.0b2,E:\my code\pysmell\subject_raw\scipy\scipy\scipy\optimize\optimize.py,2646,69
scipy,v0.16.0b2,E:\my code\pysmell\subject_raw\scipy\scipy\scipy\optimize\optimize.py,2801,65
scipy,v0.16.0b2,E:\my code\pysmell\subject_raw\scipy\scipy\scipy\optimize\slsqp.py,213,115
scipy,v0.16.0b2,E:\my code\pysmell\subject_raw\scipy\scipy\scipy\optimize\_differentialevolution.py,432,68
scipy,v0.16.0b2,E:\my code\pysmell\subject_raw\scipy\scipy\scipy\optimize\_linprog.py,391,166
scipy,v0.16.0b2,E:\my code\pysmell\subject_raw\scipy\scipy\scipy\optimize\_minimize.py,36,88
scipy,v0.16.0b2,E:\my code\pysmell\subject_raw\scipy\scipy\scipy\optimize\_spectral.py,17,56
scipy,v0.16.0b2,E:\my code\pysmell\subject_raw\scipy\scipy\scipy\optimize\_trustregion.py,93,82
scipy,v0.16.0b2,E:\my code\pysmell\subject_raw\scipy\scipy\scipy\signal\filter_design.py,768,69
scipy,v0.16.0b2,E:\my code\pysmell\subject_raw\scipy\scipy\scipy\signal\filter_design.py,1325,63
scipy,v0.16.0b2,E:\my code\pysmell\subject_raw\scipy\scipy\scipy\signal\filter_design.py,2316,58
scipy,v0.16.0b2,E:\my code\pysmell\subject_raw\scipy\scipy\scipy\signal\filter_design.py,3054,356
scipy,v0.16.0b2,E:\my code\pysmell\subject_raw\scipy\scipy\scipy\signal\ltisys.py,1043,65
scipy,v0.16.0b2,E:\my code\pysmell\subject_raw\scipy\scipy\scipy\signal\ltisys.py,1836,79
scipy,v0.16.0b2,E:\my code\pysmell\subject_raw\scipy\scipy\scipy\signal\ltisys.py,1985,80
scipy,v0.16.0b2,E:\my code\pysmell\subject_raw\scipy\scipy\scipy\signal\signaltools.py,2088,60
scipy,v0.16.0b2,E:\my code\pysmell\subject_raw\scipy\scipy\scipy\signal\spectral.py,627,130
scipy,v0.16.0b2,E:\my code\pysmell\subject_raw\scipy\scipy\scipy\signal\tests\test_filter_design.py,259,85
scipy,v0.16.0b2,E:\my code\pysmell\subject_raw\scipy\scipy\scipy\signal\tests\test_filter_design.py,916,61
scipy,v0.16.0b2,E:\my code\pysmell\subject_raw\scipy\scipy\scipy\signal\tests\test_filter_design.py,1050,71
scipy,v0.16.0b2,E:\my code\pysmell\subject_raw\scipy\scipy\scipy\signal\tests\test_filter_design.py,1305,78
scipy,v0.16.0b2,E:\my code\pysmell\subject_raw\scipy\scipy\scipy\signal\tests\test_filter_design.py,1521,116
scipy,v0.16.0b2,E:\my code\pysmell\subject_raw\scipy\scipy\scipy\signal\tests\test_filter_design.py,1783,108
scipy,v0.16.0b2,E:\my code\pysmell\subject_raw\scipy\scipy\scipy\signal\tests\test_filter_design.py,1896,61
scipy,v0.16.0b2,E:\my code\pysmell\subject_raw\scipy\scipy\scipy\signal\tests\test_signaltools.py,332,59
scipy,v0.16.0b2,E:\my code\pysmell\subject_raw\scipy\scipy\scipy\signal\tests\test_signaltools.py,715,71
scipy,v0.16.0b2,E:\my code\pysmell\subject_raw\scipy\scipy\scipy\sparse\bsr.py,118,56
scipy,v0.16.0b2,E:\my code\pysmell\subject_raw\scipy\scipy\scipy\sparse\construct.py,493,58
scipy,v0.16.0b2,E:\my code\pysmell\subject_raw\scipy\scipy\scipy\sparse\coo.py,116,69
scipy,v0.16.0b2,E:\my code\pysmell\subject_raw\scipy\scipy\scipy\sparse\generate_sparsetools.py,333,57
scipy,v0.16.0b2,E:\my code\pysmell\subject_raw\scipy\scipy\scipy\sparse\linalg\_expm_multiply.py,475,56
scipy,v0.16.0b2,E:\my code\pysmell\subject_raw\scipy\scipy\scipy\sparse\linalg\_onenormest.py,312,72
scipy,v0.16.0b2,E:\my code\pysmell\subject_raw\scipy\scipy\scipy\sparse\linalg\dsolve\linsolve.py,50,65
scipy,v0.16.0b2,E:\my code\pysmell\subject_raw\scipy\scipy\scipy\sparse\linalg\eigen\arpack\arpack.py,371,82
scipy,v0.16.0b2,E:\my code\pysmell\subject_raw\scipy\scipy\scipy\sparse\linalg\eigen\arpack\arpack.py,589,63
scipy,v0.16.0b2,E:\my code\pysmell\subject_raw\scipy\scipy\scipy\sparse\linalg\eigen\arpack\arpack.py,751,80
scipy,v0.16.0b2,E:\my code\pysmell\subject_raw\scipy\scipy\scipy\sparse\linalg\eigen\arpack\arpack.py,1057,58
scipy,v0.16.0b2,E:\my code\pysmell\subject_raw\scipy\scipy\scipy\sparse\linalg\eigen\arpack\arpack.py,1293,79
scipy,v0.16.0b2,E:\my code\pysmell\subject_raw\scipy\scipy\scipy\sparse\linalg\eigen\arpack\arpack.py,1626,56
scipy,v0.16.0b2,E:\my code\pysmell\subject_raw\scipy\scipy\scipy\sparse\linalg\eigen\arpack\tests\test_arpack.py,181,57
scipy,v0.16.0b2,E:\my code\pysmell\subject_raw\scipy\scipy\scipy\sparse\linalg\eigen\lobpcg\lobpcg.py,114,194
scipy,v0.16.0b2,E:\my code\pysmell\subject_raw\scipy\scipy\scipy\sparse\linalg\isolve\iterative.py,339,69
scipy,v0.16.0b2,E:\my code\pysmell\subject_raw\scipy\scipy\scipy\sparse\linalg\isolve\iterative.py,503,67
scipy,v0.16.0b2,E:\my code\pysmell\subject_raw\scipy\scipy\scipy\sparse\linalg\isolve\lgmres.py,20,85
scipy,v0.16.0b2,E:\my code\pysmell\subject_raw\scipy\scipy\scipy\sparse\linalg\isolve\lsmr.py,31,174
scipy,v0.16.0b2,E:\my code\pysmell\subject_raw\scipy\scipy\scipy\sparse\linalg\isolve\lsqr.py,98,183
scipy,v0.16.0b2,E:\my code\pysmell\subject_raw\scipy\scipy\scipy\sparse\linalg\isolve\minres.py,41,197
scipy,v0.16.0b2,E:\my code\pysmell\subject_raw\scipy\scipy\scipy\sparse\linalg\tests\test_interface.py,28,76
scipy,v0.16.0b2,E:\my code\pysmell\subject_raw\scipy\scipy\scipy\spatial\distance.py,943,170
scipy,v0.16.0b2,E:\my code\pysmell\subject_raw\scipy\scipy\scipy\spatial\distance.py,1745,207
scipy,v0.16.0b2,E:\my code\pysmell\subject_raw\scipy\scipy\scipy\special\generate_ufuncs.py,465,72
scipy,v0.16.0b2,E:\my code\pysmell\subject_raw\scipy\scipy\scipy\special\generate_ufuncs.py,875,58
scipy,v0.16.0b2,E:\my code\pysmell\subject_raw\scipy\scipy\scipy\special\_testutils.py,170,75
scipy,v0.16.0b2,E:\my code\pysmell\subject_raw\scipy\scipy\scipy\special\tests\test_basic.py,1802,105
scipy,v0.16.0b2,E:\my code\pysmell\subject_raw\scipy\scipy\scipy\special\tests\test_data.py,191,175
scipy,v0.16.0b2,E:\my code\pysmell\subject_raw\scipy\scipy\scipy\special\tests\test_lambertw.py,19,60
scipy,v0.16.0b2,E:\my code\pysmell\subject_raw\scipy\scipy\scipy\stats\_binned_statistic.py,247,103
scipy,v0.16.0b2,E:\my code\pysmell\subject_raw\scipy\scipy\scipy\stats\_distn_infrastructure.py,918,71
scipy,v0.16.0b2,E:\my code\pysmell\subject_raw\scipy\scipy\scipy\stats\_distn_infrastructure.py,2640,67
scipy,v0.16.0b2,E:\my code\pysmell\subject_raw\scipy\scipy\scipy\stats\tests\test_stats.py,1579,64
scipy,v0.16.0b2,E:\my code\pysmell\subject_raw\scipy\scipy\scipy\stats\tests\test_stats.py,2262,78
scipy,v0.16.0b2,E:\my code\pysmell\subject_raw\scipy\scipy\scipy\stats\tests\test_stats.py,2865,65
scipy,v0.16.0b2,E:\my code\pysmell\subject_raw\scipy\scipy\scipy\weave\size_check.py,214,63
scipy,v0.16.0b2,E:\my code\pysmell\subject_raw\scipy\scipy\scipy\weave\examples\binary_search.py,151,58
ansible,v1.9.2-0.1.rc1,E:\my code\pysmell\subject_raw\ansible\ansible\examples\scripts\yaml_to_ini.py,52,68
ansible,v1.9.2-0.1.rc1,E:\my code\pysmell\subject_raw\ansible\ansible\lib\ansible\inventory\__init__.py,43,71
ansible,v1.9.2-0.1.rc1,E:\my code\pysmell\subject_raw\ansible\ansible\lib\ansible\module_utils\basic.py,1323,57
ansible,v1.9.2-0.1.rc1,E:\my code\pysmell\subject_raw\ansible\ansible\lib\ansible\module_utils\basic.py,1408,102
ansible,v1.9.2-0.1.rc1,E:\my code\pysmell\subject_raw\ansible\ansible\lib\ansible\module_utils\facts.py,232,178
ansible,v1.9.2-0.1.rc1,E:\my code\pysmell\subject_raw\ansible\ansible\lib\ansible\module_utils\facts.py,715,65
ansible,v1.9.2-0.1.rc1,E:\my code\pysmell\subject_raw\ansible\ansible\lib\ansible\module_utils\facts.py,906,81
ansible,v1.9.2-0.1.rc1,E:\my code\pysmell\subject_raw\ansible\ansible\lib\ansible\module_utils\facts.py,1744,65
ansible,v1.9.2-0.1.rc1,E:\my code\pysmell\subject_raw\ansible\ansible\lib\ansible\module_utils\facts.py,1806,59
ansible,v1.9.2-0.1.rc1,E:\my code\pysmell\subject_raw\ansible\ansible\lib\ansible\module_utils\facts.py,2158,58
ansible,v1.9.2-0.1.rc1,E:\my code\pysmell\subject_raw\ansible\ansible\lib\ansible\module_utils\facts.py,2376,116
ansible,v1.9.2-0.1.rc1,E:\my code\pysmell\subject_raw\ansible\ansible\lib\ansible\module_utils\splitter.py,51,66
ansible,v1.9.2-0.1.rc1,E:\my code\pysmell\subject_raw\ansible\ansible\lib\ansible\module_utils\urls.py,342,85
ansible,v1.9.2-0.1.rc1,E:\my code\pysmell\subject_raw\ansible\ansible\lib\ansible\playbook\play.py,58,99
ansible,v1.9.2-0.1.rc1,E:\my code\pysmell\subject_raw\ansible\ansible\lib\ansible\playbook\play.py,246,86
ansible,v1.9.2-0.1.rc1,E:\my code\pysmell\subject_raw\ansible\ansible\lib\ansible\playbook\play.py,413,85
ansible,v1.9.2-0.1.rc1,E:\my code\pysmell\subject_raw\ansible\ansible\lib\ansible\playbook\play.py,555,94
ansible,v1.9.2-0.1.rc1,E:\my code\pysmell\subject_raw\ansible\ansible\lib\ansible\playbook\task.py,46,211
ansible,v1.9.2-0.1.rc1,E:\my code\pysmell\subject_raw\ansible\ansible\lib\ansible\playbook\__init__.py,55,65
ansible,v1.9.2-0.1.rc1,E:\my code\pysmell\subject_raw\ansible\ansible\lib\ansible\runner\__init__.py,114,71
ansible,v1.9.2-0.1.rc1,E:\my code\pysmell\subject_raw\ansible\ansible\lib\ansible\runner\__init__.py,451,67
ansible,v1.9.2-0.1.rc1,E:\my code\pysmell\subject_raw\ansible\ansible\lib\ansible\runner\__init__.py,659,100
ansible,v1.9.2-0.1.rc1,E:\my code\pysmell\subject_raw\ansible\ansible\lib\ansible\runner\__init__.py,841,186
ansible,v1.9.2-0.1.rc1,E:\my code\pysmell\subject_raw\ansible\ansible\lib\ansible\runner\action_plugins\copy.py,43,157
ansible,v1.9.2-0.1.rc1,E:\my code\pysmell\subject_raw\ansible\ansible\lib\ansible\runner\action_plugins\fetch.py,36,93
ansible,v1.9.2-0.1.rc1,E:\my code\pysmell\subject_raw\ansible\ansible\lib\ansible\runner\action_plugins\synchronize.py,92,68
ansible,v1.9.2-0.1.rc1,E:\my code\pysmell\subject_raw\ansible\ansible\lib\ansible\runner\action_plugins\template.py,52,69
ansible,v1.9.2-0.1.rc1,E:\my code\pysmell\subject_raw\ansible\ansible\lib\ansible\runner\action_plugins\win_copy.py,43,154
ansible,v1.9.2-0.1.rc1,E:\my code\pysmell\subject_raw\ansible\ansible\lib\ansible\runner\action_plugins\win_template.py,33,65
ansible,v1.9.2-0.1.rc1,E:\my code\pysmell\subject_raw\ansible\ansible\lib\ansible\runner\connection_plugins\ssh.py,259,101
ansible,v1.9.2-0.1.rc1,E:\my code\pysmell\subject_raw\ansible\ansible\lib\ansible\runner\filter_plugins\ipaddr.py,253,145
ansible,v1.9.2-0.1.rc1,E:\my code\pysmell\subject_raw\ansible\ansible\lib\ansible\runner\lookup_plugins\dig.py,103,73
ansible,v1.9.2-0.1.rc1,E:\my code\pysmell\subject_raw\ansible\ansible\lib\ansible\runner\lookup_plugins\password.py,39,65
ansible,v1.9.2-0.1.rc1,E:\my code\pysmell\subject_raw\ansible\ansible\lib\ansible\utils\template.py,215,70
ansible,v1.9.2-0.1.rc1,E:\my code\pysmell\subject_raw\ansible\ansible\plugins\inventory\abiquo.py,115,59
ansible,v1.9.2-0.1.rc1,E:\my code\pysmell\subject_raw\ansible\ansible\plugins\inventory\collins.py,282,62
ansible,v1.9.2-0.1.rc1,E:\my code\pysmell\subject_raw\ansible\ansible\plugins\inventory\ec2.py,185,87
ansible,v1.9.2-0.1.rc1,E:\my code\pysmell\subject_raw\ansible\ansible\plugins\inventory\ec2.py,422,79
ansible,v1.9.2-0.1.rc1,E:\my code\pysmell\subject_raw\ansible\ansible\plugins\inventory\rax.py,217,94
ansible,v1.9.2-0.1.rc1,E:\my code\pysmell\subject_raw\ansible\ansible\plugins\inventory\vmware.py,277,56
ansible,v1.9.2-0.1.rc1,E:\my code\pysmell\subject_raw\ansible\ansible\v2\ansible\executor\play_iterator.py,107,57
ansible,v1.9.2-0.1.rc1,E:\my code\pysmell\subject_raw\ansible\ansible\v2\ansible\executor\task_executor.py,161,63
ansible,v1.9.2-0.1.rc1,E:\my code\pysmell\subject_raw\ansible\ansible\v2\ansible\inventory\dir.py,36,56
ansible,v1.9.2-0.1.rc1,E:\my code\pysmell\subject_raw\ansible\ansible\v2\ansible\inventory\__init__.py,47,72
ansible,v1.9.2-0.1.rc1,E:\my code\pysmell\subject_raw\ansible\ansible\v2\ansible\module_utils\basic.py,1297,57
ansible,v1.9.2-0.1.rc1,E:\my code\pysmell\subject_raw\ansible\ansible\v2\ansible\module_utils\basic.py,1382,98
ansible,v1.9.2-0.1.rc1,E:\my code\pysmell\subject_raw\ansible\ansible\v2\ansible\module_utils\facts.py,223,144
ansible,v1.9.2-0.1.rc1,E:\my code\pysmell\subject_raw\ansible\ansible\v2\ansible\module_utils\facts.py,671,65
ansible,v1.9.2-0.1.rc1,E:\my code\pysmell\subject_raw\ansible\ansible\v2\ansible\module_utils\facts.py,861,81
ansible,v1.9.2-0.1.rc1,E:\my code\pysmell\subject_raw\ansible\ansible\v2\ansible\module_utils\facts.py,1670,65
ansible,v1.9.2-0.1.rc1,E:\my code\pysmell\subject_raw\ansible\ansible\v2\ansible\module_utils\facts.py,1732,59
ansible,v1.9.2-0.1.rc1,E:\my code\pysmell\subject_raw\ansible\ansible\v2\ansible\module_utils\facts.py,2269,112
ansible,v1.9.2-0.1.rc1,E:\my code\pysmell\subject_raw\ansible\ansible\v2\ansible\module_utils\splitter.py,51,66
ansible,v1.9.2-0.1.rc1,E:\my code\pysmell\subject_raw\ansible\ansible\v2\ansible\module_utils\urls.py,342,85
ansible,v1.9.2-0.1.rc1,E:\my code\pysmell\subject_raw\ansible\ansible\v2\ansible\parsing\splitter.py,112,63
ansible,v1.9.2-0.1.rc1,E:\my code\pysmell\subject_raw\ansible\ansible\v2\ansible\plugins\action\copy.py,44,106
ansible,v1.9.2-0.1.rc1,E:\my code\pysmell\subject_raw\ansible\ansible\v2\ansible\plugins\action\fetch.py,33,72
ansible,v1.9.2-0.1.rc1,E:\my code\pysmell\subject_raw\ansible\ansible\v2\ansible\plugins\action\__init__.py,333,57
ansible,v1.9.2-0.1.rc1,E:\my code\pysmell\subject_raw\ansible\ansible\v2\ansible\plugins\lookup\password.py,55,66
ansible,v1.9.2-0.1.rc1,E:\my code\pysmell\subject_raw\ansible\ansible\v2\ansible\plugins\strategies\linear.py,114,100
ansible,v1.9.2-0.1.rc1,E:\my code\pysmell\subject_raw\ansible\ansible\v2\ansible\plugins\strategies\__init__.py,115,60
boto,2.38.0,E:\my code\pysmell\subject_raw\boto\boto\boto\connection.py,417,66
boto,2.38.0,E:\my code\pysmell\subject_raw\boto\boto\boto\connection.py,886,109
boto,2.38.0,E:\my code\pysmell\subject_raw\boto\boto\boto\provider.py,264,94
boto,2.38.0,E:\my code\pysmell\subject_raw\boto\boto\boto\cloudsearch2\domain.py,255,120
boto,2.38.0,E:\my code\pysmell\subject_raw\boto\boto\boto\ec2\connection.py,738,65
boto,2.38.0,E:\my code\pysmell\subject_raw\boto\boto\boto\ec2\connection.py,1422,63
boto,2.38.0,E:\my code\pysmell\subject_raw\boto\boto\boto\ec2\connection.py,2549,61
boto,2.38.0,E:\my code\pysmell\subject_raw\boto\boto\boto\ec2\instance.py,327,67
boto,2.38.0,E:\my code\pysmell\subject_raw\boto\boto\boto\gs\resumable_upload_handler.py,316,58
boto,2.38.0,E:\my code\pysmell\subject_raw\boto\boto\boto\pyami\launch_ami.py,74,93
boto,2.38.0,E:\my code\pysmell\subject_raw\boto\boto\boto\pyami\installers\ubuntu\trac.py,60,65
boto,2.38.0,E:\my code\pysmell\subject_raw\boto\boto\boto\rds2\layer1.py,321,56
boto,2.38.0,E:\my code\pysmell\subject_raw\boto\boto\boto\s3\key.py,752,56
boto,2.38.0,E:\my code\pysmell\subject_raw\boto\boto\boto\s3\key.py,768,83
boto,2.38.0,E:\my code\pysmell\subject_raw\boto\boto\boto\s3\key.py,1484,61
boto,2.38.0,E:\my code\pysmell\subject_raw\boto\boto\boto\sdb\db\manager\sdbmanager.py,565,60
boto,2.38.0,E:\my code\pysmell\subject_raw\boto\boto\tests\devpay\test_s3.py,40,114
boto,2.38.0,E:\my code\pysmell\subject_raw\boto\boto\tests\integration\dynamodb\test_layer1.py,63,122
boto,2.38.0,E:\my code\pysmell\subject_raw\boto\boto\tests\integration\dynamodb\test_layer2.py,64,247
boto,2.38.0,E:\my code\pysmell\subject_raw\boto\boto\tests\integration\dynamodb2\test_highlevel.py,47,125
boto,2.38.0,E:\my code\pysmell\subject_raw\boto\boto\tests\integration\dynamodb2\test_highlevel.py,537,62
boto,2.38.0,E:\my code\pysmell\subject_raw\boto\boto\tests\integration\dynamodb2\test_layer1.py,109,71
boto,2.38.0,E:\my code\pysmell\subject_raw\boto\boto\tests\integration\ec2\test_connection.py,67,97
boto,2.38.0,E:\my code\pysmell\subject_raw\boto\boto\tests\integration\ec2\autoscale\test_connection.py,43,81
boto,2.38.0,E:\my code\pysmell\subject_raw\boto\boto\tests\integration\rds\test_promote_modify.py,37,63
boto,2.38.0,E:\my code\pysmell\subject_raw\boto\boto\tests\integration\s3\test_connection.py,39,142
boto,2.38.0,E:\my code\pysmell\subject_raw\boto\boto\tests\integration\s3\test_key.py,161,141
boto,2.38.0,E:\my code\pysmell\subject_raw\boto\boto\tests\integration\sdb\test_connection.py,36,57
boto,2.38.0,E:\my code\pysmell\subject_raw\boto\boto\tests\integration\sqs\test_connection.py,41,81
boto,2.38.0,E:\my code\pysmell\subject_raw\boto\boto\tests\unit\auth\test_sigv4.py,132,56
boto,2.38.0,E:\my code\pysmell\subject_raw\boto\boto\tests\unit\dynamodb2\test_table.py,1235,61
boto,2.38.0,E:\my code\pysmell\subject_raw\boto\boto\tests\unit\dynamodb2\test_table.py,2222,66
boto,2.38.0,E:\my code\pysmell\subject_raw\boto\boto\tests\unit\dynamodb2\test_table.py,2324,58
boto,2.38.0,E:\my code\pysmell\subject_raw\boto\boto\tests\unit\rds2\test_connection.py,131,57
ipython,rel-3.1.0,E:\my code\pysmell\subject_raw\ipython\ipython\IPython\core\interactiveshell.py,1429,56
ipython,rel-3.1.0,E:\my code\pysmell\subject_raw\ipython\ipython\IPython\core\interactiveshell.py,2760,68
ipython,rel-3.1.0,E:\my code\pysmell\subject_raw\ipython\ipython\IPython\core\oinspect.py,653,133
ipython,rel-3.1.0,E:\my code\pysmell\subject_raw\ipython\ipython\IPython\core\ultratb.py,700,106
ipython,rel-3.1.0,E:\my code\pysmell\subject_raw\ipython\ipython\IPython\core\magics\code.py,360,75
ipython,rel-3.1.0,E:\my code\pysmell\subject_raw\ipython\ipython\IPython\core\magics\execution.py,448,105
ipython,rel-3.1.0,E:\my code\pysmell\subject_raw\ipython\ipython\IPython\core\magics\execution.py,895,58
ipython,rel-3.1.0,E:\my code\pysmell\subject_raw\ipython\ipython\IPython\core\magics\history.py,40,76
ipython,rel-3.1.0,E:\my code\pysmell\subject_raw\ipython\ipython\IPython\core\magics\namespace.py,347,65
ipython,rel-3.1.0,E:\my code\pysmell\subject_raw\ipython\ipython\IPython\core\magics\osm.py,247,68
ipython,rel-3.1.0,E:\my code\pysmell\subject_raw\ipython\ipython\IPython\core\magics\script.py,160,58
ipython,rel-3.1.0,E:\my code\pysmell\subject_raw\ipython\ipython\IPython\core\tests\test_history.py,27,82
ipython,rel-3.1.0,E:\my code\pysmell\subject_raw\ipython\ipython\IPython\extensions\rmagic.py,369,101
ipython,rel-3.1.0,E:\my code\pysmell\subject_raw\ipython\ipython\IPython\extensions\storemagic.py,89,74
ipython,rel-3.1.0,E:\my code\pysmell\subject_raw\ipython\ipython\IPython\extensions\tests\test_autoreload.py,134,56
ipython,rel-3.1.0,E:\my code\pysmell\subject_raw\ipython\ipython\IPython\lib\tests\test_lexers.py,17,89
ipython,rel-3.1.0,E:\my code\pysmell\subject_raw\ipython\ipython\IPython\sphinxext\ipython_directive.py,392,72
ipython,rel-3.1.0,E:\my code\pysmell\subject_raw\ipython\ipython\IPython\terminal\interactiveshell.py,418,66
ipython,rel-3.1.0,E:\my code\pysmell\subject_raw\ipython\ipython\IPython\testing\iptestcontroller.py,325,76
ipython,rel-3.1.0,E:\my code\pysmell\subject_raw\ipython\ipython\IPython\utils\signatures.py,68,59
ipython,rel-3.1.0,E:\my code\pysmell\subject_raw\ipython\ipython\IPython\utils\signatures.py,646,69
ipython,rel-3.1.0,E:\my code\pysmell\subject_raw\ipython\ipython\IPython\utils\_process_win32_controller.py,233,63
ipython,rel-3.1.0,E:\my code\pysmell\subject_raw\ipython\ipython\IPython\utils\_tokenize_py2.py,279,121
ipython,rel-3.1.0,E:\my code\pysmell\subject_raw\ipython\ipython\IPython\utils\_tokenize_py3.py,418,127
numpy,v1.9.2,E:\my code\pysmell\subject_raw\numpy\numpy\runtests.py,64,95
numpy,v1.9.2,E:\my code\pysmell\subject_raw\numpy\numpy\numpy\_import_tools.py,131,62
numpy,v1.9.2,E:\my code\pysmell\subject_raw\numpy\numpy\numpy\core\arrayprint.py,234,76
numpy,v1.9.2,E:\my code\pysmell\subject_raw\numpy\numpy\numpy\core\defchararray.py,2476,56
numpy,v1.9.2,E:\my code\pysmell\subject_raw\numpy\numpy\numpy\core\machar.py,113,174
numpy,v1.9.2,E:\my code\pysmell\subject_raw\numpy\numpy\numpy\core\memmap.py,203,58
numpy,v1.9.2,E:\my code\pysmell\subject_raw\numpy\numpy\numpy\core\numeric.py,1458,62
numpy,v1.9.2,E:\my code\pysmell\subject_raw\numpy\numpy\numpy\core\setup.py,256,62
numpy,v1.9.2,E:\my code\pysmell\subject_raw\numpy\numpy\numpy\core\setup.py,383,203
numpy,v1.9.2,E:\my code\pysmell\subject_raw\numpy\numpy\numpy\core\setup.py,408,71
numpy,v1.9.2,E:\my code\pysmell\subject_raw\numpy\numpy\numpy\core\_internal.py,361,105
numpy,v1.9.2,E:\my code\pysmell\subject_raw\numpy\numpy\numpy\core\code_generators\generate_numpy_api.py,181,58
numpy,v1.9.2,E:\my code\pysmell\subject_raw\numpy\numpy\numpy\core\code_generators\generate_umath.py,874,62
numpy,v1.9.2,E:\my code\pysmell\subject_raw\numpy\numpy\numpy\core\tests\test_api.py,14,106
numpy,v1.9.2,E:\my code\pysmell\subject_raw\numpy\numpy\numpy\core\tests\test_api.py,181,73
numpy,v1.9.2,E:\my code\pysmell\subject_raw\numpy\numpy\numpy\core\tests\test_datetime.py,290,67
numpy,v1.9.2,E:\my code\pysmell\subject_raw\numpy\numpy\numpy\core\tests\test_datetime.py,1134,59
numpy,v1.9.2,E:\my code\pysmell\subject_raw\numpy\numpy\numpy\core\tests\test_datetime.py,1225,88
numpy,v1.9.2,E:\my code\pysmell\subject_raw\numpy\numpy\numpy\core\tests\test_datetime.py,1535,129
numpy,v1.9.2,E:\my code\pysmell\subject_raw\numpy\numpy\numpy\core\tests\test_einsum.py,76,93
numpy,v1.9.2,E:\my code\pysmell\subject_raw\numpy\numpy\numpy\core\tests\test_einsum.py,214,173
numpy,v1.9.2,E:\my code\pysmell\subject_raw\numpy\numpy\numpy\core\tests\test_indexing.py,628,130
numpy,v1.9.2,E:\my code\pysmell\subject_raw\numpy\numpy\numpy\core\tests\test_multiarray.py,895,131
numpy,v1.9.2,E:\my code\pysmell\subject_raw\numpy\numpy\numpy\core\tests\test_multiarray.py,1122,101
numpy,v1.9.2,E:\my code\pysmell\subject_raw\numpy\numpy\numpy\core\tests\test_multiarray.py,1267,70
numpy,v1.9.2,E:\my code\pysmell\subject_raw\numpy\numpy\numpy\core\tests\test_multiarray.py,1388,63
numpy,v1.9.2,E:\my code\pysmell\subject_raw\numpy\numpy\numpy\core\tests\test_multiarray.py,1514,169
numpy,v1.9.2,E:\my code\pysmell\subject_raw\numpy\numpy\numpy\core\tests\test_multiarray.py,1977,71
numpy,v1.9.2,E:\my code\pysmell\subject_raw\numpy\numpy\numpy\core\tests\test_nditer.py,506,56
numpy,v1.9.2,E:\my code\pysmell\subject_raw\numpy\numpy\numpy\core\tests\test_nditer.py,1669,93
numpy,v1.9.2,E:\my code\pysmell\subject_raw\numpy\numpy\numpy\core\tests\test_nditer.py,1797,118
numpy,v1.9.2,E:\my code\pysmell\subject_raw\numpy\numpy\numpy\core\tests\test_numeric.py,762,56
numpy,v1.9.2,E:\my code\pysmell\subject_raw\numpy\numpy\numpy\core\tests\test_regression.py,870,63
numpy,v1.9.2,E:\my code\pysmell\subject_raw\numpy\numpy\numpy\core\tests\test_regression.py,1074,59
numpy,v1.9.2,E:\my code\pysmell\subject_raw\numpy\numpy\numpy\core\tests\test_ufunc.py,56,57
numpy,v1.9.2,E:\my code\pysmell\subject_raw\numpy\numpy\numpy\core\tests\test_ufunc.py,963,101
numpy,v1.9.2,E:\my code\pysmell\subject_raw\numpy\numpy\numpy\core\tests\test_umath.py,1283,78
numpy,v1.9.2,E:\my code\pysmell\subject_raw\numpy\numpy\numpy\core\tests\test_umath_complex.py,140,91
numpy,v1.9.2,E:\my code\pysmell\subject_raw\numpy\numpy\numpy\distutils\exec_command.py,330,85
numpy,v1.9.2,E:\my code\pysmell\subject_raw\numpy\numpy\numpy\distutils\misc_util.py,1019,56
numpy,v1.9.2,E:\my code\pysmell\subject_raw\numpy\numpy\numpy\distutils\system_info.py,302,62
numpy,v1.9.2,E:\my code\pysmell\subject_raw\numpy\numpy\numpy\distutils\system_info.py,1074,69
numpy,v1.9.2,E:\my code\pysmell\subject_raw\numpy\numpy\numpy\distutils\system_info.py,1489,71
numpy,v1.9.2,E:\my code\pysmell\subject_raw\numpy\numpy\numpy\distutils\system_info.py,1591,59
numpy,v1.9.2,E:\my code\pysmell\subject_raw\numpy\numpy\numpy\distutils\system_info.py,2112,58
numpy,v1.9.2,E:\my code\pysmell\subject_raw\numpy\numpy\numpy\distutils\command\build_clib.py,135,99
numpy,v1.9.2,E:\my code\pysmell\subject_raw\numpy\numpy\numpy\distutils\command\build_ext.py,63,120
numpy,v1.9.2,E:\my code\pysmell\subject_raw\numpy\numpy\numpy\distutils\command\build_ext.py,250,114
numpy,v1.9.2,E:\my code\pysmell\subject_raw\numpy\numpy\numpy\distutils\command\build_src.py,496,113
numpy,v1.9.2,E:\my code\pysmell\subject_raw\numpy\numpy\numpy\distutils\command\build_src.py,634,92
numpy,v1.9.2,E:\my code\pysmell\subject_raw\numpy\numpy\numpy\distutils\fcompiler\__init__.py,441,58
numpy,v1.9.2,E:\my code\pysmell\subject_raw\numpy\numpy\numpy\f2py\capi_maps.py,345,56
numpy,v1.9.2,E:\my code\pysmell\subject_raw\numpy\numpy\numpy\f2py\capi_maps.py,452,79
numpy,v1.9.2,E:\my code\pysmell\subject_raw\numpy\numpy\numpy\f2py\capi_maps.py,551,61
numpy,v1.9.2,E:\my code\pysmell\subject_raw\numpy\numpy\numpy\f2py\capi_maps.py,674,59
numpy,v1.9.2,E:\my code\pysmell\subject_raw\numpy\numpy\numpy\f2py\cb_rules.py,415,104
numpy,v1.9.2,E:\my code\pysmell\subject_raw\numpy\numpy\numpy\f2py\cfuncs.py,1130,56
numpy,v1.9.2,E:\my code\pysmell\subject_raw\numpy\numpy\numpy\f2py\common_rules.py,56,73
numpy,v1.9.2,E:\my code\pysmell\subject_raw\numpy\numpy\numpy\f2py\crackfortran.py,308,158
numpy,v1.9.2,E:\my code\pysmell\subject_raw\numpy\numpy\numpy\f2py\crackfortran.py,547,119
numpy,v1.9.2,E:\my code\pysmell\subject_raw\numpy\numpy\numpy\f2py\crackfortran.py,766,418
numpy,v1.9.2,E:\my code\pysmell\subject_raw\numpy\numpy\numpy\f2py\crackfortran.py,1286,118
numpy,v1.9.2,E:\my code\pysmell\subject_raw\numpy\numpy\numpy\f2py\crackfortran.py,1590,77
numpy,v1.9.2,E:\my code\pysmell\subject_raw\numpy\numpy\numpy\f2py\crackfortran.py,1851,93
numpy,v1.9.2,E:\my code\pysmell\subject_raw\numpy\numpy\numpy\f2py\crackfortran.py,2110,292
numpy,v1.9.2,E:\my code\pysmell\subject_raw\numpy\numpy\numpy\f2py\crackfortran.py,2548,66
numpy,v1.9.2,E:\my code\pysmell\subject_raw\numpy\numpy\numpy\f2py\crackfortran.py,2658,105
numpy,v1.9.2,E:\my code\pysmell\subject_raw\numpy\numpy\numpy\f2py\diagnose.py,12,126
numpy,v1.9.2,E:\my code\pysmell\subject_raw\numpy\numpy\numpy\f2py\f2py2e.py,175,92
numpy,v1.9.2,E:\my code\pysmell\subject_raw\numpy\numpy\numpy\f2py\f2py2e.py,409,140
numpy,v1.9.2,E:\my code\pysmell\subject_raw\numpy\numpy\numpy\f2py\f90mod_rules.py,85,146
numpy,v1.9.2,E:\my code\pysmell\subject_raw\numpy\numpy\numpy\f2py\func2subr.py,78,82
numpy,v1.9.2,E:\my code\pysmell\subject_raw\numpy\numpy\numpy\f2py\func2subr.py,181,59
numpy,v1.9.2,E:\my code\pysmell\subject_raw\numpy\numpy\numpy\f2py\rules.py,1160,148
numpy,v1.9.2,E:\my code\pysmell\subject_raw\numpy\numpy\numpy\f2py\rules.py,1328,101
numpy,v1.9.2,E:\my code\pysmell\subject_raw\numpy\numpy\numpy\f2py\tests\test_array_from_pyobj.py,183,59
numpy,v1.9.2,E:\my code\pysmell\subject_raw\numpy\numpy\numpy\lib\arraypad.py,1117,134
numpy,v1.9.2,E:\my code\pysmell\subject_raw\numpy\numpy\numpy\lib\function_base.py,78,59
numpy,v1.9.2,E:\my code\pysmell\subject_raw\numpy\numpy\numpy\lib\function_base.py,242,91
numpy,v1.9.2,E:\my code\pysmell\subject_raw\numpy\numpy\numpy\lib\function_base.py,885,74
numpy,v1.9.2,E:\my code\pysmell\subject_raw\numpy\numpy\numpy\lib\function_base.py,1832,69
numpy,v1.9.2,E:\my code\pysmell\subject_raw\numpy\numpy\numpy\lib\function_base.py,3193,64
numpy,v1.9.2,E:\my code\pysmell\subject_raw\numpy\numpy\numpy\lib\function_base.py,3556,109
numpy,v1.9.2,E:\my code\pysmell\subject_raw\numpy\numpy\numpy\lib\function_base.py,3754,90
numpy,v1.9.2,E:\my code\pysmell\subject_raw\numpy\numpy\numpy\lib\index_tricks.py,251,81
numpy,v1.9.2,E:\my code\pysmell\subject_raw\numpy\numpy\numpy\lib\npyio.py,728,90
numpy,v1.9.2,E:\my code\pysmell\subject_raw\numpy\numpy\numpy\lib\npyio.py,1013,63
numpy,v1.9.2,E:\my code\pysmell\subject_raw\numpy\numpy\numpy\lib\npyio.py,1303,315
numpy,v1.9.2,E:\my code\pysmell\subject_raw\numpy\numpy\numpy\lib\recfunctions.py,329,60
numpy,v1.9.2,E:\my code\pysmell\subject_raw\numpy\numpy\numpy\lib\recfunctions.py,823,82
numpy,v1.9.2,E:\my code\pysmell\subject_raw\numpy\numpy\numpy\lib\utils.py,439,115
numpy,v1.9.2,E:\my code\pysmell\subject_raw\numpy\numpy\numpy\lib\utils.py,829,96
numpy,v1.9.2,E:\my code\pysmell\subject_raw\numpy\numpy\numpy\linalg\linalg.py,614,69
numpy,v1.9.2,E:\my code\pysmell\subject_raw\numpy\numpy\numpy\linalg\linalg.py,1770,69
numpy,v1.9.2,E:\my code\pysmell\subject_raw\numpy\numpy\numpy\linalg\linalg.py,1961,90
numpy,v1.9.2,E:\my code\pysmell\subject_raw\numpy\numpy\numpy\ma\core.py,2642,67
numpy,v1.9.2,E:\my code\pysmell\subject_raw\numpy\numpy\numpy\ma\extras.py,326,73
numpy,v1.9.2,E:\my code\pysmell\subject_raw\numpy\numpy\numpy\ma\extras.py,469,80
numpy,v1.9.2,E:\my code\pysmell\subject_raw\numpy\numpy\numpy\ma\tests\test_extras.py,352,91
numpy,v1.9.2,E:\my code\pysmell\subject_raw\numpy\numpy\numpy\ma\tests\test_extras.py,516,61
numpy,v1.9.2,E:\my code\pysmell\subject_raw\numpy\numpy\numpy\ma\tests\test_old_ma.py,314,97
numpy,v1.9.2,E:\my code\pysmell\subject_raw\numpy\numpy\numpy\polynomial\tests\test_chebyshev.py,211,60
numpy,v1.9.2,E:\my code\pysmell\subject_raw\numpy\numpy\numpy\polynomial\tests\test_hermite.py,199,60
numpy,v1.9.2,E:\my code\pysmell\subject_raw\numpy\numpy\numpy\polynomial\tests\test_hermite_e.py,199,60
numpy,v1.9.2,E:\my code\pysmell\subject_raw\numpy\numpy\numpy\polynomial\tests\test_laguerre.py,196,60
numpy,v1.9.2,E:\my code\pysmell\subject_raw\numpy\numpy\numpy\polynomial\tests\test_legendre.py,200,60
numpy,v1.9.2,E:\my code\pysmell\subject_raw\numpy\numpy\numpy\testing\utils.py,223,58
nltk,3.0.2,E:\my code\pysmell\subject_raw\nltk\nltk\nltk\data.py,699,74
nltk,3.0.2,E:\my code\pysmell\subject_raw\nltk\nltk\nltk\downloader.py,1256,65
nltk,3.0.2,E:\my code\pysmell\subject_raw\nltk\nltk\nltk\featstruct.py,1445,57
nltk,3.0.2,E:\my code\pysmell\subject_raw\nltk\nltk\nltk\featstruct.py,2364,60
nltk,3.0.2,E:\my code\pysmell\subject_raw\nltk\nltk\nltk\internals.py,413,79
nltk,3.0.2,E:\my code\pysmell\subject_raw\nltk\nltk\nltk\internals.py,548,78
nltk,3.0.2,E:\my code\pysmell\subject_raw\nltk\nltk\nltk\tgrep.py,371,127
nltk,3.0.2,E:\my code\pysmell\subject_raw\nltk\nltk\nltk\tgrep.py,759,77
nltk,3.0.2,E:\my code\pysmell\subject_raw\nltk\nltk\nltk\treeprettyprinter.py,108,80
nltk,3.0.2,E:\my code\pysmell\subject_raw\nltk\nltk\nltk\treeprettyprinter.py,307,103
nltk,3.0.2,E:\my code\pysmell\subject_raw\nltk\nltk\nltk\treeprettyprinter.py,450,62
nltk,3.0.2,E:\my code\pysmell\subject_raw\nltk\nltk\nltk\align\ibm2.py,49,75
nltk,3.0.2,E:\my code\pysmell\subject_raw\nltk\nltk\nltk\align\ibm3.py,79,73
nltk,3.0.2,E:\my code\pysmell\subject_raw\nltk\nltk\nltk\app\chunkparser_app.py,449,62
nltk,3.0.2,E:\my code\pysmell\subject_raw\nltk\nltk\nltk\app\chunkparser_app.py,636,103
nltk,3.0.2,E:\my code\pysmell\subject_raw\nltk\nltk\nltk\app\wordnet_app.py,362,63
nltk,3.0.2,E:\my code\pysmell\subject_raw\nltk\nltk\nltk\corpus\reader\childes.py,261,87
nltk,3.0.2,E:\my code\pysmell\subject_raw\nltk\nltk\nltk\corpus\reader\ipipan.py,238,65
nltk,3.0.2,E:\my code\pysmell\subject_raw\nltk\nltk\nltk\corpus\reader\wordnet.py,1275,78
nltk,3.0.2,E:\my code\pysmell\subject_raw\nltk\nltk\nltk\corpus\reader\wordnet.py,1890,63
nltk,3.0.2,E:\my code\pysmell\subject_raw\nltk\nltk\nltk\corpus\reader\xmldocs.py,285,64
nltk,3.0.2,E:\my code\pysmell\subject_raw\nltk\nltk\nltk\inference\nonmonotonic.py,316,56
nltk,3.0.2,E:\my code\pysmell\subject_raw\nltk\nltk\nltk\parse\chart.py,1573,79
nltk,3.0.2,E:\my code\pysmell\subject_raw\nltk\nltk\nltk\parse\nonprojectivedependencyparser.py,437,80
nltk,3.0.2,E:\my code\pysmell\subject_raw\nltk\nltk\nltk\parse\nonprojectivedependencyparser.py,606,83
nltk,3.0.2,E:\my code\pysmell\subject_raw\nltk\nltk\nltk\parse\pchart.py,392,71
nltk,3.0.2,E:\my code\pysmell\subject_raw\nltk\nltk\nltk\parse\transitionparser.py,74,82
nltk,3.0.2,E:\my code\pysmell\subject_raw\nltk\nltk\nltk\sem\boxer.py,632,147
nltk,3.0.2,E:\my code\pysmell\subject_raw\nltk\nltk\nltk\sem\glue.py,124,71
nltk,3.0.2,E:\my code\pysmell\subject_raw\nltk\nltk\nltk\sem\skolemize.py,14,64
nltk,3.0.2,E:\my code\pysmell\subject_raw\nltk\nltk\nltk\stem\isri.py,53,77
nltk,3.0.2,E:\my code\pysmell\subject_raw\nltk\nltk\nltk\stem\porter.py,343,69
nltk,3.0.2,E:\my code\pysmell\subject_raw\nltk\nltk\nltk\stem\porter.py,470,66
nltk,3.0.2,E:\my code\pysmell\subject_raw\nltk\nltk\nltk\stem\snowball.py,424,103
nltk,3.0.2,E:\my code\pysmell\subject_raw\nltk\nltk\nltk\stem\snowball.py,672,252
nltk,3.0.2,E:\my code\pysmell\subject_raw\nltk\nltk\nltk\stem\snowball.py,1100,160
nltk,3.0.2,E:\my code\pysmell\subject_raw\nltk\nltk\nltk\stem\snowball.py,1366,187
nltk,3.0.2,E:\my code\pysmell\subject_raw\nltk\nltk\nltk\stem\snowball.py,1702,71
nltk,3.0.2,E:\my code\pysmell\subject_raw\nltk\nltk\nltk\stem\snowball.py,1897,100
nltk,3.0.2,E:\my code\pysmell\subject_raw\nltk\nltk\nltk\stem\snowball.py,2149,120
nltk,3.0.2,E:\my code\pysmell\subject_raw\nltk\nltk\nltk\stem\snowball.py,2473,98
nltk,3.0.2,E:\my code\pysmell\subject_raw\nltk\nltk\nltk\stem\snowball.py,2703,117
nltk,3.0.2,E:\my code\pysmell\subject_raw\nltk\nltk\nltk\stem\snowball.py,2995,136
nltk,3.0.2,E:\my code\pysmell\subject_raw\nltk\nltk\nltk\stem\snowball.py,3387,111
nltk,3.0.2,E:\my code\pysmell\subject_raw\nltk\nltk\nltk\tag\hmm.py,901,62
nltk,3.0.2,E:\my code\pysmell\subject_raw\nltk\nltk\nltk\tbl\demo.py,123,64
nltk,3.0.2,E:\my code\pysmell\subject_raw\nltk\nltk\nltk\test\unit\test_tgrep.py,45,74
matplotlib,v1.4.3,E:\my code\pysmell\subject_raw\matplotlib\matplotlib\boilerplate.py,90,155
matplotlib,v1.4.3,E:\my code\pysmell\subject_raw\matplotlib\matplotlib\doc\sphinxext\gen_gallery.py,63,63
matplotlib,v1.4.3,E:\my code\pysmell\subject_raw\matplotlib\matplotlib\doc\sphinxext\gen_rst.py,29,72
matplotlib,v1.4.3,E:\my code\pysmell\subject_raw\matplotlib\matplotlib\doc\users\plotting\colormaps\colorconv.py,443,90
matplotlib,v1.4.3,E:\my code\pysmell\subject_raw\matplotlib\matplotlib\examples\pylab_examples\arrow_demo.py,27,89
matplotlib,v1.4.3,E:\my code\pysmell\subject_raw\matplotlib\matplotlib\examples\tests\backend_driver.py,366,57
matplotlib,v1.4.3,E:\my code\pysmell\subject_raw\matplotlib\matplotlib\lib\matplotlib\axis.py,941,60
matplotlib,v1.4.3,E:\my code\pysmell\subject_raw\matplotlib\matplotlib\lib\matplotlib\backend_bases.py,411,58
matplotlib,v1.4.3,E:\my code\pysmell\subject_raw\matplotlib\matplotlib\lib\matplotlib\backend_bases.py,2071,72
matplotlib,v1.4.3,E:\my code\pysmell\subject_raw\matplotlib\matplotlib\lib\matplotlib\backend_bases.py,2444,65
matplotlib,v1.4.3,E:\my code\pysmell\subject_raw\matplotlib\matplotlib\lib\matplotlib\backend_bases.py,3015,96
matplotlib,v1.4.3,E:\my code\pysmell\subject_raw\matplotlib\matplotlib\lib\matplotlib\backend_tools.py,743,92
matplotlib,v1.4.3,E:\my code\pysmell\subject_raw\matplotlib\matplotlib\lib\matplotlib\cbook.py,1941,60
matplotlib,v1.4.3,E:\my code\pysmell\subject_raw\matplotlib\matplotlib\lib\matplotlib\colorbar.py,603,62
matplotlib,v1.4.3,E:\my code\pysmell\subject_raw\matplotlib\matplotlib\lib\matplotlib\colorbar.py,1016,62
matplotlib,v1.4.3,E:\my code\pysmell\subject_raw\matplotlib\matplotlib\lib\matplotlib\contour.py,60,61
matplotlib,v1.4.3,E:\my code\pysmell\subject_raw\matplotlib\matplotlib\lib\matplotlib\contour.py,778,103
matplotlib,v1.4.3,E:\my code\pysmell\subject_raw\matplotlib\matplotlib\lib\matplotlib\dviread.py,175,65
matplotlib,v1.4.3,E:\my code\pysmell\subject_raw\matplotlib\matplotlib\lib\matplotlib\font_manager.py,1216,59
matplotlib,v1.4.3,E:\my code\pysmell\subject_raw\matplotlib\matplotlib\lib\matplotlib\image.py,149,60
matplotlib,v1.4.3,E:\my code\pysmell\subject_raw\matplotlib\matplotlib\lib\matplotlib\legend.py,149,94
matplotlib,v1.4.3,E:\my code\pysmell\subject_raw\matplotlib\matplotlib\lib\matplotlib\legend.py,582,56
matplotlib,v1.4.3,E:\my code\pysmell\subject_raw\matplotlib\matplotlib\lib\matplotlib\legend_handler.py,410,59
matplotlib,v1.4.3,E:\my code\pysmell\subject_raw\matplotlib\matplotlib\lib\matplotlib\lines.py,76,58
matplotlib,v1.4.3,E:\my code\pysmell\subject_raw\matplotlib\matplotlib\lib\matplotlib\lines.py,249,72
matplotlib,v1.4.3,E:\my code\pysmell\subject_raw\matplotlib\matplotlib\lib\matplotlib\lines.py,687,92
matplotlib,v1.4.3,E:\my code\pysmell\subject_raw\matplotlib\matplotlib\lib\matplotlib\mathtext.py,2121,152
matplotlib,v1.4.3,E:\my code\pysmell\subject_raw\matplotlib\matplotlib\lib\matplotlib\mathtext.py,2626,113
matplotlib,v1.4.3,E:\my code\pysmell\subject_raw\matplotlib\matplotlib\lib\matplotlib\mlab.py,654,92
matplotlib,v1.4.3,E:\my code\pysmell\subject_raw\matplotlib\matplotlib\lib\matplotlib\mlab.py,1387,59
matplotlib,v1.4.3,E:\my code\pysmell\subject_raw\matplotlib\matplotlib\lib\matplotlib\mlab.py,2497,62
matplotlib,v1.4.3,E:\my code\pysmell\subject_raw\matplotlib\matplotlib\lib\matplotlib\mlab.py,2697,90
matplotlib,v1.4.3,E:\my code\pysmell\subject_raw\matplotlib\matplotlib\lib\matplotlib\patches.py,2270,57
matplotlib,v1.4.3,E:\my code\pysmell\subject_raw\matplotlib\matplotlib\lib\matplotlib\patches.py,4377,74
matplotlib,v1.4.3,E:\my code\pysmell\subject_raw\matplotlib\matplotlib\lib\matplotlib\pyplot.py,1017,62
matplotlib,v1.4.3,E:\my code\pysmell\subject_raw\matplotlib\matplotlib\lib\matplotlib\sankey.py,382,273
matplotlib,v1.4.3,E:\my code\pysmell\subject_raw\matplotlib\matplotlib\lib\matplotlib\spines.py,285,58
matplotlib,v1.4.3,E:\my code\pysmell\subject_raw\matplotlib\matplotlib\lib\matplotlib\streamplot.py,22,85
matplotlib,v1.4.3,E:\my code\pysmell\subject_raw\matplotlib\matplotlib\lib\matplotlib\text.py,319,93
matplotlib,v1.4.3,E:\my code\pysmell\subject_raw\matplotlib\matplotlib\lib\matplotlib\text.py,1703,70
matplotlib,v1.4.3,E:\my code\pysmell\subject_raw\matplotlib\matplotlib\lib\matplotlib\text.py,2099,63
matplotlib,v1.4.3,E:\my code\pysmell\subject_raw\matplotlib\matplotlib\lib\matplotlib\textpath.py,291,72
matplotlib,v1.4.3,E:\my code\pysmell\subject_raw\matplotlib\matplotlib\lib\matplotlib\tight_layout.py,37,89
matplotlib,v1.4.3,E:\my code\pysmell\subject_raw\matplotlib\matplotlib\lib\matplotlib\axes\_axes.py,1062,83
matplotlib,v1.4.3,E:\my code\pysmell\subject_raw\matplotlib\matplotlib\lib\matplotlib\axes\_axes.py,1813,162
matplotlib,v1.4.3,E:\my code\pysmell\subject_raw\matplotlib\matplotlib\lib\matplotlib\axes\_axes.py,2368,79
matplotlib,v1.4.3,E:\my code\pysmell\subject_raw\matplotlib\matplotlib\lib\matplotlib\axes\_axes.py,2587,165
matplotlib,v1.4.3,E:\my code\pysmell\subject_raw\matplotlib\matplotlib\lib\matplotlib\axes\_axes.py,3183,121
matplotlib,v1.4.3,E:\my code\pysmell\subject_raw\matplotlib\matplotlib\lib\matplotlib\axes\_axes.py,3567,75
matplotlib,v1.4.3,E:\my code\pysmell\subject_raw\matplotlib\matplotlib\lib\matplotlib\axes\_axes.py,3774,226
matplotlib,v1.4.3,E:\my code\pysmell\subject_raw\matplotlib\matplotlib\lib\matplotlib\axes\_axes.py,4828,91
matplotlib,v1.4.3,E:\my code\pysmell\subject_raw\matplotlib\matplotlib\lib\matplotlib\axes\_axes.py,5252,70
matplotlib,v1.4.3,E:\my code\pysmell\subject_raw\matplotlib\matplotlib\lib\matplotlib\axes\_axes.py,5486,229
matplotlib,v1.4.3,E:\my code\pysmell\subject_raw\matplotlib\matplotlib\lib\matplotlib\axes\_base.py,825,93
matplotlib,v1.4.3,E:\my code\pysmell\subject_raw\matplotlib\matplotlib\lib\matplotlib\axes\_base.py,1166,97
matplotlib,v1.4.3,E:\my code\pysmell\subject_raw\matplotlib\matplotlib\lib\matplotlib\axes\_base.py,1999,77
matplotlib,v1.4.3,E:\my code\pysmell\subject_raw\matplotlib\matplotlib\lib\matplotlib\backends\backend_pdf.py,422,63
matplotlib,v1.4.3,E:\my code\pysmell\subject_raw\matplotlib\matplotlib\lib\matplotlib\backends\backend_pdf.py,842,71
matplotlib,v1.4.3,E:\my code\pysmell\subject_raw\matplotlib\matplotlib\lib\matplotlib\backends\backend_pdf.py,956,94
matplotlib,v1.4.3,E:\my code\pysmell\subject_raw\matplotlib\matplotlib\lib\matplotlib\backends\backend_pdf.py,1817,57
matplotlib,v1.4.3,E:\my code\pysmell\subject_raw\matplotlib\matplotlib\lib\matplotlib\backends\backend_ps.py,700,72
matplotlib,v1.4.3,E:\my code\pysmell\subject_raw\matplotlib\matplotlib\lib\matplotlib\backends\backend_ps.py,1025,84
matplotlib,v1.4.3,E:\my code\pysmell\subject_raw\matplotlib\matplotlib\lib\matplotlib\backends\backend_ps.py,1245,104
matplotlib,v1.4.3,E:\my code\pysmell\subject_raw\matplotlib\matplotlib\lib\matplotlib\backends\backend_ps.py,1404,58
matplotlib,v1.4.3,E:\my code\pysmell\subject_raw\matplotlib\matplotlib\lib\matplotlib\backends\backend_svg.py,798,60
matplotlib,v1.4.3,E:\my code\pysmell\subject_raw\matplotlib\matplotlib\lib\matplotlib\backends\backend_svg.py,886,73
matplotlib,v1.4.3,E:\my code\pysmell\subject_raw\matplotlib\matplotlib\lib\matplotlib\backends\backend_svg.py,1009,95
matplotlib,v1.4.3,E:\my code\pysmell\subject_raw\matplotlib\matplotlib\lib\matplotlib\backends\qt_editor\formlayout.py,251,60
matplotlib,v1.4.3,E:\my code\pysmell\subject_raw\matplotlib\matplotlib\lib\matplotlib\backends\qt_editor\formsubplottool.py,15,176
matplotlib,v1.4.3,E:\my code\pysmell\subject_raw\matplotlib\matplotlib\lib\matplotlib\sphinxext\plot_directive.py,529,80
matplotlib,v1.4.3,E:\my code\pysmell\subject_raw\matplotlib\matplotlib\lib\matplotlib\sphinxext\plot_directive.py,653,116
matplotlib,v1.4.3,E:\my code\pysmell\subject_raw\matplotlib\matplotlib\lib\matplotlib\tests\test_coding_standards.py,158,90
matplotlib,v1.4.3,E:\my code\pysmell\subject_raw\matplotlib\matplotlib\lib\matplotlib\tests\test_mlab.py,1255,84
matplotlib,v1.4.3,E:\my code\pysmell\subject_raw\matplotlib\matplotlib\lib\matplotlib\tests\test_triangulation.py,196,69
matplotlib,v1.4.3,E:\my code\pysmell\subject_raw\matplotlib\matplotlib\lib\matplotlib\tests\test_triangulation.py,289,73
matplotlib,v1.4.3,E:\my code\pysmell\subject_raw\matplotlib\matplotlib\lib\matplotlib\tests\test_triangulation.py,637,60
matplotlib,v1.4.3,E:\my code\pysmell\subject_raw\matplotlib\matplotlib\lib\matplotlib\tri\tripcolor.py,12,69
matplotlib,v1.4.3,E:\my code\pysmell\subject_raw\matplotlib\matplotlib\lib\matplotlib\tri\trirefine.py,192,73
matplotlib,v1.4.3,E:\my code\pysmell\subject_raw\matplotlib\matplotlib\lib\mpl_toolkits\axes_grid1\axes_grid.py,181,66
matplotlib,v1.4.3,E:\my code\pysmell\subject_raw\matplotlib\matplotlib\lib\mpl_toolkits\axes_grid1\axes_grid.py,475,88
matplotlib,v1.4.3,E:\my code\pysmell\subject_raw\matplotlib\matplotlib\lib\mpl_toolkits\axes_grid1\axes_grid.py,657,117
matplotlib,v1.4.3,E:\my code\pysmell\subject_raw\matplotlib\matplotlib\lib\mpl_toolkits\mplot3d\axes3d.py,465,58
matplotlib,v1.4.3,E:\my code\pysmell\subject_raw\matplotlib\matplotlib\lib\mpl_toolkits\mplot3d\axes3d.py,1535,73
matplotlib,v1.4.3,E:\my code\pysmell\subject_raw\matplotlib\matplotlib\lib\mpl_toolkits\mplot3d\axes3d.py,2317,59
matplotlib,v1.4.3,E:\my code\pysmell\subject_raw\matplotlib\matplotlib\lib\mpl_toolkits\mplot3d\axis3d.py,208,129
matplotlib,v1.4.3,E:\my code\pysmell\subject_raw\matplotlib\matplotlib\unit\virtualenv.py,500,72
matplotlib,v1.4.3,E:\my code\pysmell\subject_raw\matplotlib\matplotlib\unit\virtualenv.py,817,83
matplotlib,v1.4.3,E:\my code\pysmell\subject_raw\matplotlib\matplotlib\unit\virtualenv.py,1006,69
matplotlib,v1.4.3,E:\my code\pysmell\subject_raw\matplotlib\matplotlib\unit\virtualenv.py,1261,241
django,1.8.2,E:\my code\pysmell\subject_raw\django\django\django\contrib\admin\options.py,1317,61
django,1.8.2,E:\my code\pysmell\subject_raw\django\django\django\contrib\admin\options.py,1421,92
django,1.8.2,E:\my code\pysmell\subject_raw\django\django\django\contrib\admin\templatetags\admin_list.py,182,66
django,1.8.2,E:\my code\pysmell\subject_raw\django\django\django\contrib\admin\templatetags\admin_list.py,323,56
django,1.8.2,E:\my code\pysmell\subject_raw\django\django\django\contrib\admindocs\views.py,180,80
django,1.8.2,E:\my code\pysmell\subject_raw\django\django\django\contrib\auth\management\commands\createsuperuser.py,52,78
django,1.8.2,E:\my code\pysmell\subject_raw\django\django\django\contrib\gis\db\models\query.py,581,80
django,1.8.2,E:\my code\pysmell\subject_raw\django\django\django\contrib\gis\utils\ogrinspect.py,123,59
django,1.8.2,E:\my code\pysmell\subject_raw\django\django\django\core\handlers\base.py,106,85
django,1.8.2,E:\my code\pysmell\subject_raw\django\django\django\core\management\templates.py,62,84
django,1.8.2,E:\my code\pysmell\subject_raw\django\django\django\core\management\commands\dumpdata.py,42,80
django,1.8.2,E:\my code\pysmell\subject_raw\django\django\django\core\management\commands\inspectdb.py,30,86
django,1.8.2,E:\my code\pysmell\subject_raw\django\django\django\core\management\commands\makemessages.py,76,82
django,1.8.2,E:\my code\pysmell\subject_raw\django\django\django\core\management\commands\makemessages.py,237,70
django,1.8.2,E:\my code\pysmell\subject_raw\django\django\django\core\management\commands\makemigrations.py,39,61
django,1.8.2,E:\my code\pysmell\subject_raw\django\django\django\core\management\commands\migrate.py,50,91
django,1.8.2,E:\my code\pysmell\subject_raw\django\django\django\core\management\commands\squashmigrations.py,25,89
django,1.8.2,E:\my code\pysmell\subject_raw\django\django\django\db\backends\base\schema.py,484,177
django,1.8.2,E:\my code\pysmell\subject_raw\django\django\django\db\backends\oracle\creation.py,15,70
django,1.8.2,E:\my code\pysmell\subject_raw\django\django\django\db\backends\sqlite3\schema.py,68,68
django,1.8.2,E:\my code\pysmell\subject_raw\django\django\django\db\migrations\autodetector.py,100,137
django,1.8.2,E:\my code\pysmell\subject_raw\django\django\django\db\migrations\autodetector.py,453,78
django,1.8.2,E:\my code\pysmell\subject_raw\django\django\django\db\migrations\loader.py,171,70
django,1.8.2,E:\my code\pysmell\subject_raw\django\django\django\db\migrations\optimizer.py,18,57
django,1.8.2,E:\my code\pysmell\subject_raw\django\django\django\db\migrations\state.py,348,76
django,1.8.2,E:\my code\pysmell\subject_raw\django\django\django\db\migrations\writer.py,318,132
django,1.8.2,E:\my code\pysmell\subject_raw\django\django\django\db\models\base.py,71,130
django,1.8.2,E:\my code\pysmell\subject_raw\django\django\django\db\models\query.py,1350,61
django,1.8.2,E:\my code\pysmell\subject_raw\django\django\django\db\models\fields\related.py,2266,85
django,1.8.2,E:\my code\pysmell\subject_raw\django\django\django\db\models\sql\compiler.py,231,61
django,1.8.2,E:\my code\pysmell\subject_raw\django\django\django\db\models\sql\compiler.py,371,72
django,1.8.2,E:\my code\pysmell\subject_raw\django\django\django\db\models\sql\compiler.py,635,85
django,1.8.2,E:\my code\pysmell\subject_raw\django\django\django\db\models\sql\query.py,263,56
django,1.8.2,E:\my code\pysmell\subject_raw\django\django\django\http\multipartparser.py,107,99
django,1.8.2,E:\my code\pysmell\subject_raw\django\django\django\templatetags\i18n.py,398,60
django,1.8.2,E:\my code\pysmell\subject_raw\django\django\django\utils\regex_helper.py,50,80
django,1.8.2,E:\my code\pysmell\subject_raw\django\django\django\utils\translation\trans_real.py,540,149
django,1.8.2,E:\my code\pysmell\subject_raw\django\django\django\views\i18n.py,198,67
django,1.8.2,E:\my code\pysmell\subject_raw\django\django\tests\runtests.py,96,78
django,1.8.2,E:\my code\pysmell\subject_raw\django\django\tests\admin_filters\tests.py,254,64
django,1.8.2,E:\my code\pysmell\subject_raw\django\django\tests\admin_filters\tests.py,637,56
django,1.8.2,E:\my code\pysmell\subject_raw\django\django\tests\admin_views\tests.py,73,65
django,1.8.2,E:\my code\pysmell\subject_raw\django\django\tests\admin_views\tests.py,1619,66
django,1.8.2,E:\my code\pysmell\subject_raw\django\django\tests\admin_views\tests.py,3942,81
django,1.8.2,E:\my code\pysmell\subject_raw\django\django\tests\admin_widgets\tests.py,879,76
django,1.8.2,E:\my code\pysmell\subject_raw\django\django\tests\admin_widgets\tests.py,1003,63
django,1.8.2,E:\my code\pysmell\subject_raw\django\django\tests\aggregation\tests.py,283,73
django,1.8.2,E:\my code\pysmell\subject_raw\django\django\tests\aggregation\tests.py,465,58
django,1.8.2,E:\my code\pysmell\subject_raw\django\django\tests\aggregation_regress\tests.py,204,68
django,1.8.2,E:\my code\pysmell\subject_raw\django\django\tests\aggregation_regress\tests.py,642,85
django,1.8.2,E:\my code\pysmell\subject_raw\django\django\tests\fixtures\tests.py,77,56
django,1.8.2,E:\my code\pysmell\subject_raw\django\django\tests\forms_tests\tests\test_forms.py,1565,68
django,1.8.2,E:\my code\pysmell\subject_raw\django\django\tests\i18n\tests.py,224,82
django,1.8.2,E:\my code\pysmell\subject_raw\django\django\tests\i18n\tests.py,591,134
django,1.8.2,E:\my code\pysmell\subject_raw\django\django\tests\lookup\tests.py,127,102
django,1.8.2,E:\my code\pysmell\subject_raw\django\django\tests\lookup\tests.py,485,91
django,1.8.2,E:\my code\pysmell\subject_raw\django\django\tests\many_to_one\tests.py,187,77
django,1.8.2,E:\my code\pysmell\subject_raw\django\django\tests\migrations\test_state.py,24,59
django,1.8.2,E:\my code\pysmell\subject_raw\django\django\tests\model_forms\tests.py,1983,80
django,1.8.2,E:\my code\pysmell\subject_raw\django\django\tests\model_formsets\tests.py,148,102
django,1.8.2,E:\my code\pysmell\subject_raw\django\django\tests\model_formsets\tests.py,732,67
django,1.8.2,E:\my code\pysmell\subject_raw\django\django\tests\model_formsets\tests.py,860,98
django,1.8.2,E:\my code\pysmell\subject_raw\django\django\tests\model_formsets\tests.py,1264,106
django,1.8.2,E:\my code\pysmell\subject_raw\django\django\tests\model_formsets_regress\tests.py,20,56
django,1.8.2,E:\my code\pysmell\subject_raw\django\django\tests\model_inheritance_regress\tests.py,24,62
django,1.8.2,E:\my code\pysmell\subject_raw\django\django\tests\multiple_database\tests.py,1046,70
django,1.8.2,E:\my code\pysmell\subject_raw\django\django\tests\multiple_database\tests.py,1176,63
django,1.8.2,E:\my code\pysmell\subject_raw\django\django\tests\prefetch_related\tests.py,526,83
django,1.8.2,E:\my code\pysmell\subject_raw\django\django\tests\test_client_regress\tests.py,59,79
