subject,tag,file,lineno,NOC,PAR,NOO,experience-based,statistics-based,manual analysis
tornado,v4.2.0,E:\my code\pysmell\subject_raw\tornado\tornado\tornado\escape.py,68,46,1,6,0,0,0
tornado,v4.2.0,E:\my code\pysmell\subject_raw\tornado\tornado\tornado\ioloop.py,686,37,2,4,0,0,0
tornado,v4.2.0,E:\my code\pysmell\subject_raw\tornado\tornado\tornado\process.py,311,62,2,5,0,0,0
tornado,v4.2.0,E:\my code\pysmell\subject_raw\tornado\tornado\tornado\web.py,1356,40,1,10,0,0,0
tornado,v4.2.0,E:\my code\pysmell\subject_raw\tornado\tornado\tornado\wsgi.py,187,59,1,6,0,0,0
tornado,v4.2.0,E:\my code\pysmell\subject_raw\tornado\tornado\tornado\test\escape_test.py,126,116,1,7,1,0,0
tornado,v4.2.0,E:\my code\pysmell\subject_raw\tornado\tornado\tornado\test\ioloop_test.py,210,43,0,6,0,0,0
tornado,v4.2.0,E:\my code\pysmell\subject_raw\tornado\tornado\tornado\test\process_test.py,152,42,0,7,0,0,0
tornado,v4.2.0,E:\my code\pysmell\subject_raw\tornado\tornado\tornado\test\process_test.py,173,42,0,7,0,0,0
tornado,v4.2.0,E:\my code\pysmell\subject_raw\tornado\tornado\tornado\test\process_test.py,186,42,0,7,0,0,0
tornado,v4.2.0,E:\my code\pysmell\subject_raw\tornado\tornado\tornado\test\resolve_test_helper.py,12,42,0,7,0,0,0
tornado,v4.2.0,E:\my code\pysmell\subject_raw\tornado\tornado\tornado\test\runtests.py,126,68,1,7,1,0,0
tornado,v4.2.0,E:\my code\pysmell\subject_raw\tornado\tornado\tornado\test\runtests.py,137,75,1,14,1,0,1
tornado,v4.2.0,E:\my code\pysmell\subject_raw\tornado\tornado\tornado\test\runtests.py,140,41,1,6,0,0,0
tornado,v4.2.0,E:\my code\pysmell\subject_raw\tornado\tornado\tornado\test\runtests.py,155,61,0,9,1,0,0
tornado,v4.2.0,E:\my code\pysmell\subject_raw\tornado\tornado\tornado\test\simple_httpclient_test.py,171,47,2,8,0,0,0
tornado,v4.2.0,E:\my code\pysmell\subject_raw\tornado\tornado\tornado\test\simple_httpclient_test.py,178,49,0,12,0,0,0
tornado,v4.2.0,E:\my code\pysmell\subject_raw\tornado\tornado\tornado\test\template_test.py,204,56,1,7,1,0,0
tornado,v4.2.0,E:\my code\pysmell\subject_raw\tornado\tornado\tornado\test\web_test.py,33,51,0,10,1,0,0
scipy,v0.16.0b2,E:\my code\pysmell\subject_raw\scipy\scipy\benchmarks\benchmarks\sparse.py,290,37,0,9,0,0,0
scipy,v0.16.0b2,E:\my code\pysmell\subject_raw\scipy\scipy\scipy\interpolate\fitpack.py,593,52,5,9,1,0,0
scipy,v0.16.0b2,E:\my code\pysmell\subject_raw\scipy\scipy\scipy\interpolate\fitpack.py,667,43,5,8,0,0,0
scipy,v0.16.0b2,E:\my code\pysmell\subject_raw\scipy\scipy\scipy\interpolate\fitpack.py,725,46,4,7,0,0,0
scipy,v0.16.0b2,E:\my code\pysmell\subject_raw\scipy\scipy\scipy\interpolate\fitpack.py,786,37,4,7,0,0,0
scipy,v0.16.0b2,E:\my code\pysmell\subject_raw\scipy\scipy\scipy\interpolate\tests\test_interpnd.py,328,55,2,19,1,0,0
scipy,v0.16.0b2,E:\my code\pysmell\subject_raw\scipy\scipy\scipy\linalg\_decomp_qz.py,39,41,3,12,0,0,0
scipy,v0.16.0b2,E:\my code\pysmell\subject_raw\scipy\scipy\scipy\linalg\_decomp_qz.py,41,42,3,12,0,0,0
scipy,v0.16.0b2,E:\my code\pysmell\subject_raw\scipy\scipy\scipy\linalg\_decomp_qz.py,43,38,3,11,0,0,0
scipy,v0.16.0b2,E:\my code\pysmell\subject_raw\scipy\scipy\scipy\linalg\_decomp_qz.py,45,37,3,11,0,0,0
scipy,v0.16.0b2,E:\my code\pysmell\subject_raw\scipy\scipy\scipy\linalg\tests\test_decomp_cholesky.py,191,40,1,6,0,0,0
scipy,v0.16.0b2,E:\my code\pysmell\subject_raw\scipy\scipy\scipy\optimize\nonlin.py,275,51,1,10,1,0,0
scipy,v0.16.0b2,E:\my code\pysmell\subject_raw\scipy\scipy\scipy\optimize\tests\test_linesearch.py,42,37,1,11,0,0,0
scipy,v0.16.0b2,E:\my code\pysmell\subject_raw\scipy\scipy\scipy\optimize\tests\test_minpack.py,149,64,1,18,1,0,0
scipy,v0.16.0b2,E:\my code\pysmell\subject_raw\scipy\scipy\scipy\optimize\tests\test__spectral.py,43,45,2,10,0,0,0
scipy,v0.16.0b2,E:\my code\pysmell\subject_raw\scipy\scipy\scipy\signal\bsplines.py,67,61,1,10,1,0,0
scipy,v0.16.0b2,E:\my code\pysmell\subject_raw\scipy\scipy\scipy\signal\bsplines.py,72,55,1,10,1,0,0
scipy,v0.16.0b2,E:\my code\pysmell\subject_raw\scipy\scipy\scipy\signal\tests\test_spectral.py,333,45,1,6,0,0,0
scipy,v0.16.0b2,E:\my code\pysmell\subject_raw\scipy\scipy\scipy\signal\tests\test_spectral.py,597,45,1,6,0,0,0
scipy,v0.16.0b2,E:\my code\pysmell\subject_raw\scipy\scipy\scipy\sparse\linalg\eigen\arpack\arpack.py,486,42,1,9,0,0,0
scipy,v0.16.0b2,E:\my code\pysmell\subject_raw\scipy\scipy\scipy\sparse\linalg\eigen\arpack\arpack.py,490,52,1,11,1,0,0
scipy,v0.16.0b2,E:\my code\pysmell\subject_raw\scipy\scipy\scipy\sparse\linalg\eigen\arpack\tests\test_arpack.py,800,37,0,6,0,0,0
scipy,v0.16.0b2,E:\my code\pysmell\subject_raw\scipy\scipy\scipy\sparse\linalg\tests\test_interface.py,32,39,1,11,0,0,0
scipy,v0.16.0b2,E:\my code\pysmell\subject_raw\scipy\scipy\scipy\sparse\linalg\tests\test_interface.py,33,48,1,14,0,0,0
scipy,v0.16.0b2,E:\my code\pysmell\subject_raw\scipy\scipy\scipy\special\orthogonal.py,261,46,1,16,0,0,0
scipy,v0.16.0b2,E:\my code\pysmell\subject_raw\scipy\scipy\scipy\special\orthogonal.py,263,96,1,40,1,1,1
scipy,v0.16.0b2,E:\my code\pysmell\subject_raw\scipy\scipy\scipy\special\orthogonal.py,269,37,2,7,0,0,0
scipy,v0.16.0b2,E:\my code\pysmell\subject_raw\scipy\scipy\scipy\special\orthogonal.py,270,71,2,23,1,0,0
scipy,v0.16.0b2,E:\my code\pysmell\subject_raw\scipy\scipy\scipy\special\orthogonal.py,283,38,1,11,0,0,0
scipy,v0.16.0b2,E:\my code\pysmell\subject_raw\scipy\scipy\scipy\special\orthogonal.py,355,39,1,13,0,0,0
scipy,v0.16.0b2,E:\my code\pysmell\subject_raw\scipy\scipy\scipy\special\orthogonal.py,423,44,2,6,0,0,0
scipy,v0.16.0b2,E:\my code\pysmell\subject_raw\scipy\scipy\scipy\special\orthogonal.py,424,105,2,23,1,1,1
scipy,v0.16.0b2,E:\my code\pysmell\subject_raw\scipy\scipy\scipy\special\orthogonal.py,579,48,2,11,0,0,0
scipy,v0.16.0b2,E:\my code\pysmell\subject_raw\scipy\scipy\scipy\special\orthogonal.py,1028,46,2,9,0,0,0
scipy,v0.16.0b2,E:\my code\pysmell\subject_raw\scipy\scipy\scipy\special\orthogonal.py,1113,70,1,24,1,0,0
scipy,v0.16.0b2,E:\my code\pysmell\subject_raw\scipy\scipy\scipy\special\orthogonal.py,1115,43,2,6,0,0,0
scipy,v0.16.0b2,E:\my code\pysmell\subject_raw\scipy\scipy\scipy\special\orthogonal.py,1133,41,1,7,0,0,0
scipy,v0.16.0b2,E:\my code\pysmell\subject_raw\scipy\scipy\scipy\special\orthogonal.py,1541,40,1,14,0,0,0
scipy,v0.16.0b2,E:\my code\pysmell\subject_raw\scipy\scipy\scipy\special\orthogonal.py,1543,95,2,26,1,1,1
scipy,v0.16.0b2,E:\my code\pysmell\subject_raw\scipy\scipy\scipy\special\_testutils.py,286,51,1,9,1,0,0
scipy,v0.16.0b2,E:\my code\pysmell\subject_raw\scipy\scipy\scipy\special\c_misc\struve_convergence.py,65,60,2,13,1,0,0
scipy,v0.16.0b2,E:\my code\pysmell\subject_raw\scipy\scipy\scipy\special\c_misc\struve_convergence.py,67,60,2,13,1,0,0
scipy,v0.16.0b2,E:\my code\pysmell\subject_raw\scipy\scipy\scipy\special\tests\test_basic.py,1508,38,1,11,0,0,0
scipy,v0.16.0b2,E:\my code\pysmell\subject_raw\scipy\scipy\scipy\special\tests\test_basic.py,1522,56,1,18,1,0,0
scipy,v0.16.0b2,E:\my code\pysmell\subject_raw\scipy\scipy\scipy\special\tests\test_data.py,413,44,1,12,0,0,0
scipy,v0.16.0b2,E:\my code\pysmell\subject_raw\scipy\scipy\scipy\special\tests\test_data.py,414,40,1,10,0,0,0
scipy,v0.16.0b2,E:\my code\pysmell\subject_raw\scipy\scipy\scipy\special\tests\test_mpmath.py,289,50,2,12,1,0,0
scipy,v0.16.0b2,E:\my code\pysmell\subject_raw\scipy\scipy\scipy\special\tests\test_mpmath.py,706,39,1,8,0,0,0
scipy,v0.16.0b2,E:\my code\pysmell\subject_raw\scipy\scipy\scipy\special\tests\test_mpmath.py,712,39,2,6,0,0,0
scipy,v0.16.0b2,E:\my code\pysmell\subject_raw\scipy\scipy\scipy\special\tests\test_mpmath.py,718,39,2,6,0,0,0
scipy,v0.16.0b2,E:\my code\pysmell\subject_raw\scipy\scipy\scipy\special\tests\test_mpmath.py,723,39,2,6,0,0,0
scipy,v0.16.0b2,E:\my code\pysmell\subject_raw\scipy\scipy\scipy\special\tests\test_mpmath.py,729,39,2,6,0,0,0
scipy,v0.16.0b2,E:\my code\pysmell\subject_raw\scipy\scipy\scipy\special\tests\test_mpmath.py,736,39,2,6,0,0,0
scipy,v0.16.0b2,E:\my code\pysmell\subject_raw\scipy\scipy\scipy\special\tests\test_mpmath.py,761,39,2,6,0,0,0
scipy,v0.16.0b2,E:\my code\pysmell\subject_raw\scipy\scipy\scipy\special\tests\test_mpmath.py,766,39,2,6,0,0,0
scipy,v0.16.0b2,E:\my code\pysmell\subject_raw\scipy\scipy\scipy\special\tests\test_mpmath.py,844,52,3,8,1,0,0
scipy,v0.16.0b2,E:\my code\pysmell\subject_raw\scipy\scipy\scipy\special\tests\test_mpmath.py,878,38,2,6,0,0,0
scipy,v0.16.0b2,E:\my code\pysmell\subject_raw\scipy\scipy\scipy\special\tests\test_mpmath.py,884,74,2,11,1,0,0
scipy,v0.16.0b2,E:\my code\pysmell\subject_raw\scipy\scipy\scipy\special\tests\test_mpmath.py,889,38,2,6,0,0,0
scipy,v0.16.0b2,E:\my code\pysmell\subject_raw\scipy\scipy\scipy\special\tests\test_mpmath.py,895,74,2,11,1,0,0
scipy,v0.16.0b2,E:\my code\pysmell\subject_raw\scipy\scipy\scipy\special\tests\test_mpmath.py,1019,39,2,6,0,0,0
scipy,v0.16.0b2,E:\my code\pysmell\subject_raw\scipy\scipy\scipy\special\tests\test_mpmath.py,1026,39,2,6,0,0,0
scipy,v0.16.0b2,E:\my code\pysmell\subject_raw\scipy\scipy\scipy\special\tests\test_mpmath.py,1033,39,2,6,0,0,0
scipy,v0.16.0b2,E:\my code\pysmell\subject_raw\scipy\scipy\scipy\special\tests\test_mpmath.py,1101,50,2,10,1,0,0
scipy,v0.16.0b2,E:\my code\pysmell\subject_raw\scipy\scipy\scipy\special\tests\test_mpmath.py,1158,47,3,9,0,0,0
scipy,v0.16.0b2,E:\my code\pysmell\subject_raw\scipy\scipy\scipy\special\tests\test_mpmath.py,1164,47,3,8,0,0,0
scipy,v0.16.0b2,E:\my code\pysmell\subject_raw\scipy\scipy\scipy\special\tests\test_mpmath.py,1170,39,2,6,0,0,0
scipy,v0.16.0b2,E:\my code\pysmell\subject_raw\scipy\scipy\scipy\special\tests\test_mpmath.py,1176,39,2,6,0,0,0
scipy,v0.16.0b2,E:\my code\pysmell\subject_raw\scipy\scipy\scipy\special\tests\test_mpmath.py,1190,38,2,6,0,0,0
scipy,v0.16.0b2,E:\my code\pysmell\subject_raw\scipy\scipy\scipy\special\tests\test_mpmath.py,1196,38,2,6,0,0,0
scipy,v0.16.0b2,E:\my code\pysmell\subject_raw\scipy\scipy\scipy\special\tests\test_mpmath.py,1202,42,3,7,0,0,0
scipy,v0.16.0b2,E:\my code\pysmell\subject_raw\scipy\scipy\scipy\special\tests\test_mpmath.py,1208,38,3,8,0,0,0
scipy,v0.16.0b2,E:\my code\pysmell\subject_raw\scipy\scipy\scipy\special\tests\test_mpmath.py,1209,42,3,7,0,0,0
scipy,v0.16.0b2,E:\my code\pysmell\subject_raw\scipy\scipy\scipy\special\tests\test_mpmath.py,1221,46,4,8,0,0,0
scipy,v0.16.0b2,E:\my code\pysmell\subject_raw\scipy\scipy\scipy\special\tests\test_mpmath.py,1233,94,3,15,1,1,1
scipy,v0.16.0b2,E:\my code\pysmell\subject_raw\scipy\scipy\scipy\special\tests\test_mpmath.py,1240,46,4,8,0,0,0
scipy,v0.16.0b2,E:\my code\pysmell\subject_raw\scipy\scipy\scipy\special\tests\test_mpmath.py,1246,47,4,10,0,0,0
scipy,v0.16.0b2,E:\my code\pysmell\subject_raw\scipy\scipy\scipy\special\tests\test_mpmath.py,1247,46,4,8,0,0,0
scipy,v0.16.0b2,E:\my code\pysmell\subject_raw\scipy\scipy\scipy\special\tests\test_mpmath.py,1254,42,3,7,0,0,0
scipy,v0.16.0b2,E:\my code\pysmell\subject_raw\scipy\scipy\scipy\special\tests\test_mpmath.py,1284,46,4,8,0,0,0
scipy,v0.16.0b2,E:\my code\pysmell\subject_raw\scipy\scipy\scipy\special\tests\test_mpmath.py,1286,42,4,9,0,0,0
scipy,v0.16.0b2,E:\my code\pysmell\subject_raw\scipy\scipy\scipy\special\tests\test_mpmath.py,1287,46,4,8,0,0,0
scipy,v0.16.0b2,E:\my code\pysmell\subject_raw\scipy\scipy\scipy\special\tests\test_mpmath.py,1297,42,4,9,0,0,0
scipy,v0.16.0b2,E:\my code\pysmell\subject_raw\scipy\scipy\scipy\special\tests\test_mpmath.py,1298,58,4,9,1,0,0
scipy,v0.16.0b2,E:\my code\pysmell\subject_raw\scipy\scipy\scipy\special\tests\test_mpmath.py,1320,59,2,8,1,0,0
scipy,v0.16.0b2,E:\my code\pysmell\subject_raw\scipy\scipy\scipy\special\tests\test_mpmath.py,1325,59,2,8,1,0,0
scipy,v0.16.0b2,E:\my code\pysmell\subject_raw\scipy\scipy\scipy\special\tests\test_mpmath.py,1341,59,2,8,1,0,0
scipy,v0.16.0b2,E:\my code\pysmell\subject_raw\scipy\scipy\scipy\special\tests\test_mpmath.py,1347,59,2,8,1,0,0
scipy,v0.16.0b2,E:\my code\pysmell\subject_raw\scipy\scipy\scipy\special\tests\test_mpmath.py,1492,72,2,11,1,0,0
scipy,v0.16.0b2,E:\my code\pysmell\subject_raw\scipy\scipy\scipy\special\tests\test_mpmath.py,1500,72,2,11,1,0,0
scipy,v0.16.0b2,E:\my code\pysmell\subject_raw\scipy\scipy\scipy\special\tests\test_orthogonal.py,219,56,2,19,1,0,0
scipy,v0.16.0b2,E:\my code\pysmell\subject_raw\scipy\scipy\scipy\special\tests\test_orthogonal.py,299,45,2,10,0,0,0
scipy,v0.16.0b2,E:\my code\pysmell\subject_raw\scipy\scipy\scipy\special\tests\test_orthogonal.py,300,47,2,10,0,0,0
scipy,v0.16.0b2,E:\my code\pysmell\subject_raw\scipy\scipy\scipy\special\tests\test_orthogonal.py,301,43,2,13,0,0,0
scipy,v0.16.0b2,E:\my code\pysmell\subject_raw\scipy\scipy\scipy\special\tests\test_orthogonal.py,364,46,2,10,0,0,0
scipy,v0.16.0b2,E:\my code\pysmell\subject_raw\scipy\scipy\scipy\special\tests\test_orthogonal.py,365,50,2,10,1,0,0
scipy,v0.16.0b2,E:\my code\pysmell\subject_raw\scipy\scipy\scipy\special\tests\test_orthogonal.py,365,38,2,7,0,0,0
scipy,v0.16.0b2,E:\my code\pysmell\subject_raw\scipy\scipy\scipy\special\tests\test_orthogonal.py,366,51,2,15,1,0,0
scipy,v0.16.0b2,E:\my code\pysmell\subject_raw\scipy\scipy\scipy\special\tests\test_orthogonal.py,366,39,1,13,0,0,0
scipy,v0.16.0b2,E:\my code\pysmell\subject_raw\scipy\scipy\scipy\special\tests\test_orthogonal.py,493,42,1,9,0,0,0
scipy,v0.16.0b2,E:\my code\pysmell\subject_raw\scipy\scipy\scipy\special\tests\test_orthogonal.py,494,47,1,9,0,0,0
scipy,v0.16.0b2,E:\my code\pysmell\subject_raw\scipy\scipy\scipy\special\tests\test_orthogonal.py,494,37,2,6,0,0,0
scipy,v0.16.0b2,E:\my code\pysmell\subject_raw\scipy\scipy\scipy\special\tests\test_orthogonal.py,495,39,1,11,0,0,0
scipy,v0.16.0b2,E:\my code\pysmell\subject_raw\scipy\scipy\scipy\special\tests\test_orthogonal.py,699,42,1,9,0,0,0
scipy,v0.16.0b2,E:\my code\pysmell\subject_raw\scipy\scipy\scipy\special\tests\test_orthogonal.py,700,48,1,9,0,0,0
scipy,v0.16.0b2,E:\my code\pysmell\subject_raw\scipy\scipy\scipy\special\tests\test_orthogonal.py,700,38,2,6,0,0,0
scipy,v0.16.0b2,E:\my code\pysmell\subject_raw\scipy\scipy\scipy\special\tests\test_orthogonal.py,701,39,1,11,0,0,0
scipy,v0.16.0b2,E:\my code\pysmell\subject_raw\scipy\scipy\scipy\stats\_continuous_distns.py,1347,69,4,17,1,0,0
scipy,v0.16.0b2,E:\my code\pysmell\subject_raw\scipy\scipy\scipy\stats\_continuous_distns.py,1353,74,4,17,1,0,0
scipy,v0.16.0b2,E:\my code\pysmell\subject_raw\scipy\scipy\scipy\stats\_continuous_distns.py,1360,44,3,9,0,0,0
scipy,v0.16.0b2,E:\my code\pysmell\subject_raw\scipy\scipy\scipy\stats\_continuous_distns.py,1614,47,2,12,0,0,0
scipy,v0.16.0b2,E:\my code\pysmell\subject_raw\scipy\scipy\scipy\stats\_continuous_distns.py,1930,39,1,10,0,0,0
scipy,v0.16.0b2,E:\my code\pysmell\subject_raw\scipy\scipy\scipy\stats\_continuous_distns.py,2478,40,1,12,0,0,0
scipy,v0.16.0b2,E:\my code\pysmell\subject_raw\scipy\scipy\scipy\stats\_continuous_distns.py,2482,48,1,15,0,0,0
scipy,v0.16.0b2,E:\my code\pysmell\subject_raw\scipy\scipy\scipy\stats\_discrete_distns.py,677,51,2,13,1,0,0
scipy,v0.16.0b2,E:\my code\pysmell\subject_raw\scipy\scipy\scipy\stats\_discrete_distns.py,707,42,2,14,0,0,0
scipy,v0.16.0b2,E:\my code\pysmell\subject_raw\scipy\scipy\scipy\stats\_discrete_distns.py,708,37,2,13,0,0,0
scipy,v0.16.0b2,E:\my code\pysmell\subject_raw\scipy\scipy\scipy\weave\bytecodecompiler.py,1367,60,3,10,1,0,0
ansible,v1.9.2-0.1.rc1,E:\my code\pysmell\subject_raw\ansible\ansible\lib\ansible\module_utils\basic.py,788,54,2,7,1,0,0
ansible,v1.9.2-0.1.rc1,E:\my code\pysmell\subject_raw\ansible\ansible\lib\ansible\utils\vault.py,501,46,2,8,0,0,0
ansible,v1.9.2-0.1.rc1,E:\my code\pysmell\subject_raw\ansible\ansible\plugins\inventory\vagrant.py,118,37,1,6,0,0,0
ansible,v1.9.2-0.1.rc1,E:\my code\pysmell\subject_raw\ansible\ansible\v2\ansible\module_utils\basic.py,771,54,2,7,1,0,0
ansible,v1.9.2-0.1.rc1,E:\my code\pysmell\subject_raw\ansible\ansible\v2\ansible\parsing\vault\__init__.py,489,46,2,8,0,0,0
boto,2.38.0,E:\my code\pysmell\subject_raw\boto\boto\boto\ec2\connection.py,2644,40,2,6,0,0,0
boto,2.38.0,E:\my code\pysmell\subject_raw\boto\boto\boto\ec2\cloudwatch\__init__.py,139,41,1,9,0,0,0
boto,2.38.0,E:\my code\pysmell\subject_raw\boto\boto\boto\fps\connection.py,62,43,1,11,0,0,0
boto,2.38.0,E:\my code\pysmell\subject_raw\boto\boto\boto\fps\connection.py,214,37,1,9,0,0,0
boto,2.38.0,E:\my code\pysmell\subject_raw\boto\boto\boto\fps\connection.py,215,41,1,7,0,0,0
boto,2.38.0,E:\my code\pysmell\subject_raw\boto\boto\boto\fps\connection.py,218,42,1,13,0,0,0
boto,2.38.0,E:\my code\pysmell\subject_raw\boto\boto\boto\fps\response.py,52,39,1,7,0,0,0
boto,2.38.0,E:\my code\pysmell\subject_raw\boto\boto\boto\mturk\connection.py,706,139,1,6,0,0,0
boto,2.38.0,E:\my code\pysmell\subject_raw\boto\boto\boto\mws\connection.py,57,52,1,10,1,0,0
boto,2.38.0,E:\my code\pysmell\subject_raw\boto\boto\boto\mws\connection.py,152,41,1,8,0,0,0
boto,2.38.0,E:\my code\pysmell\subject_raw\boto\boto\boto\mws\connection.py,171,41,1,8,0,0,0
boto,2.38.0,E:\my code\pysmell\subject_raw\boto\boto\boto\mws\connection.py,190,41,1,8,0,0,0
boto,2.38.0,E:\my code\pysmell\subject_raw\boto\boto\boto\mws\response.py,204,46,1,6,0,0,0
boto,2.38.0,E:\my code\pysmell\subject_raw\boto\boto\boto\mws\response.py,214,39,1,7,0,0,0
boto,2.38.0,E:\my code\pysmell\subject_raw\boto\boto\tests\integration\route53\test_health_check.py,137,66,0,6,0,0,0
boto,2.38.0,E:\my code\pysmell\subject_raw\boto\boto\tests\integration\route53\test_health_check.py,144,67,0,6,0,0,0
boto,2.38.0,E:\my code\pysmell\subject_raw\boto\boto\tests\integration\route53\test_health_check.py,145,68,0,6,0,0,0
boto,2.38.0,E:\my code\pysmell\subject_raw\boto\boto\tests\integration\route53\test_zone.py,156,57,0,8,1,0,0
boto,2.38.0,E:\my code\pysmell\subject_raw\boto\boto\tests\unit\mws\test_response.py,39,57,1,14,1,0,0
boto,2.38.0,E:\my code\pysmell\subject_raw\boto\boto\tests\unit\mws\test_response.py,196,45,1,9,0,0,0
ipython,rel-3.1.0,E:\my code\pysmell\subject_raw\ipython\ipython\IPython\core\debugger.py,230,62,2,7,1,0,0
ipython,rel-3.1.0,E:\my code\pysmell\subject_raw\ipython\ipython\IPython\core\formatters.py,672,49,3,7,0,0,0
ipython,rel-3.1.0,E:\my code\pysmell\subject_raw\ipython\ipython\IPython\core\interactiveshell.py,644,41,1,6,0,0,0
ipython,rel-3.1.0,E:\my code\pysmell\subject_raw\ipython\ipython\IPython\core\prompts.py,116,45,1,12,0,0,0
ipython,rel-3.1.0,E:\my code\pysmell\subject_raw\ipython\ipython\IPython\core\prompts.py,245,45,0,9,0,0,0
ipython,rel-3.1.0,E:\my code\pysmell\subject_raw\ipython\ipython\IPython\core\prompts.py,246,43,0,7,0,0,0
ipython,rel-3.1.0,E:\my code\pysmell\subject_raw\ipython\ipython\IPython\core\shellapp.py,40,51,0,6,0,0,0
ipython,rel-3.1.0,E:\my code\pysmell\subject_raw\ipython\ipython\IPython\core\shellapp.py,219,66,1,6,0,0,0
ipython,rel-3.1.0,E:\my code\pysmell\subject_raw\ipython\ipython\IPython\core\magics\osm.py,172,62,1,12,1,0,0
ipython,rel-3.1.0,E:\my code\pysmell\subject_raw\ipython\ipython\IPython\core\magics\osm.py,182,57,1,10,1,0,0
ipython,rel-3.1.0,E:\my code\pysmell\subject_raw\ipython\ipython\IPython\core\tests\test_interactiveshell.py,220,37,4,1,0,0,0
ipython,rel-3.1.0,E:\my code\pysmell\subject_raw\ipython\ipython\IPython\extensions\autoreload.py,314,45,2,6,0,0,0
ipython,rel-3.1.0,E:\my code\pysmell\subject_raw\ipython\ipython\IPython\extensions\autoreload.py,322,43,2,6,0,0,0
ipython,rel-3.1.0,E:\my code\pysmell\subject_raw\ipython\ipython\IPython\extensions\autoreload.py,323,48,2,6,0,0,0
ipython,rel-3.1.0,E:\my code\pysmell\subject_raw\ipython\ipython\IPython\extensions\autoreload.py,326,42,2,6,0,0,0
ipython,rel-3.1.0,E:\my code\pysmell\subject_raw\ipython\ipython\IPython\extensions\autoreload.py,328,43,2,6,0,0,0
ipython,rel-3.1.0,E:\my code\pysmell\subject_raw\ipython\ipython\IPython\extensions\autoreload.py,329,48,2,6,0,0,0
ipython,rel-3.1.0,E:\my code\pysmell\subject_raw\ipython\ipython\IPython\terminal\ipapp.py,111,54,0,6,0,0,0
ipython,rel-3.1.0,E:\my code\pysmell\subject_raw\ipython\ipython\IPython\testing\decorators.py,320,70,1,8,1,0,0
ipython,rel-3.1.0,E:\my code\pysmell\subject_raw\ipython\ipython\IPython\utils\text.py,161,42,1,7,0,0,0
ipython,rel-3.1.0,E:\my code\pysmell\subject_raw\ipython\ipython\IPython\utils\text.py,730,77,1,18,1,0,1
ipython,rel-3.1.0,E:\my code\pysmell\subject_raw\ipython\ipython\IPython\utils\tests\test_process.py,58,47,0,7,0,0,0
numpy,v1.9.2,E:\my code\pysmell\subject_raw\numpy\numpy\numpy\core\getlimits.py,150,37,1,10,0,0,0
numpy,v1.9.2,E:\my code\pysmell\subject_raw\numpy\numpy\numpy\core\numerictypes.py,867,43,2,7,0,0,0
numpy,v1.9.2,E:\my code\pysmell\subject_raw\numpy\numpy\numpy\core\tests\test_api.py,109,41,0,6,0,0,0
numpy,v1.9.2,E:\my code\pysmell\subject_raw\numpy\numpy\numpy\core\tests\test_datetime.py,525,56,1,7,1,0,0
numpy,v1.9.2,E:\my code\pysmell\subject_raw\numpy\numpy\numpy\core\tests\test_indexerrors.py,83,38,0,10,0,0,0
numpy,v1.9.2,E:\my code\pysmell\subject_raw\numpy\numpy\numpy\core\tests\test_indexerrors.py,86,38,0,10,0,0,0
numpy,v1.9.2,E:\my code\pysmell\subject_raw\numpy\numpy\numpy\distutils\cpuinfo.py,86,46,2,3,0,0,0
numpy,v1.9.2,E:\my code\pysmell\subject_raw\numpy\numpy\numpy\lib\_iotools.py,188,42,1,8,0,0,0
numpy,v1.9.2,E:\my code\pysmell\subject_raw\numpy\numpy\numpy\lib\tests\test_io.py,706,38,1,6,0,0,0
numpy,v1.9.2,E:\my code\pysmell\subject_raw\numpy\numpy\numpy\lib\tests\test_io.py,1109,54,1,7,1,0,0
numpy,v1.9.2,E:\my code\pysmell\subject_raw\numpy\numpy\numpy\lib\tests\test_io.py,1130,95,1,25,1,1,1
numpy,v1.9.2,E:\my code\pysmell\subject_raw\numpy\numpy\numpy\lib\tests\test_io.py,1132,92,1,25,1,1,1
numpy,v1.9.2,E:\my code\pysmell\subject_raw\numpy\numpy\numpy\lib\tests\test_io.py,1184,38,1,6,0,0,0
numpy,v1.9.2,E:\my code\pysmell\subject_raw\numpy\numpy\numpy\lib\tests\test__datasource.py,242,43,1,9,0,0,0
numpy,v1.9.2,E:\my code\pysmell\subject_raw\numpy\numpy\numpy\lib\tests\test__datasource.py,282,46,1,9,0,0,0
numpy,v1.9.2,E:\my code\pysmell\subject_raw\numpy\numpy\numpy\testing\tests\test_utils.py,231,39,0,6,0,0,0
numpy,v1.9.2,E:\my code\pysmell\subject_raw\numpy\numpy\numpy\testing\tests\test_utils.py,270,39,0,7,0,0,0
numpy,v1.9.2,E:\my code\pysmell\subject_raw\numpy\numpy\numpy\testing\tests\test_utils.py,272,39,0,7,0,0,0
numpy,v1.9.2,E:\my code\pysmell\subject_raw\numpy\numpy\numpy\testing\tests\test_utils.py,335,43,0,6,0,0,0
numpy,v1.9.2,E:\my code\pysmell\subject_raw\numpy\numpy\numpy\testing\tests\test_utils.py,345,43,0,6,0,0,0
nltk,3.0.2,E:\my code\pysmell\subject_raw\nltk\nltk\nltk\collocations.py,330,48,1,11,0,0,0
nltk,3.0.2,E:\my code\pysmell\subject_raw\nltk\nltk\nltk\downloader.py,1386,50,1,6,0,0,0
nltk,3.0.2,E:\my code\pysmell\subject_raw\nltk\nltk\nltk\downloader.py,1392,51,1,6,0,0,0
nltk,3.0.2,E:\my code\pysmell\subject_raw\nltk\nltk\nltk\probability.py,301,52,2,8,1,0,0
nltk,3.0.2,E:\my code\pysmell\subject_raw\nltk\nltk\nltk\probability.py,302,53,2,8,1,0,0
nltk,3.0.2,E:\my code\pysmell\subject_raw\nltk\nltk\nltk\text.py,355,48,1,11,0,0,0
nltk,3.0.2,E:\my code\pysmell\subject_raw\nltk\nltk\nltk\tgrep.py,323,54,1,16,1,0,0
nltk,3.0.2,E:\my code\pysmell\subject_raw\nltk\nltk\nltk\tgrep.py,323,44,3,10,0,0,0
nltk,3.0.2,E:\my code\pysmell\subject_raw\nltk\nltk\nltk\tgrep.py,334,65,1,11,1,0,0
nltk,3.0.2,E:\my code\pysmell\subject_raw\nltk\nltk\nltk\tgrep.py,334,55,3,5,1,0,0
nltk,3.0.2,E:\my code\pysmell\subject_raw\nltk\nltk\nltk\tgrep.py,338,70,1,12,1,0,0
nltk,3.0.2,E:\my code\pysmell\subject_raw\nltk\nltk\nltk\tgrep.py,338,60,3,6,1,0,0
nltk,3.0.2,E:\my code\pysmell\subject_raw\nltk\nltk\nltk\tgrep.py,342,71,1,13,1,0,0
nltk,3.0.2,E:\my code\pysmell\subject_raw\nltk\nltk\nltk\tgrep.py,342,61,3,7,1,0,0
nltk,3.0.2,E:\my code\pysmell\subject_raw\nltk\nltk\nltk\tgrep.py,345,65,1,11,1,0,0
nltk,3.0.2,E:\my code\pysmell\subject_raw\nltk\nltk\nltk\tgrep.py,345,55,3,5,1,0,0
nltk,3.0.2,E:\my code\pysmell\subject_raw\nltk\nltk\nltk\tgrep.py,368,84,1,16,1,1,1
nltk,3.0.2,E:\my code\pysmell\subject_raw\nltk\nltk\nltk\tgrep.py,368,74,3,10,1,0,0
nltk,3.0.2,E:\my code\pysmell\subject_raw\nltk\nltk\nltk\tgrep.py,393,67,3,14,1,0,0
nltk,3.0.2,E:\my code\pysmell\subject_raw\nltk\nltk\nltk\tgrep.py,397,91,3,17,1,1,1
nltk,3.0.2,E:\my code\pysmell\subject_raw\nltk\nltk\nltk\tgrep.py,402,72,3,16,1,0,0
nltk,3.0.2,E:\my code\pysmell\subject_raw\nltk\nltk\nltk\tgrep.py,407,112,3,24,1,1,1
nltk,3.0.2,E:\my code\pysmell\subject_raw\nltk\nltk\nltk\tgrep.py,415,98,1,28,1,1,1
nltk,3.0.2,E:\my code\pysmell\subject_raw\nltk\nltk\nltk\tgrep.py,415,88,3,22,1,1,1
nltk,3.0.2,E:\my code\pysmell\subject_raw\nltk\nltk\nltk\tgrep.py,431,75,3,16,1,0,1
nltk,3.0.2,E:\my code\pysmell\subject_raw\nltk\nltk\nltk\tgrep.py,436,115,3,24,1,1,1
nltk,3.0.2,E:\my code\pysmell\subject_raw\nltk\nltk\nltk\tgrep.py,444,106,3,30,1,1,1
nltk,3.0.2,E:\my code\pysmell\subject_raw\nltk\nltk\nltk\tgrep.py,460,70,3,16,1,0,0
nltk,3.0.2,E:\my code\pysmell\subject_raw\nltk\nltk\nltk\tgrep.py,465,114,3,24,1,1,1
nltk,3.0.2,E:\my code\pysmell\subject_raw\nltk\nltk\nltk\tgrep.py,471,81,3,16,1,0,1
nltk,3.0.2,E:\my code\pysmell\subject_raw\nltk\nltk\nltk\tgrep.py,475,63,3,12,1,0,0
nltk,3.0.2,E:\my code\pysmell\subject_raw\nltk\nltk\nltk\tgrep.py,478,90,3,16,1,1,1
nltk,3.0.2,E:\my code\pysmell\subject_raw\nltk\nltk\nltk\tgrep.py,483,97,3,18,1,1,1
nltk,3.0.2,E:\my code\pysmell\subject_raw\nltk\nltk\nltk\tgrep.py,488,91,3,16,1,1,1
nltk,3.0.2,E:\my code\pysmell\subject_raw\nltk\nltk\nltk\tgrep.py,493,98,3,18,1,1,1
nltk,3.0.2,E:\my code\pysmell\subject_raw\nltk\nltk\nltk\tgrep.py,498,88,3,16,1,1,1
nltk,3.0.2,E:\my code\pysmell\subject_raw\nltk\nltk\nltk\tgrep.py,503,70,3,12,1,0,0
nltk,3.0.2,E:\my code\pysmell\subject_raw\nltk\nltk\nltk\tgrep.py,506,72,3,12,1,0,0
nltk,3.0.2,E:\my code\pysmell\subject_raw\nltk\nltk\nltk\tgrep.py,510,73,3,12,1,0,0
nltk,3.0.2,E:\my code\pysmell\subject_raw\nltk\nltk\nltk\tgrep.py,514,60,3,12,1,0,0
nltk,3.0.2,E:\my code\pysmell\subject_raw\nltk\nltk\nltk\tgrep.py,517,61,3,12,1,0,0
nltk,3.0.2,E:\my code\pysmell\subject_raw\nltk\nltk\nltk\tgrep.py,526,112,3,17,1,1,1
nltk,3.0.2,E:\my code\pysmell\subject_raw\nltk\nltk\nltk\tgrep.py,531,109,3,17,1,1,1
nltk,3.0.2,E:\my code\pysmell\subject_raw\nltk\nltk\nltk\tgrep.py,553,45,1,12,0,0,0
nltk,3.0.2,E:\my code\pysmell\subject_raw\nltk\nltk\nltk\tgrep.py,586,72,1,16,1,0,0
nltk,3.0.2,E:\my code\pysmell\subject_raw\nltk\nltk\nltk\tgrep.py,586,61,3,10,1,0,0
nltk,3.0.2,E:\my code\pysmell\subject_raw\nltk\nltk\nltk\tgrep.py,719,54,2,17,1,0,0
nltk,3.0.2,E:\my code\pysmell\subject_raw\nltk\nltk\nltk\tgrep.py,719,42,3,11,0,0,0
nltk,3.0.2,E:\my code\pysmell\subject_raw\nltk\nltk\nltk\tgrep.py,742,42,3,7,0,0,0
nltk,3.0.2,E:\my code\pysmell\subject_raw\nltk\nltk\nltk\tree.py,128,51,2,8,1,0,0
nltk,3.0.2,E:\my code\pysmell\subject_raw\nltk\nltk\nltk\tree.py,129,46,2,7,0,0,0
nltk,3.0.2,E:\my code\pysmell\subject_raw\nltk\nltk\nltk\treeprettyprinter.py,205,50,1,11,1,0,0
nltk,3.0.2,E:\my code\pysmell\subject_raw\nltk\nltk\nltk\treeprettyprinter.py,227,53,1,15,1,0,0
nltk,3.0.2,E:\my code\pysmell\subject_raw\nltk\nltk\nltk\align\bleu_score.py,256,40,1,7,0,0,0
nltk,3.0.2,E:\my code\pysmell\subject_raw\nltk\nltk\nltk\align\ibm2.py,76,78,0,10,1,0,0
nltk,3.0.2,E:\my code\pysmell\subject_raw\nltk\nltk\nltk\align\ibm2.py,76,56,0,7,1,0,0
nltk,3.0.2,E:\my code\pysmell\subject_raw\nltk\nltk\nltk\align\ibm2.py,95,76,0,10,1,0,0
nltk,3.0.2,E:\my code\pysmell\subject_raw\nltk\nltk\nltk\align\ibm2.py,95,54,0,7,1,0,0
nltk,3.0.2,E:\my code\pysmell\subject_raw\nltk\nltk\nltk\align\ibm2.py,96,54,0,7,1,0,0
nltk,3.0.2,E:\my code\pysmell\subject_raw\nltk\nltk\nltk\align\ibm2.py,126,76,0,10,1,0,0
nltk,3.0.2,E:\my code\pysmell\subject_raw\nltk\nltk\nltk\align\ibm2.py,126,54,0,7,1,0,0
nltk,3.0.2,E:\my code\pysmell\subject_raw\nltk\nltk\nltk\align\ibm3.py,100,89,0,11,1,0,0
nltk,3.0.2,E:\my code\pysmell\subject_raw\nltk\nltk\nltk\align\ibm3.py,100,67,0,8,1,0,0
nltk,3.0.2,E:\my code\pysmell\subject_raw\nltk\nltk\nltk\align\ibm3.py,108,76,0,10,1,0,0
nltk,3.0.2,E:\my code\pysmell\subject_raw\nltk\nltk\nltk\align\ibm3.py,108,54,0,7,1,0,0
nltk,3.0.2,E:\my code\pysmell\subject_raw\nltk\nltk\nltk\align\ibm3.py,109,54,0,7,1,0,0
nltk,3.0.2,E:\my code\pysmell\subject_raw\nltk\nltk\nltk\align\ibm3.py,173,76,0,10,1,0,0
nltk,3.0.2,E:\my code\pysmell\subject_raw\nltk\nltk\nltk\align\ibm3.py,173,54,0,7,1,0,0
nltk,3.0.2,E:\my code\pysmell\subject_raw\nltk\nltk\nltk\app\chartparser_app.py,1819,40,2,7,0,0,0
nltk,3.0.2,E:\my code\pysmell\subject_raw\nltk\nltk\nltk\app\chunkparser_app.py,859,62,1,19,1,0,0
nltk,3.0.2,E:\my code\pysmell\subject_raw\nltk\nltk\nltk\app\collocations_app.py,38,61,0,7,1,0,0
nltk,3.0.2,E:\my code\pysmell\subject_raw\nltk\nltk\nltk\app\concordance_app.py,48,87,0,8,1,0,0
nltk,3.0.2,E:\my code\pysmell\subject_raw\nltk\nltk\nltk\chat\util.py,73,58,1,13,1,0,0
nltk,3.0.2,E:\my code\pysmell\subject_raw\nltk\nltk\nltk\classify\maxent.py,184,40,1,8,0,0,0
nltk,3.0.2,E:\my code\pysmell\subject_raw\nltk\nltk\nltk\classify\naivebayes.py,177,52,1,7,1,0,0
nltk,3.0.2,E:\my code\pysmell\subject_raw\nltk\nltk\nltk\corpus\__init__.py,234,49,1,6,0,0,0
nltk,3.0.2,E:\my code\pysmell\subject_raw\nltk\nltk\nltk\corpus\__init__.py,239,49,1,6,0,0,0
nltk,3.0.2,E:\my code\pysmell\subject_raw\nltk\nltk\nltk\corpus\reader\framenet.py,252,82,1,8,1,0,0
nltk,3.0.2,E:\my code\pysmell\subject_raw\nltk\nltk\nltk\corpus\reader\framenet.py,544,53,1,7,1,0,0
nltk,3.0.2,E:\my code\pysmell\subject_raw\nltk\nltk\nltk\corpus\reader\framenet.py,544,41,0,6,0,0,0
nltk,3.0.2,E:\my code\pysmell\subject_raw\nltk\nltk\nltk\corpus\reader\framenet.py,545,49,1,7,0,0,0
nltk,3.0.2,E:\my code\pysmell\subject_raw\nltk\nltk\nltk\corpus\reader\framenet.py,545,37,0,6,0,0,0
nltk,3.0.2,E:\my code\pysmell\subject_raw\nltk\nltk\nltk\corpus\reader\framenet.py,1503,63,1,8,1,0,0
nltk,3.0.2,E:\my code\pysmell\subject_raw\nltk\nltk\nltk\corpus\reader\framenet.py,1535,129,1,14,1,1,1
nltk,3.0.2,E:\my code\pysmell\subject_raw\nltk\nltk\nltk\corpus\reader\indian.py,38,38,1,6,0,0,0
nltk,3.0.2,E:\my code\pysmell\subject_raw\nltk\nltk\nltk\corpus\reader\indian.py,52,38,1,6,0,0,0
nltk,3.0.2,E:\my code\pysmell\subject_raw\nltk\nltk\nltk\corpus\reader\knbc.py,24,56,1,14,1,0,0
nltk,3.0.2,E:\my code\pysmell\subject_raw\nltk\nltk\nltk\corpus\reader\knbc.py,162,103,1,28,1,1,1
nltk,3.0.2,E:\my code\pysmell\subject_raw\nltk\nltk\nltk\corpus\reader\lin.py,127,60,2,8,1,0,0
nltk,3.0.2,E:\my code\pysmell\subject_raw\nltk\nltk\nltk\corpus\reader\semcor.py,96,81,0,10,1,0,0
nltk,3.0.2,E:\my code\pysmell\subject_raw\nltk\nltk\nltk\corpus\reader\tagged.py,123,38,1,6,0,0,0
nltk,3.0.2,E:\my code\pysmell\subject_raw\nltk\nltk\nltk\corpus\reader\tagged.py,142,38,1,6,0,0,0
nltk,3.0.2,E:\my code\pysmell\subject_raw\nltk\nltk\nltk\corpus\reader\tagged.py,161,38,1,6,0,0,0
nltk,3.0.2,E:\my code\pysmell\subject_raw\nltk\nltk\nltk\draw\table.py,143,46,1,7,0,0,0
nltk,3.0.2,E:\my code\pysmell\subject_raw\nltk\nltk\nltk\draw\table.py,144,43,1,6,0,0,0
nltk,3.0.2,E:\my code\pysmell\subject_raw\nltk\nltk\nltk\inference\api.py,514,51,0,7,1,0,0
nltk,3.0.2,E:\my code\pysmell\subject_raw\nltk\nltk\nltk\inference\api.py,515,63,0,7,1,0,0
nltk,3.0.2,E:\my code\pysmell\subject_raw\nltk\nltk\nltk\metrics\agreement.py,112,92,1,19,1,1,1
nltk,3.0.2,E:\my code\pysmell\subject_raw\nltk\nltk\nltk\metrics\agreement.py,246,51,2,6,0,0,0
nltk,3.0.2,E:\my code\pysmell\subject_raw\nltk\nltk\nltk\metrics\agreement.py,340,60,2,6,0,0,0
nltk,3.0.2,E:\my code\pysmell\subject_raw\nltk\nltk\nltk\metrics\confusionmatrix.py,118,49,1,10,0,0,0
nltk,3.0.2,E:\my code\pysmell\subject_raw\nltk\nltk\nltk\metrics\distance.py,161,40,2,9,0,0,0
nltk,3.0.2,E:\my code\pysmell\subject_raw\nltk\nltk\nltk\parse\stanford.py,99,61,1,6,0,0,0
nltk,3.0.2,E:\my code\pysmell\subject_raw\nltk\nltk\nltk\sem\boxer.py,381,108,2,10,1,0,0
nltk,3.0.2,E:\my code\pysmell\subject_raw\nltk\nltk\nltk\sem\boxer.py,394,101,2,10,1,0,0
nltk,3.0.2,E:\my code\pysmell\subject_raw\nltk\nltk\nltk\sem\boxer.py,416,97,2,10,1,0,0
nltk,3.0.2,E:\my code\pysmell\subject_raw\nltk\nltk\nltk\sem\boxer.py,480,102,2,9,1,0,0
nltk,3.0.2,E:\my code\pysmell\subject_raw\nltk\nltk\nltk\sem\boxer.py,489,95,2,8,1,0,0
nltk,3.0.2,E:\my code\pysmell\subject_raw\nltk\nltk\nltk\sem\boxer.py,535,78,2,6,0,0,0
nltk,3.0.2,E:\my code\pysmell\subject_raw\nltk\nltk\nltk\sem\boxer.py,545,78,2,6,0,0,0
nltk,3.0.2,E:\my code\pysmell\subject_raw\nltk\nltk\nltk\sem\boxer.py,553,90,2,8,1,0,0
nltk,3.0.2,E:\my code\pysmell\subject_raw\nltk\nltk\nltk\sem\boxer.py,583,101,2,10,1,0,0
nltk,3.0.2,E:\my code\pysmell\subject_raw\nltk\nltk\nltk\sem\cooper_storage.py,38,48,2,11,0,0,0
nltk,3.0.2,E:\my code\pysmell\subject_raw\nltk\nltk\nltk\sem\drt.py,147,54,2,5,0,0,0
nltk,3.0.2,E:\my code\pysmell\subject_raw\nltk\nltk\nltk\sem\drt.py,447,42,1,17,0,0,0
nltk,3.0.2,E:\my code\pysmell\subject_raw\nltk\nltk\nltk\sem\drt.py,448,49,1,21,0,0,0
nltk,3.0.2,E:\my code\pysmell\subject_raw\nltk\nltk\nltk\sem\drt.py,449,49,1,21,0,0,0
nltk,3.0.2,E:\my code\pysmell\subject_raw\nltk\nltk\nltk\sem\hole.py,56,37,2,5,0,0,0
nltk,3.0.2,E:\my code\pysmell\subject_raw\nltk\nltk\nltk\sem\hole.py,57,40,2,5,0,0,0
nltk,3.0.2,E:\my code\pysmell\subject_raw\nltk\nltk\nltk\sem\logic.py,1014,66,1,7,1,0,0
nltk,3.0.2,E:\my code\pysmell\subject_raw\nltk\nltk\nltk\sem\logic.py,1027,44,1,7,0,0,0
nltk,3.0.2,E:\my code\pysmell\subject_raw\nltk\nltk\nltk\sem\logic.py,1095,44,1,7,0,0,0
nltk,3.0.2,E:\my code\pysmell\subject_raw\nltk\nltk\nltk\sem\logic.py,1103,44,1,7,0,0,0
nltk,3.0.2,E:\my code\pysmell\subject_raw\nltk\nltk\nltk\sem\logic.py,1111,44,1,7,0,0,0
nltk,3.0.2,E:\my code\pysmell\subject_raw\nltk\nltk\nltk\tag\hmm.py,1210,43,2,5,0,0,0
nltk,3.0.2,E:\my code\pysmell\subject_raw\nltk\nltk\nltk\tag\hmm.py,1240,43,2,5,0,0,0
nltk,3.0.2,E:\my code\pysmell\subject_raw\nltk\nltk\nltk\tag\mapping.py,43,57,0,7,1,0,0
nltk,3.0.2,E:\my code\pysmell\subject_raw\nltk\nltk\nltk\tokenize\punkt.py,1593,79,1,14,1,0,1
matplotlib,v1.4.3,E:\my code\pysmell\subject_raw\matplotlib\matplotlib\doc\users\plotting\colormaps\colorconv.py,512,40,2,10,0,0,0
matplotlib,v1.4.3,E:\my code\pysmell\subject_raw\matplotlib\matplotlib\examples\misc\rec_groupby_demo.py,31,42,1,6,0,0,0
matplotlib,v1.4.3,E:\my code\pysmell\subject_raw\matplotlib\matplotlib\lib\matplotlib\docstring.py,128,41,1,7,0,0,0
matplotlib,v1.4.3,E:\my code\pysmell\subject_raw\matplotlib\matplotlib\lib\matplotlib\pyplot.py,2457,54,1,8,1,0,0
matplotlib,v1.4.3,E:\my code\pysmell\subject_raw\matplotlib\matplotlib\lib\matplotlib\transforms.py,2271,50,1,7,1,0,0
matplotlib,v1.4.3,E:\my code\pysmell\subject_raw\matplotlib\matplotlib\lib\matplotlib\widgets.py,84,41,2,4,0,0,0
matplotlib,v1.4.3,E:\my code\pysmell\subject_raw\matplotlib\matplotlib\lib\matplotlib\_cm.py,47,52,1,15,1,0,0
matplotlib,v1.4.3,E:\my code\pysmell\subject_raw\matplotlib\matplotlib\lib\matplotlib\_cm.py,49,52,1,15,1,0,0
matplotlib,v1.4.3,E:\my code\pysmell\subject_raw\matplotlib\matplotlib\lib\matplotlib\_cm.py,53,53,1,15,1,0,0
matplotlib,v1.4.3,E:\my code\pysmell\subject_raw\matplotlib\matplotlib\lib\matplotlib\_cm.py,54,53,1,15,1,0,0
matplotlib,v1.4.3,E:\my code\pysmell\subject_raw\matplotlib\matplotlib\lib\matplotlib\_cm.py,55,41,1,11,0,0,0
matplotlib,v1.4.3,E:\my code\pysmell\subject_raw\matplotlib\matplotlib\lib\matplotlib\_cm.py,144,37,1,12,0,0,0
matplotlib,v1.4.3,E:\my code\pysmell\subject_raw\matplotlib\matplotlib\lib\matplotlib\_cm.py,145,37,1,12,0,0,0
matplotlib,v1.4.3,E:\my code\pysmell\subject_raw\matplotlib\matplotlib\lib\matplotlib\_cm.py,146,37,1,12,0,0,0
matplotlib,v1.4.3,E:\my code\pysmell\subject_raw\matplotlib\matplotlib\lib\matplotlib\_cm.py,147,37,1,12,0,0,0
matplotlib,v1.4.3,E:\my code\pysmell\subject_raw\matplotlib\matplotlib\lib\matplotlib\backends\backend_pdf.py,1466,70,1,12,1,0,0
matplotlib,v1.4.3,E:\my code\pysmell\subject_raw\matplotlib\matplotlib\lib\matplotlib\backends\backend_pgf.py,112,39,1,13,0,0,0
matplotlib,v1.4.3,E:\my code\pysmell\subject_raw\matplotlib\matplotlib\lib\matplotlib\testing\compare.py,207,73,1,6,0,0,0
matplotlib,v1.4.3,E:\my code\pysmell\subject_raw\matplotlib\matplotlib\lib\matplotlib\tests\test_dates.py,165,53,2,7,1,0,0
django,1.8.2,E:\my code\pysmell\subject_raw\django\django\django\contrib\admin\filters.py,252,67,1,8,1,0,0
django,1.8.2,E:\my code\pysmell\subject_raw\django\django\django\contrib\admin\templatetags\admin_list.py,144,46,2,10,0,0,0
django,1.8.2,E:\my code\pysmell\subject_raw\django\django\django\contrib\admin\templatetags\admin_list.py,340,58,1,6,0,0,0
django,1.8.2,E:\my code\pysmell\subject_raw\django\django\django\contrib\contenttypes\fields.py,218,43,1,6,0,0,0
django,1.8.2,E:\my code\pysmell\subject_raw\django\django\django\contrib\contenttypes\fields.py,498,75,1,7,1,0,0
django,1.8.2,E:\my code\pysmell\subject_raw\django\django\django\contrib\humanize\templatetags\humanize.py,60,134,1,11,1,0,0
django,1.8.2,E:\my code\pysmell\subject_raw\django\django\django\contrib\humanize\templatetags\humanize.py,64,134,1,11,1,0,0
django,1.8.2,E:\my code\pysmell\subject_raw\django\django\django\contrib\humanize\templatetags\humanize.py,68,138,1,11,1,0,0
django,1.8.2,E:\my code\pysmell\subject_raw\django\django\django\contrib\humanize\templatetags\humanize.py,72,150,1,11,1,0,0
django,1.8.2,E:\my code\pysmell\subject_raw\django\django\django\contrib\humanize\templatetags\humanize.py,76,150,1,11,1,0,0
django,1.8.2,E:\my code\pysmell\subject_raw\django\django\django\contrib\humanize\templatetags\humanize.py,80,146,1,11,1,0,0
django,1.8.2,E:\my code\pysmell\subject_raw\django\django\django\contrib\humanize\templatetags\humanize.py,84,146,1,11,1,0,0
django,1.8.2,E:\my code\pysmell\subject_raw\django\django\django\contrib\humanize\templatetags\humanize.py,88,142,1,11,1,0,0
django,1.8.2,E:\my code\pysmell\subject_raw\django\django\django\contrib\humanize\templatetags\humanize.py,92,142,1,11,1,0,0
django,1.8.2,E:\my code\pysmell\subject_raw\django\django\django\contrib\humanize\templatetags\humanize.py,96,142,1,11,1,0,0
django,1.8.2,E:\my code\pysmell\subject_raw\django\django\django\contrib\humanize\templatetags\humanize.py,100,130,1,11,1,0,0
django,1.8.2,E:\my code\pysmell\subject_raw\django\django\django\contrib\staticfiles\storage.py,215,55,1,7,1,0,0
django,1.8.2,E:\my code\pysmell\subject_raw\django\django\django\core\management\commands\inspectdb.py,35,63,1,8,1,0,0
django,1.8.2,E:\my code\pysmell\subject_raw\django\django\django\core\management\commands\inspectdb.py,36,41,1,10,0,0,0
django,1.8.2,E:\my code\pysmell\subject_raw\django\django\django\core\management\commands\makemessages.py,402,88,1,11,1,0,0
django,1.8.2,E:\my code\pysmell\subject_raw\django\django\django\core\management\commands\makemigrations.py,205,47,1,13,0,0,0
django,1.8.2,E:\my code\pysmell\subject_raw\django\django\django\core\serializers\python.py,74,61,1,6,0,0,0
django,1.8.2,E:\my code\pysmell\subject_raw\django\django\django\core\serializers\python.py,133,84,1,11,1,0,0
django,1.8.2,E:\my code\pysmell\subject_raw\django\django\django\core\serializers\xml_serializer.py,268,74,1,11,1,0,0
django,1.8.2,E:\my code\pysmell\subject_raw\django\django\django\db\backends\sqlite3\base.py,72,37,1,6,0,0,0
django,1.8.2,E:\my code\pysmell\subject_raw\django\django\django\db\migrations\graph.py,149,55,1,9,1,0,0
django,1.8.2,E:\my code\pysmell\subject_raw\django\django\django\db\migrations\graph.py,169,54,1,9,1,0,0
django,1.8.2,E:\my code\pysmell\subject_raw\django\django\django\db\models\options.py,420,45,1,6,0,0,0
django,1.8.2,E:\my code\pysmell\subject_raw\django\django\django\db\models\options.py,421,44,1,6,0,0,0
django,1.8.2,E:\my code\pysmell\subject_raw\django\django\django\db\models\options.py,422,109,1,16,1,1,1
django,1.8.2,E:\my code\pysmell\subject_raw\django\django\django\db\models\fields\related.py,89,56,3,5,1,0,0
django,1.8.2,E:\my code\pysmell\subject_raw\django\django\django\db\models\fields\related.py,1001,106,1,13,1,1,1
django,1.8.2,E:\my code\pysmell\subject_raw\django\django\django\db\models\fields\related.py,1005,74,1,11,1,0,0
django,1.8.2,E:\my code\pysmell\subject_raw\django\django\django\http\request.py,458,50,2,11,1,0,0
django,1.8.2,E:\my code\pysmell\subject_raw\django\django\django\middleware\cache.py,100,43,1,7,0,0,0
django,1.8.2,E:\my code\pysmell\subject_raw\django\django\django\template\defaultfilters.py,894,51,1,8,1,0,0
django,1.8.2,E:\my code\pysmell\subject_raw\django\django\django\template\smartif.py,100,52,3,9,1,0,0
django,1.8.2,E:\my code\pysmell\subject_raw\django\django\django\template\smartif.py,101,53,3,9,1,0,0
django,1.8.2,E:\my code\pysmell\subject_raw\django\django\django\template\smartif.py,103,52,3,9,1,0,0
django,1.8.2,E:\my code\pysmell\subject_raw\django\django\django\template\smartif.py,104,55,3,9,1,0,0
django,1.8.2,E:\my code\pysmell\subject_raw\django\django\django\template\smartif.py,106,52,3,9,1,0,0
django,1.8.2,E:\my code\pysmell\subject_raw\django\django\django\template\smartif.py,107,52,3,9,1,0,0
django,1.8.2,E:\my code\pysmell\subject_raw\django\django\django\template\smartif.py,108,52,3,9,1,0,0
django,1.8.2,E:\my code\pysmell\subject_raw\django\django\django\template\smartif.py,109,51,3,9,1,0,0
django,1.8.2,E:\my code\pysmell\subject_raw\django\django\django\template\smartif.py,110,52,3,9,1,0,0
django,1.8.2,E:\my code\pysmell\subject_raw\django\django\django\template\smartif.py,111,51,3,9,1,0,0
django,1.8.2,E:\my code\pysmell\subject_raw\django\django\django\template\smartif.py,112,52,3,9,1,0,0
django,1.8.2,E:\my code\pysmell\subject_raw\django\django\django\test\client.py,164,59,1,9,1,0,0
django,1.8.2,E:\my code\pysmell\subject_raw\django\django\django\test\client.py,481,50,0,6,0,0,0
django,1.8.2,E:\my code\pysmell\subject_raw\django\django\django\test\testcases.py,1070,76,0,11,1,0,0
django,1.8.2,E:\my code\pysmell\subject_raw\django\django\django\test\testcases.py,1080,81,0,12,1,0,1
django,1.8.2,E:\my code\pysmell\subject_raw\django\django\django\test\testcases.py,1090,81,0,12,1,0,1
django,1.8.2,E:\my code\pysmell\subject_raw\django\django\django\utils\encoding.py,42,46,1,6,0,0,0
django,1.8.2,E:\my code\pysmell\subject_raw\django\django\django\utils\functional.py,398,51,2,8,1,0,0
django,1.8.2,E:\my code\pysmell\subject_raw\django\django\django\utils\functional.py,399,46,2,7,0,0,0
django,1.8.2,E:\my code\pysmell\subject_raw\django\django\django\utils\functional.py,401,52,2,8,1,0,0
django,1.8.2,E:\my code\pysmell\subject_raw\django\django\django\utils\functional.py,402,53,2,8,1,0,0
django,1.8.2,E:\my code\pysmell\subject_raw\django\django\django\utils\functional.py,404,51,2,8,1,0,0
django,1.8.2,E:\my code\pysmell\subject_raw\django\django\django\utils\functional.py,405,46,2,7,0,0,0
django,1.8.2,E:\my code\pysmell\subject_raw\django\django\django\utils\functional.py,407,52,2,8,1,0,0
django,1.8.2,E:\my code\pysmell\subject_raw\django\django\django\utils\functional.py,408,53,2,8,1,0,0
django,1.8.2,E:\my code\pysmell\subject_raw\django\django\django\utils\six.py,812,45,1,6,0,0,0
django,1.8.2,E:\my code\pysmell\subject_raw\django\django\django\utils\text.py,22,58,1,16,1,0,0
django,1.8.2,E:\my code\pysmell\subject_raw\django\django\tests\admin_inlines\tests.py,694,100,0,9,1,0,0
django,1.8.2,E:\my code\pysmell\subject_raw\django\django\tests\admin_inlines\tests.py,710,100,0,9,1,0,0
django,1.8.2,E:\my code\pysmell\subject_raw\django\django\tests\admin_views\models.py,427,57,0,9,1,0,0
django,1.8.2,E:\my code\pysmell\subject_raw\django\django\tests\admin_views\tests.py,530,39,2,5,0,0,0
django,1.8.2,E:\my code\pysmell\subject_raw\django\django\tests\admin_views\tests.py,533,41,2,6,0,0,0
django,1.8.2,E:\my code\pysmell\subject_raw\django\django\tests\admin_views\tests.py,536,43,2,6,0,0,0
django,1.8.2,E:\my code\pysmell\subject_raw\django\django\tests\admin_views\tests.py,539,65,2,9,1,0,0
django,1.8.2,E:\my code\pysmell\subject_raw\django\django\tests\admin_views\tests.py,542,67,2,9,1,0,0
django,1.8.2,E:\my code\pysmell\subject_raw\django\django\tests\aggregation\tests.py,186,39,1,9,0,0,0
django,1.8.2,E:\my code\pysmell\subject_raw\django\django\tests\aggregation\tests.py,199,54,1,12,1,0,0
django,1.8.2,E:\my code\pysmell\subject_raw\django\django\tests\aggregation_regress\tests.py,356,62,0,9,1,0,0
django,1.8.2,E:\my code\pysmell\subject_raw\django\django\tests\aggregation_regress\tests.py,361,61,0,9,1,0,0
django,1.8.2,E:\my code\pysmell\subject_raw\django\django\tests\aggregation_regress\tests.py,366,92,0,14,1,1,1
django,1.8.2,E:\my code\pysmell\subject_raw\django\django\tests\aggregation_regress\tests.py,546,68,1,11,1,0,0
django,1.8.2,E:\my code\pysmell\subject_raw\django\django\tests\aggregation_regress\tests.py,775,86,0,12,1,0,1
django,1.8.2,E:\my code\pysmell\subject_raw\django\django\tests\annotations\tests.py,300,58,1,9,1,0,0
django,1.8.2,E:\my code\pysmell\subject_raw\django\django\tests\annotations\tests.py,361,110,1,20,1,1,1
django,1.8.2,E:\my code\pysmell\subject_raw\django\django\tests\annotations\tests.py,386,110,1,20,1,1,1
django,1.8.2,E:\my code\pysmell\subject_raw\django\django\tests\delete\models.py,15,50,0,7,1,0,0
django,1.8.2,E:\my code\pysmell\subject_raw\django\django\tests\distinct_on_fields\tests.py,96,58,0,9,1,0,0
django,1.8.2,E:\my code\pysmell\subject_raw\django\django\tests\expressions_case\tests.py,608,45,1,8,0,0,0
django,1.8.2,E:\my code\pysmell\subject_raw\django\django\tests\expressions_case\tests.py,723,41,1,8,0,0,0
django,1.8.2,E:\my code\pysmell\subject_raw\django\django\tests\expressions_case\tests.py,764,42,1,8,0,0,0
django,1.8.2,E:\my code\pysmell\subject_raw\django\django\tests\files\tests.py,281,68,0,7,1,0,0
django,1.8.2,E:\my code\pysmell\subject_raw\django\django\tests\flatpages_tests\test_templatetags.py,144,37,1,7,0,0,0
django,1.8.2,E:\my code\pysmell\subject_raw\django\django\tests\forms_tests\tests\test_fields.py,1022,38,0,7,0,0,0
django,1.8.2,E:\my code\pysmell\subject_raw\django\django\tests\generic_relations\tests.py,35,64,1,9,1,0,0
django,1.8.2,E:\my code\pysmell\subject_raw\django\django\tests\get_earliest_or_latest\tests.py,167,41,0,6,0,0,0
django,1.8.2,E:\my code\pysmell\subject_raw\django\django\tests\i18n\urls.py,15,56,1,10,1,0,0
django,1.8.2,E:\my code\pysmell\subject_raw\django\django\tests\m2m_intermediary\tests.py,28,46,1,8,0,0,0
django,1.8.2,E:\my code\pysmell\subject_raw\django\django\tests\m2m_intermediary\tests.py,40,46,1,8,0,0,0
django,1.8.2,E:\my code\pysmell\subject_raw\django\django\tests\migrations\test_executor.py,229,53,1,9,1,0,0
django,1.8.2,E:\my code\pysmell\subject_raw\django\django\tests\model_fields\tests.py,914,37,0,6,0,0,0
django,1.8.2,E:\my code\pysmell\subject_raw\django\django\tests\model_forms\tests.py,1109,51,0,10,1,0,0
django,1.8.2,E:\my code\pysmell\subject_raw\django\django\tests\model_inheritance\tests.py,216,72,0,7,1,0,0
django,1.8.2,E:\my code\pysmell\subject_raw\django\django\tests\model_inheritance\tests.py,309,46,0,7,0,0,0
django,1.8.2,E:\my code\pysmell\subject_raw\django\django\tests\model_inheritance\tests.py,312,64,0,8,1,0,0
django,1.8.2,E:\my code\pysmell\subject_raw\django\django\tests\model_meta\tests.py,71,74,1,11,1,0,0
django,1.8.2,E:\my code\pysmell\subject_raw\django\django\tests\null_fk\tests.py,35,42,1,9,0,0,0
django,1.8.2,E:\my code\pysmell\subject_raw\django\django\tests\null_fk\tests.py,47,42,1,9,0,0,0
django,1.8.2,E:\my code\pysmell\subject_raw\django\django\tests\queries\tests.py,412,47,0,9,0,0,0
django,1.8.2,E:\my code\pysmell\subject_raw\django\django\tests\queries\tests.py,417,47,0,9,0,0,0
django,1.8.2,E:\my code\pysmell\subject_raw\django\django\tests\queries\tests.py,763,92,0,14,1,1,1
django,1.8.2,E:\my code\pysmell\subject_raw\django\django\tests\queries\tests.py,768,97,0,14,1,1,1
django,1.8.2,E:\my code\pysmell\subject_raw\django\django\tests\queries\tests.py,2082,59,2,4,0,0,0
django,1.8.2,E:\my code\pysmell\subject_raw\django\django\tests\queries\tests.py,2099,57,2,4,0,0,0
django,1.8.2,E:\my code\pysmell\subject_raw\django\django\tests\queries\tests.py,2313,62,0,17,1,0,0
django,1.8.2,E:\my code\pysmell\subject_raw\django\django\tests\queries\tests.py,2370,38,0,10,0,0,0
django,1.8.2,E:\my code\pysmell\subject_raw\django\django\tests\raw_query\tests.py,257,41,0,7,0,0,0
django,1.8.2,E:\my code\pysmell\subject_raw\django\django\tests\wsgi\urls.py,10,41,1,6,0,0,0
