subject,file,lineno,MLOC,experience-based,statistics-based,tuning machine
Gooey,C:\Users\Zhifei Chen\Desktop\pysmell\subjects_for_metrics\Gooey\gooey\dev_utils\ast_inspector.py,13,9,0,0,0
Gooey,C:\Users\Zhifei Chen\Desktop\pysmell\subjects_for_metrics\Gooey\gooey\examples\error_demo.py,15,21,0,0,0
Gooey,C:\Users\Zhifei Chen\Desktop\pysmell\subjects_for_metrics\Gooey\gooey\examples\error_demo.py,41,1,0,0,0
Gooey,C:\Users\Zhifei Chen\Desktop\pysmell\subjects_for_metrics\Gooey\gooey\examples\force_start_demo.py,9,5,0,0,0
Gooey,C:\Users\Zhifei Chen\Desktop\pysmell\subjects_for_metrics\Gooey\gooey\examples\language_demo_japanese.py,33,11,0,0,0
Gooey,C:\Users\Zhifei Chen\Desktop\pysmell\subjects_for_metrics\Gooey\gooey\examples\language_demo_japanese.py,49,0,0,0,0
Gooey,C:\Users\Zhifei Chen\Desktop\pysmell\subjects_for_metrics\Gooey\gooey\examples\language_demo_japanese.py,52,1,0,0,0
Gooey,C:\Users\Zhifei Chen\Desktop\pysmell\subjects_for_metrics\Gooey\gooey\examples\language_demo_russian.py,17,20,0,0,0
Gooey,C:\Users\Zhifei Chen\Desktop\pysmell\subjects_for_metrics\Gooey\gooey\examples\language_demo_russian.py,44,0,0,0,0
Gooey,C:\Users\Zhifei Chen\Desktop\pysmell\subjects_for_metrics\Gooey\gooey\examples\language_demo_russian.py,47,1,0,0,0
Gooey,C:\Users\Zhifei Chen\Desktop\pysmell\subjects_for_metrics\Gooey\gooey\examples\minimal_demo.py,4,6,0,0,0
Gooey,C:\Users\Zhifei Chen\Desktop\pysmell\subjects_for_metrics\Gooey\gooey\examples\subparser_demo.py,13,31,1,1,0
Gooey,C:\Users\Zhifei Chen\Desktop\pysmell\subjects_for_metrics\Gooey\gooey\examples\widget_demo.py,30,20,0,0,0
Gooey,C:\Users\Zhifei Chen\Desktop\pysmell\subjects_for_metrics\Gooey\gooey\examples\widget_demo.py,57,1,0,0,0
Gooey,C:\Users\Zhifei Chen\Desktop\pysmell\subjects_for_metrics\Gooey\gooey\examples\__init__.py,27,5,0,0,0
Gooey,C:\Users\Zhifei Chen\Desktop\pysmell\subjects_for_metrics\Gooey\gooey\gui\application.py,20,10,0,0,0
Gooey,C:\Users\Zhifei Chen\Desktop\pysmell\subjects_for_metrics\Gooey\gooey\gui\application.py,46,8,0,0,0
Gooey,C:\Users\Zhifei Chen\Desktop\pysmell\subjects_for_metrics\Gooey\gooey\gui\application.py,60,6,0,0,0
Gooey,C:\Users\Zhifei Chen\Desktop\pysmell\subjects_for_metrics\Gooey\gooey\gui\application.py,71,5,0,0,0
Gooey,C:\Users\Zhifei Chen\Desktop\pysmell\subjects_for_metrics\Gooey\gooey\gui\application.py,81,5,0,0,0
Gooey,C:\Users\Zhifei Chen\Desktop\pysmell\subjects_for_metrics\Gooey\gooey\gui\chooser_runner.py,9,5,0,0,0
Gooey,C:\Users\Zhifei Chen\Desktop\pysmell\subjects_for_metrics\Gooey\gooey\gui\component_builder.py,10,5,0,0,0
Gooey,C:\Users\Zhifei Chen\Desktop\pysmell\subjects_for_metrics\Gooey\gooey\gui\component_builder.py,25,2,0,0,0
Gooey,C:\Users\Zhifei Chen\Desktop\pysmell\subjects_for_metrics\Gooey\gooey\gui\component_builder.py,29,1,0,0,0
Gooey,C:\Users\Zhifei Chen\Desktop\pysmell\subjects_for_metrics\Gooey\gooey\gui\controller.py,30,7,0,0,0
Gooey,C:\Users\Zhifei Chen\Desktop\pysmell\subjects_for_metrics\Gooey\gooey\gui\controller.py,45,0,0,0,0
Gooey,C:\Users\Zhifei Chen\Desktop\pysmell\subjects_for_metrics\Gooey\gooey\gui\controller.py,48,1,0,0,0
Gooey,C:\Users\Zhifei Chen\Desktop\pysmell\subjects_for_metrics\Gooey\gooey\gui\controller.py,52,0,0,0,0
Gooey,C:\Users\Zhifei Chen\Desktop\pysmell\subjects_for_metrics\Gooey\gooey\gui\controller.py,55,0,0,0,0
Gooey,C:\Users\Zhifei Chen\Desktop\pysmell\subjects_for_metrics\Gooey\gooey\gui\controller.py,58,8,0,0,0
Gooey,C:\Users\Zhifei Chen\Desktop\pysmell\subjects_for_metrics\Gooey\gooey\gui\controller.py,68,6,0,0,0
Gooey,C:\Users\Zhifei Chen\Desktop\pysmell\subjects_for_metrics\Gooey\gooey\gui\controller.py,77,3,0,0,0
Gooey,C:\Users\Zhifei Chen\Desktop\pysmell\subjects_for_metrics\Gooey\gooey\gui\controller.py,82,6,0,0,0
Gooey,C:\Users\Zhifei Chen\Desktop\pysmell\subjects_for_metrics\Gooey\gooey\gui\controller.py,90,6,0,0,0
Gooey,C:\Users\Zhifei Chen\Desktop\pysmell\subjects_for_metrics\Gooey\gooey\gui\controller.py,99,1,0,0,0
Gooey,C:\Users\Zhifei Chen\Desktop\pysmell\subjects_for_metrics\Gooey\gooey\gui\controller.py,102,4,0,0,0
Gooey,C:\Users\Zhifei Chen\Desktop\pysmell\subjects_for_metrics\Gooey\gooey\gui\controller.py,108,0,0,0,0
Gooey,C:\Users\Zhifei Chen\Desktop\pysmell\subjects_for_metrics\Gooey\gooey\gui\controller.py,111,0,0,0,0
Gooey,C:\Users\Zhifei Chen\Desktop\pysmell\subjects_for_metrics\Gooey\gooey\gui\controller.py,114,3,0,0,0
Gooey,C:\Users\Zhifei Chen\Desktop\pysmell\subjects_for_metrics\Gooey\gooey\gui\imageutil.py,9,4,0,0,0
Gooey,C:\Users\Zhifei Chen\Desktop\pysmell\subjects_for_metrics\Gooey\gooey\gui\imageutil.py,16,7,0,0,0
Gooey,C:\Users\Zhifei Chen\Desktop\pysmell\subjects_for_metrics\Gooey\gooey\gui\image_repository.py,20,3,0,0,0
Gooey,C:\Users\Zhifei Chen\Desktop\pysmell\subjects_for_metrics\Gooey\gooey\gui\option_reader.py,17,2,0,0,0
Gooey,C:\Users\Zhifei Chen\Desktop\pysmell\subjects_for_metrics\Gooey\gooey\gui\pubsub.py,12,1,0,0,0
Gooey,C:\Users\Zhifei Chen\Desktop\pysmell\subjects_for_metrics\Gooey\gooey\gui\pubsub.py,16,0,0,0,0
Gooey,C:\Users\Zhifei Chen\Desktop\pysmell\subjects_for_metrics\Gooey\gooey\gui\pubsub.py,20,2,0,0,0
Gooey,C:\Users\Zhifei Chen\Desktop\pysmell\subjects_for_metrics\Gooey\gooey\gui\lang\i18n.py,23,5,0,0,0
Gooey,C:\Users\Zhifei Chen\Desktop\pysmell\subjects_for_metrics\Gooey\gooey\gui\lang\i18n.py,32,8,0,0,0
Gooey,C:\Users\Zhifei Chen\Desktop\pysmell\subjects_for_metrics\Gooey\gooey\gui\lang\i18n.py,43,1,0,0,0
Gooey,C:\Users\Zhifei Chen\Desktop\pysmell\subjects_for_metrics\Gooey\gooey\gui\lang\i18n.py,46,1,0,0,0
Gooey,C:\Users\Zhifei Chen\Desktop\pysmell\subjects_for_metrics\Gooey\gooey\gui\util\filedrop.py,4,1,0,0,0
Gooey,C:\Users\Zhifei Chen\Desktop\pysmell\subjects_for_metrics\Gooey\gooey\gui\util\filedrop.py,8,2,0,0,0
Gooey,C:\Users\Zhifei Chen\Desktop\pysmell\subjects_for_metrics\Gooey\gooey\gui\util\quoting.py,4,1,0,0,0
Gooey,C:\Users\Zhifei Chen\Desktop\pysmell\subjects_for_metrics\Gooey\gooey\gui\util\wx_util.py,8,4,0,0,0
Gooey,C:\Users\Zhifei Chen\Desktop\pysmell\subjects_for_metrics\Gooey\gooey\gui\util\wx_util.py,14,2,0,0,0
Gooey,C:\Users\Zhifei Chen\Desktop\pysmell\subjects_for_metrics\Gooey\gooey\gui\util\wx_util.py,18,5,0,0,0
Gooey,C:\Users\Zhifei Chen\Desktop\pysmell\subjects_for_metrics\Gooey\gooey\gui\util\wx_util.py,25,1,0,0,0
Gooey,C:\Users\Zhifei Chen\Desktop\pysmell\subjects_for_metrics\Gooey\gooey\gui\util\wx_util.py,28,1,0,0,0
Gooey,C:\Users\Zhifei Chen\Desktop\pysmell\subjects_for_metrics\Gooey\gooey\gui\util\wx_util.py,31,5,0,0,0
Gooey,C:\Users\Zhifei Chen\Desktop\pysmell\subjects_for_metrics\Gooey\gooey\gui\util\wx_util.py,38,1,0,0,0
Gooey,C:\Users\Zhifei Chen\Desktop\pysmell\subjects_for_metrics\Gooey\gooey\gui\util\wx_util.py,41,1,0,0,0
Gooey,C:\Users\Zhifei Chen\Desktop\pysmell\subjects_for_metrics\Gooey\gooey\gui\util\wx_util.py,44,3,0,0,0
Gooey,C:\Users\Zhifei Chen\Desktop\pysmell\subjects_for_metrics\Gooey\gooey\gui\widgets\calender_dialog.py,9,16,0,0,0
Gooey,C:\Users\Zhifei Chen\Desktop\pysmell\subjects_for_metrics\Gooey\gooey\gui\widgets\calender_dialog.py,34,1,0,0,0
Gooey,C:\Users\Zhifei Chen\Desktop\pysmell\subjects_for_metrics\Gooey\gooey\gui\widgets\calender_dialog.py,38,4,0,0,0
Gooey,C:\Users\Zhifei Chen\Desktop\pysmell\subjects_for_metrics\Gooey\gooey\gui\widgets\calender_dialog.py,44,1,0,0,0
Gooey,C:\Users\Zhifei Chen\Desktop\pysmell\subjects_for_metrics\Gooey\gooey\gui\widgets\choosers.py,12,8,0,0,0
Gooey,C:\Users\Zhifei Chen\Desktop\pysmell\subjects_for_metrics\Gooey\gooey\gui\widgets\choosers.py,27,1,0,0,0
Gooey,C:\Users\Zhifei Chen\Desktop\pysmell\subjects_for_metrics\Gooey\gooey\gui\widgets\choosers.py,30,22,0,0,0
Gooey,C:\Users\Zhifei Chen\Desktop\pysmell\subjects_for_metrics\Gooey\gooey\gui\widgets\choosers.py,61,3,0,0,0
Gooey,C:\Users\Zhifei Chen\Desktop\pysmell\subjects_for_metrics\Gooey\gooey\gui\widgets\choosers.py,68,4,0,0,0
Gooey,C:\Users\Zhifei Chen\Desktop\pysmell\subjects_for_metrics\Gooey\gooey\gui\widgets\choosers.py,74,8,0,0,0
Gooey,C:\Users\Zhifei Chen\Desktop\pysmell\subjects_for_metrics\Gooey\gooey\gui\widgets\choosers.py,86,1,0,0,0
Gooey,C:\Users\Zhifei Chen\Desktop\pysmell\subjects_for_metrics\Gooey\gooey\gui\widgets\choosers.py,92,0,0,0,0
Gooey,C:\Users\Zhifei Chen\Desktop\pysmell\subjects_for_metrics\Gooey\gooey\gui\widgets\choosers.py,95,6,0,0,0
Gooey,C:\Users\Zhifei Chen\Desktop\pysmell\subjects_for_metrics\Gooey\gooey\gui\widgets\choosers.py,105,0,0,0,0
Gooey,C:\Users\Zhifei Chen\Desktop\pysmell\subjects_for_metrics\Gooey\gooey\gui\widgets\choosers.py,108,6,0,0,0
Gooey,C:\Users\Zhifei Chen\Desktop\pysmell\subjects_for_metrics\Gooey\gooey\gui\widgets\choosers.py,118,1,0,0,0
Gooey,C:\Users\Zhifei Chen\Desktop\pysmell\subjects_for_metrics\Gooey\gooey\gui\widgets\choosers.py,122,4,0,0,0
Gooey,C:\Users\Zhifei Chen\Desktop\pysmell\subjects_for_metrics\Gooey\gooey\gui\widgets\components.py,8,5,0,0,0
Gooey,C:\Users\Zhifei Chen\Desktop\pysmell\subjects_for_metrics\Gooey\gooey\gui\widgets\components.py,25,1,0,0,0
Gooey,C:\Users\Zhifei Chen\Desktop\pysmell\subjects_for_metrics\Gooey\gooey\gui\widgets\components.py,28,15,0,0,0
Gooey,C:\Users\Zhifei Chen\Desktop\pysmell\subjects_for_metrics\Gooey\gooey\gui\widgets\components.py,54,6,0,0,0
Gooey,C:\Users\Zhifei Chen\Desktop\pysmell\subjects_for_metrics\Gooey\gooey\gui\widgets\components.py,62,3,0,0,0
Gooey,C:\Users\Zhifei Chen\Desktop\pysmell\subjects_for_metrics\Gooey\gooey\gui\widgets\components.py,67,7,0,0,0
Gooey,C:\Users\Zhifei Chen\Desktop\pysmell\subjects_for_metrics\Gooey\gooey\gui\widgets\components.py,76,2,0,0,0
Gooey,C:\Users\Zhifei Chen\Desktop\pysmell\subjects_for_metrics\Gooey\gooey\gui\widgets\components.py,85,9,0,0,0
Gooey,C:\Users\Zhifei Chen\Desktop\pysmell\subjects_for_metrics\Gooey\gooey\gui\widgets\components.py,97,1,0,0,0
Gooey,C:\Users\Zhifei Chen\Desktop\pysmell\subjects_for_metrics\Gooey\gooey\gui\widgets\components.py,100,1,0,0,0
Gooey,C:\Users\Zhifei Chen\Desktop\pysmell\subjects_for_metrics\Gooey\gooey\gui\widgets\components.py,104,1,0,0,0
Gooey,C:\Users\Zhifei Chen\Desktop\pysmell\subjects_for_metrics\Gooey\gooey\gui\widgets\components.py,109,3,0,0,0
Gooey,C:\Users\Zhifei Chen\Desktop\pysmell\subjects_for_metrics\Gooey\gooey\gui\widgets\components.py,117,1,0,0,0
Gooey,C:\Users\Zhifei Chen\Desktop\pysmell\subjects_for_metrics\Gooey\gooey\gui\widgets\components.py,120,16,0,0,0
Gooey,C:\Users\Zhifei Chen\Desktop\pysmell\subjects_for_metrics\Gooey\gooey\gui\widgets\components.py,144,0,0,0,0
Gooey,C:\Users\Zhifei Chen\Desktop\pysmell\subjects_for_metrics\Gooey\gooey\gui\widgets\components.py,147,7,0,0,0
Gooey,C:\Users\Zhifei Chen\Desktop\pysmell\subjects_for_metrics\Gooey\gooey\gui\widgets\components.py,157,1,0,0,0
Gooey,C:\Users\Zhifei Chen\Desktop\pysmell\subjects_for_metrics\Gooey\gooey\gui\widgets\components.py,160,1,0,0,0
Gooey,C:\Users\Zhifei Chen\Desktop\pysmell\subjects_for_metrics\Gooey\gooey\gui\widgets\components.py,165,6,0,0,0
Gooey,C:\Users\Zhifei Chen\Desktop\pysmell\subjects_for_metrics\Gooey\gooey\gui\widgets\components.py,175,1,0,0,0
Gooey,C:\Users\Zhifei Chen\Desktop\pysmell\subjects_for_metrics\Gooey\gooey\gui\widgets\components.py,178,17,0,0,0
Gooey,C:\Users\Zhifei Chen\Desktop\pysmell\subjects_for_metrics\Gooey\gooey\gui\widgets\components.py,207,0,0,0,0
Gooey,C:\Users\Zhifei Chen\Desktop\pysmell\subjects_for_metrics\Gooey\gooey\gui\widgets\components.py,210,7,0,0,0
Gooey,C:\Users\Zhifei Chen\Desktop\pysmell\subjects_for_metrics\Gooey\gooey\gui\widgets\components.py,220,5,0,0,0
Gooey,C:\Users\Zhifei Chen\Desktop\pysmell\subjects_for_metrics\Gooey\gooey\gui\widgets\components.py,227,1,0,0,0
Gooey,C:\Users\Zhifei Chen\Desktop\pysmell\subjects_for_metrics\Gooey\gooey\gui\widgets\widget_pack.py,25,2,0,0,0
Gooey,C:\Users\Zhifei Chen\Desktop\pysmell\subjects_for_metrics\Gooey\gooey\gui\widgets\widget_pack.py,29,2,0,0,0
Gooey,C:\Users\Zhifei Chen\Desktop\pysmell\subjects_for_metrics\Gooey\gooey\gui\widgets\widget_pack.py,33,1,0,0,0
Gooey,C:\Users\Zhifei Chen\Desktop\pysmell\subjects_for_metrics\Gooey\gooey\gui\widgets\widget_pack.py,36,2,0,0,0
Gooey,C:\Users\Zhifei Chen\Desktop\pysmell\subjects_for_metrics\Gooey\gooey\gui\widgets\widget_pack.py,44,5,0,0,0
Gooey,C:\Users\Zhifei Chen\Desktop\pysmell\subjects_for_metrics\Gooey\gooey\gui\widgets\widget_pack.py,51,14,0,0,0
Gooey,C:\Users\Zhifei Chen\Desktop\pysmell\subjects_for_metrics\Gooey\gooey\gui\widgets\widget_pack.py,69,4,0,0,0
Gooey,C:\Users\Zhifei Chen\Desktop\pysmell\subjects_for_metrics\Gooey\gooey\gui\widgets\widget_pack.py,76,1,0,0,0
Gooey,C:\Users\Zhifei Chen\Desktop\pysmell\subjects_for_metrics\Gooey\gooey\gui\widgets\widget_pack.py,80,1,0,0,0
Gooey,C:\Users\Zhifei Chen\Desktop\pysmell\subjects_for_metrics\Gooey\gooey\gui\widgets\widget_pack.py,85,1,0,0,0
Gooey,C:\Users\Zhifei Chen\Desktop\pysmell\subjects_for_metrics\Gooey\gooey\gui\widgets\widget_pack.py,89,6,0,0,0
Gooey,C:\Users\Zhifei Chen\Desktop\pysmell\subjects_for_metrics\Gooey\gooey\gui\widgets\widget_pack.py,97,4,0,0,0
Gooey,C:\Users\Zhifei Chen\Desktop\pysmell\subjects_for_metrics\Gooey\gooey\gui\widgets\widget_pack.py,105,0,0,0,0
Gooey,C:\Users\Zhifei Chen\Desktop\pysmell\subjects_for_metrics\Gooey\gooey\gui\widgets\widget_pack.py,108,1,0,0,0
Gooey,C:\Users\Zhifei Chen\Desktop\pysmell\subjects_for_metrics\Gooey\gooey\gui\widgets\widget_pack.py,112,3,0,0,0
Gooey,C:\Users\Zhifei Chen\Desktop\pysmell\subjects_for_metrics\Gooey\gooey\gui\widgets\widget_pack.py,126,2,0,0,0
Gooey,C:\Users\Zhifei Chen\Desktop\pysmell\subjects_for_metrics\Gooey\gooey\gui\widgets\widget_pack.py,130,8,0,0,0
Gooey,C:\Users\Zhifei Chen\Desktop\pysmell\subjects_for_metrics\Gooey\gooey\gui\widgets\widget_pack.py,140,4,0,0,0
Gooey,C:\Users\Zhifei Chen\Desktop\pysmell\subjects_for_metrics\Gooey\gooey\gui\widgets\widget_pack.py,147,0,0,0,0
Gooey,C:\Users\Zhifei Chen\Desktop\pysmell\subjects_for_metrics\Gooey\gooey\gui\widgets\widget_pack.py,155,2,0,0,0
Gooey,C:\Users\Zhifei Chen\Desktop\pysmell\subjects_for_metrics\Gooey\gooey\gui\widgets\widget_pack.py,159,3,0,0,0
Gooey,C:\Users\Zhifei Chen\Desktop\pysmell\subjects_for_metrics\Gooey\gooey\gui\widgets\widget_pack.py,170,5,0,0,0
Gooey,C:\Users\Zhifei Chen\Desktop\pysmell\subjects_for_metrics\Gooey\gooey\gui\widgets\widget_pack.py,178,0,0,0,0
Gooey,C:\Users\Zhifei Chen\Desktop\pysmell\subjects_for_metrics\Gooey\gooey\gui\widgets\widget_pack.py,184,2,0,0,0
Gooey,C:\Users\Zhifei Chen\Desktop\pysmell\subjects_for_metrics\Gooey\gooey\gui\widgets\widget_pack.py,188,3,0,0,0
Gooey,C:\Users\Zhifei Chen\Desktop\pysmell\subjects_for_metrics\Gooey\gooey\gui\widgets\widget_pack.py,199,6,0,0,0
Gooey,C:\Users\Zhifei Chen\Desktop\pysmell\subjects_for_metrics\Gooey\gooey\gui\widgets\widget_pack.py,213,1,0,0,0
Gooey,C:\Users\Zhifei Chen\Desktop\pysmell\subjects_for_metrics\Gooey\gooey\gui\windows\advanced_config.py,24,9,0,0,0
Gooey,C:\Users\Zhifei Chen\Desktop\pysmell\subjects_for_metrics\Gooey\gooey\gui\windows\advanced_config.py,44,20,0,0,0
Gooey,C:\Users\Zhifei Chen\Desktop\pysmell\subjects_for_metrics\Gooey\gooey\gui\windows\advanced_config.py,75,6,0,0,0
Gooey,C:\Users\Zhifei Chen\Desktop\pysmell\subjects_for_metrics\Gooey\gooey\gui\windows\advanced_config.py,84,1,0,0,0
Gooey,C:\Users\Zhifei Chen\Desktop\pysmell\subjects_for_metrics\Gooey\gooey\gui\windows\advanced_config.py,88,2,0,0,0
Gooey,C:\Users\Zhifei Chen\Desktop\pysmell\subjects_for_metrics\Gooey\gooey\gui\windows\advanced_config.py,92,2,0,0,0
Gooey,C:\Users\Zhifei Chen\Desktop\pysmell\subjects_for_metrics\Gooey\gooey\gui\windows\advanced_config.py,101,1,0,0,0
Gooey,C:\Users\Zhifei Chen\Desktop\pysmell\subjects_for_metrics\Gooey\gooey\gui\windows\advanced_config.py,104,2,0,0,0
Gooey,C:\Users\Zhifei Chen\Desktop\pysmell\subjects_for_metrics\Gooey\gooey\gui\windows\base_window.py,19,17,0,0,0
Gooey,C:\Users\Zhifei Chen\Desktop\pysmell\subjects_for_metrics\Gooey\gooey\gui\windows\base_window.py,46,3,0,0,0
Gooey,C:\Users\Zhifei Chen\Desktop\pysmell\subjects_for_metrics\Gooey\gooey\gui\windows\base_window.py,53,5,0,0,0
Gooey,C:\Users\Zhifei Chen\Desktop\pysmell\subjects_for_metrics\Gooey\gooey\gui\windows\base_window.py,65,16,0,0,0
Gooey,C:\Users\Zhifei Chen\Desktop\pysmell\subjects_for_metrics\Gooey\gooey\gui\windows\base_window.py,91,2,0,0,0
Gooey,C:\Users\Zhifei Chen\Desktop\pysmell\subjects_for_metrics\Gooey\gooey\gui\windows\base_window.py,95,1,0,0,0
Gooey,C:\Users\Zhifei Chen\Desktop\pysmell\subjects_for_metrics\Gooey\gooey\gui\windows\base_window.py,98,2,0,0,0
Gooey,C:\Users\Zhifei Chen\Desktop\pysmell\subjects_for_metrics\Gooey\gooey\gui\windows\base_window.py,102,1,0,0,0
Gooey,C:\Users\Zhifei Chen\Desktop\pysmell\subjects_for_metrics\Gooey\gooey\gui\windows\base_window.py,105,1,0,0,0
Gooey,C:\Users\Zhifei Chen\Desktop\pysmell\subjects_for_metrics\Gooey\gooey\gui\windows\base_window.py,108,1,0,0,0
Gooey,C:\Users\Zhifei Chen\Desktop\pysmell\subjects_for_metrics\Gooey\gooey\gui\windows\base_window.py,112,5,0,0,0
Gooey,C:\Users\Zhifei Chen\Desktop\pysmell\subjects_for_metrics\Gooey\gooey\gui\windows\base_window.py,114,1,0,0,0
Gooey,C:\Users\Zhifei Chen\Desktop\pysmell\subjects_for_metrics\Gooey\gooey\gui\windows\base_window.py,118,2,0,0,0
Gooey,C:\Users\Zhifei Chen\Desktop\pysmell\subjects_for_metrics\Gooey\gooey\gui\windows\base_window.py,123,0,0,0,0
Gooey,C:\Users\Zhifei Chen\Desktop\pysmell\subjects_for_metrics\Gooey\gooey\gui\windows\base_window.py,126,0,0,0,0
Gooey,C:\Users\Zhifei Chen\Desktop\pysmell\subjects_for_metrics\Gooey\gooey\gui\windows\base_window.py,131,0,0,0,0
Gooey,C:\Users\Zhifei Chen\Desktop\pysmell\subjects_for_metrics\Gooey\gooey\gui\windows\base_window.py,134,0,0,0,0
Gooey,C:\Users\Zhifei Chen\Desktop\pysmell\subjects_for_metrics\Gooey\gooey\gui\windows\base_window.py,137,0,0,0,0
Gooey,C:\Users\Zhifei Chen\Desktop\pysmell\subjects_for_metrics\Gooey\gooey\gui\windows\base_window.py,140,0,0,0,0
Gooey,C:\Users\Zhifei Chen\Desktop\pysmell\subjects_for_metrics\Gooey\gooey\gui\windows\footer.py,21,14,0,0,0
Gooey,C:\Users\Zhifei Chen\Desktop\pysmell\subjects_for_metrics\Gooey\gooey\gui\windows\footer.py,45,8,0,0,0
Gooey,C:\Users\Zhifei Chen\Desktop\pysmell\subjects_for_metrics\Gooey\gooey\gui\windows\footer.py,57,5,0,0,0
Gooey,C:\Users\Zhifei Chen\Desktop\pysmell\subjects_for_metrics\Gooey\gooey\gui\windows\footer.py,58,4,0,0,0
Gooey,C:\Users\Zhifei Chen\Desktop\pysmell\subjects_for_metrics\Gooey\gooey\gui\windows\footer.py,65,3,0,0,0
Gooey,C:\Users\Zhifei Chen\Desktop\pysmell\subjects_for_metrics\Gooey\gooey\gui\windows\footer.py,71,6,0,0,0
Gooey,C:\Users\Zhifei Chen\Desktop\pysmell\subjects_for_metrics\Gooey\gooey\gui\windows\footer.py,80,0,0,0,0
Gooey,C:\Users\Zhifei Chen\Desktop\pysmell\subjects_for_metrics\Gooey\gooey\gui\windows\footer.py,85,0,0,0,0
Gooey,C:\Users\Zhifei Chen\Desktop\pysmell\subjects_for_metrics\Gooey\gooey\gui\windows\footer.py,88,2,0,0,0
Gooey,C:\Users\Zhifei Chen\Desktop\pysmell\subjects_for_metrics\Gooey\gooey\gui\windows\footer.py,92,18,0,0,0
Gooey,C:\Users\Zhifei Chen\Desktop\pysmell\subjects_for_metrics\Gooey\gooey\gui\windows\footer.py,118,1,0,0,0
Gooey,C:\Users\Zhifei Chen\Desktop\pysmell\subjects_for_metrics\Gooey\gooey\gui\windows\footer.py,126,2,0,0,0
Gooey,C:\Users\Zhifei Chen\Desktop\pysmell\subjects_for_metrics\Gooey\gooey\gui\windows\footer.py,130,1,0,0,0
Gooey,C:\Users\Zhifei Chen\Desktop\pysmell\subjects_for_metrics\Gooey\gooey\gui\windows\footer.py,144,2,0,0,0
Gooey,C:\Users\Zhifei Chen\Desktop\pysmell\subjects_for_metrics\Gooey\gooey\gui\windows\footer.py,149,1,0,0,0
Gooey,C:\Users\Zhifei Chen\Desktop\pysmell\subjects_for_metrics\Gooey\gooey\gui\windows\header.py,19,16,0,0,0
Gooey,C:\Users\Zhifei Chen\Desktop\pysmell\subjects_for_metrics\Gooey\gooey\gui\windows\header.py,43,2,0,0,0
Gooey,C:\Users\Zhifei Chen\Desktop\pysmell\subjects_for_metrics\Gooey\gooey\gui\windows\header.py,48,6,0,0,0
Gooey,C:\Users\Zhifei Chen\Desktop\pysmell\subjects_for_metrics\Gooey\gooey\gui\windows\header.py,59,13,0,0,0
Gooey,C:\Users\Zhifei Chen\Desktop\pysmell\subjects_for_metrics\Gooey\gooey\gui\windows\header.py,74,1,0,0,0
Gooey,C:\Users\Zhifei Chen\Desktop\pysmell\subjects_for_metrics\Gooey\gooey\gui\windows\header.py,77,6,0,0,0
Gooey,C:\Users\Zhifei Chen\Desktop\pysmell\subjects_for_metrics\Gooey\gooey\gui\windows\header.py,85,2,0,0,0
Gooey,C:\Users\Zhifei Chen\Desktop\pysmell\subjects_for_metrics\Gooey\gooey\gui\windows\header.py,89,5,0,0,0
Gooey,C:\Users\Zhifei Chen\Desktop\pysmell\subjects_for_metrics\Gooey\gooey\gui\windows\header.py,91,6,0,0,0
Gooey,C:\Users\Zhifei Chen\Desktop\pysmell\subjects_for_metrics\Gooey\gooey\gui\windows\header.py,100,6,0,0,0
Gooey,C:\Users\Zhifei Chen\Desktop\pysmell\subjects_for_metrics\Gooey\gooey\gui\windows\header.py,109,4,0,0,0
Gooey,C:\Users\Zhifei Chen\Desktop\pysmell\subjects_for_metrics\Gooey\gooey\gui\windows\header.py,116,4,0,0,0
Gooey,C:\Users\Zhifei Chen\Desktop\pysmell\subjects_for_metrics\Gooey\gooey\gui\windows\header.py,125,0,0,0,0
Gooey,C:\Users\Zhifei Chen\Desktop\pysmell\subjects_for_metrics\Gooey\gooey\gui\windows\layouts.py,26,7,0,0,0
Gooey,C:\Users\Zhifei Chen\Desktop\pysmell\subjects_for_metrics\Gooey\gooey\gui\windows\layouts.py,37,1,0,0,0
Gooey,C:\Users\Zhifei Chen\Desktop\pysmell\subjects_for_metrics\Gooey\gooey\gui\windows\layouts.py,40,1,0,0,0
Gooey,C:\Users\Zhifei Chen\Desktop\pysmell\subjects_for_metrics\Gooey\gooey\gui\windows\layouts.py,45,14,0,0,0
Gooey,C:\Users\Zhifei Chen\Desktop\pysmell\subjects_for_metrics\Gooey\gooey\gui\windows\layouts.py,65,3,0,0,0
Gooey,C:\Users\Zhifei Chen\Desktop\pysmell\subjects_for_metrics\Gooey\gooey\gui\windows\layouts.py,71,6,0,0,0
Gooey,C:\Users\Zhifei Chen\Desktop\pysmell\subjects_for_metrics\Gooey\gooey\gui\windows\layouts.py,79,1,0,0,0
Gooey,C:\Users\Zhifei Chen\Desktop\pysmell\subjects_for_metrics\Gooey\gooey\gui\windows\layouts.py,82,1,0,0,0
Gooey,C:\Users\Zhifei Chen\Desktop\pysmell\subjects_for_metrics\Gooey\gooey\gui\windows\layouts.py,87,2,0,0,0
Gooey,C:\Users\Zhifei Chen\Desktop\pysmell\subjects_for_metrics\Gooey\gooey\gui\windows\runtime_display_panel.py,16,1,0,0,0
Gooey,C:\Users\Zhifei Chen\Desktop\pysmell\subjects_for_metrics\Gooey\gooey\gui\windows\runtime_display_panel.py,21,1,0,0,0
Gooey,C:\Users\Zhifei Chen\Desktop\pysmell\subjects_for_metrics\Gooey\gooey\gui\windows\runtime_display_panel.py,26,4,0,0,0
Gooey,C:\Users\Zhifei Chen\Desktop\pysmell\subjects_for_metrics\Gooey\gooey\gui\windows\runtime_display_panel.py,36,0,0,0,0
Gooey,C:\Users\Zhifei Chen\Desktop\pysmell\subjects_for_metrics\Gooey\gooey\gui\windows\runtime_display_panel.py,39,8,0,0,0
Gooey,C:\Users\Zhifei Chen\Desktop\pysmell\subjects_for_metrics\Gooey\gooey\gui\windows\runtime_display_panel.py,50,8,0,0,0
Gooey,C:\Users\Zhifei Chen\Desktop\pysmell\subjects_for_metrics\Gooey\gooey\gui\windows\runtime_display_panel.py,61,4,0,0,0
Gooey,C:\Users\Zhifei Chen\Desktop\pysmell\subjects_for_metrics\Gooey\gooey\gui\windows\runtime_display_panel.py,68,0,0,0,0
Gooey,C:\Users\Zhifei Chen\Desktop\pysmell\subjects_for_metrics\Gooey\gooey\gui\windows\runtime_display_panel.py,71,2,0,0,0
Gooey,C:\Users\Zhifei Chen\Desktop\pysmell\subjects_for_metrics\Gooey\gooey\gui\windows\runtime_display_panel.py,75,1,0,0,0
Gooey,C:\Users\Zhifei Chen\Desktop\pysmell\subjects_for_metrics\Gooey\gooey\gui\windows\sidebar.py,10,7,0,0,0
Gooey,C:\Users\Zhifei Chen\Desktop\pysmell\subjects_for_metrics\Gooey\gooey\gui\windows\sidebar.py,22,1,0,0,0
Gooey,C:\Users\Zhifei Chen\Desktop\pysmell\subjects_for_metrics\Gooey\gooey\gui\windows\sidebar.py,25,14,0,0,0
Gooey,C:\Users\Zhifei Chen\Desktop\pysmell\subjects_for_metrics\Gooey\gooey\gui\windows\sidebar.py,45,1,0,0,0
Gooey,C:\Users\Zhifei Chen\Desktop\pysmell\subjects_for_metrics\Gooey\gooey\python_bindings\argparse_to_json.py,40,12,0,0,0
Gooey,C:\Users\Zhifei Chen\Desktop\pysmell\subjects_for_metrics\Gooey\gooey\python_bindings\argparse_to_json.py,60,9,0,0,0
Gooey,C:\Users\Zhifei Chen\Desktop\pysmell\subjects_for_metrics\Gooey\gooey\python_bindings\argparse_to_json.py,78,13,0,0,0
Gooey,C:\Users\Zhifei Chen\Desktop\pysmell\subjects_for_metrics\Gooey\gooey\python_bindings\argparse_to_json.py,95,3,0,0,0
Gooey,C:\Users\Zhifei Chen\Desktop\pysmell\subjects_for_metrics\Gooey\gooey\python_bindings\argparse_to_json.py,100,1,0,0,0
Gooey,C:\Users\Zhifei Chen\Desktop\pysmell\subjects_for_metrics\Gooey\gooey\python_bindings\argparse_to_json.py,104,1,0,0,0
Gooey,C:\Users\Zhifei Chen\Desktop\pysmell\subjects_for_metrics\Gooey\gooey\python_bindings\argparse_to_json.py,107,1,0,0,0
Gooey,C:\Users\Zhifei Chen\Desktop\pysmell\subjects_for_metrics\Gooey\gooey\python_bindings\argparse_to_json.py,110,1,0,0,0
Gooey,C:\Users\Zhifei Chen\Desktop\pysmell\subjects_for_metrics\Gooey\gooey\python_bindings\argparse_to_json.py,113,1,0,0,0
Gooey,C:\Users\Zhifei Chen\Desktop\pysmell\subjects_for_metrics\Gooey\gooey\python_bindings\argparse_to_json.py,116,1,0,0,0
Gooey,C:\Users\Zhifei Chen\Desktop\pysmell\subjects_for_metrics\Gooey\gooey\python_bindings\argparse_to_json.py,120,1,0,0,0
Gooey,C:\Users\Zhifei Chen\Desktop\pysmell\subjects_for_metrics\Gooey\gooey\python_bindings\argparse_to_json.py,124,7,0,0,0
Gooey,C:\Users\Zhifei Chen\Desktop\pysmell\subjects_for_metrics\Gooey\gooey\python_bindings\argparse_to_json.py,138,2,0,0,0
Gooey,C:\Users\Zhifei Chen\Desktop\pysmell\subjects_for_metrics\Gooey\gooey\python_bindings\argparse_to_json.py,143,1,0,0,0
Gooey,C:\Users\Zhifei Chen\Desktop\pysmell\subjects_for_metrics\Gooey\gooey\python_bindings\argparse_to_json.py,147,14,0,0,0
Gooey,C:\Users\Zhifei Chen\Desktop\pysmell\subjects_for_metrics\Gooey\gooey\python_bindings\argparse_to_json.py,169,12,0,0,0
Gooey,C:\Users\Zhifei Chen\Desktop\pysmell\subjects_for_metrics\Gooey\gooey\python_bindings\codegen.py,60,3,0,0,0
Gooey,C:\Users\Zhifei Chen\Desktop\pysmell\subjects_for_metrics\Gooey\gooey\python_bindings\codegen.py,89,5,0,0,0
Gooey,C:\Users\Zhifei Chen\Desktop\pysmell\subjects_for_metrics\Gooey\gooey\python_bindings\codegen.py,96,6,0,0,0
Gooey,C:\Users\Zhifei Chen\Desktop\pysmell\subjects_for_metrics\Gooey\gooey\python_bindings\codegen.py,104,4,0,0,0
Gooey,C:\Users\Zhifei Chen\Desktop\pysmell\subjects_for_metrics\Gooey\gooey\python_bindings\codegen.py,110,5,0,0,0
Gooey,C:\Users\Zhifei Chen\Desktop\pysmell\subjects_for_metrics\Gooey\gooey\python_bindings\codegen.py,117,4,0,0,0
Gooey,C:\Users\Zhifei Chen\Desktop\pysmell\subjects_for_metrics\Gooey\gooey\python_bindings\codegen.py,124,15,0,0,0
Gooey,C:\Users\Zhifei Chen\Desktop\pysmell\subjects_for_metrics\Gooey\gooey\python_bindings\codegen.py,127,3,0,0,0
Gooey,C:\Users\Zhifei Chen\Desktop\pysmell\subjects_for_metrics\Gooey\gooey\python_bindings\codegen.py,147,4,0,0,0
Gooey,C:\Users\Zhifei Chen\Desktop\pysmell\subjects_for_metrics\Gooey\gooey\python_bindings\codegen.py,155,6,0,0,0
Gooey,C:\Users\Zhifei Chen\Desktop\pysmell\subjects_for_metrics\Gooey\gooey\python_bindings\codegen.py,164,3,0,0,0
Gooey,C:\Users\Zhifei Chen\Desktop\pysmell\subjects_for_metrics\Gooey\gooey\python_bindings\codegen.py,170,5,0,0,0
Gooey,C:\Users\Zhifei Chen\Desktop\pysmell\subjects_for_metrics\Gooey\gooey\python_bindings\codegen.py,178,3,0,0,0
Gooey,C:\Users\Zhifei Chen\Desktop\pysmell\subjects_for_metrics\Gooey\gooey\python_bindings\codegen.py,184,1,0,0,0
Gooey,C:\Users\Zhifei Chen\Desktop\pysmell\subjects_for_metrics\Gooey\gooey\python_bindings\codegen.py,188,6,0,0,0
Gooey,C:\Users\Zhifei Chen\Desktop\pysmell\subjects_for_metrics\Gooey\gooey\python_bindings\codegen.py,197,24,1,0,0
Gooey,C:\Users\Zhifei Chen\Desktop\pysmell\subjects_for_metrics\Gooey\gooey\python_bindings\codegen.py,200,4,0,0,0
Gooey,C:\Users\Zhifei Chen\Desktop\pysmell\subjects_for_metrics\Gooey\gooey\python_bindings\codegen.py,232,17,0,0,0
Gooey,C:\Users\Zhifei Chen\Desktop\pysmell\subjects_for_metrics\Gooey\gooey\python_bindings\codegen.py,253,6,0,0,0
Gooey,C:\Users\Zhifei Chen\Desktop\pysmell\subjects_for_metrics\Gooey\gooey\python_bindings\codegen.py,262,4,0,0,0
Gooey,C:\Users\Zhifei Chen\Desktop\pysmell\subjects_for_metrics\Gooey\gooey\python_bindings\codegen.py,269,7,0,0,0
Gooey,C:\Users\Zhifei Chen\Desktop\pysmell\subjects_for_metrics\Gooey\gooey\python_bindings\codegen.py,279,1,0,0,0
Gooey,C:\Users\Zhifei Chen\Desktop\pysmell\subjects_for_metrics\Gooey\gooey\python_bindings\codegen.py,283,13,0,0,0
Gooey,C:\Users\Zhifei Chen\Desktop\pysmell\subjects_for_metrics\Gooey\gooey\python_bindings\codegen.py,300,5,0,0,0
Gooey,C:\Users\Zhifei Chen\Desktop\pysmell\subjects_for_metrics\Gooey\gooey\python_bindings\codegen.py,308,4,0,0,0
Gooey,C:\Users\Zhifei Chen\Desktop\pysmell\subjects_for_metrics\Gooey\gooey\python_bindings\codegen.py,315,5,0,0,0
Gooey,C:\Users\Zhifei Chen\Desktop\pysmell\subjects_for_metrics\Gooey\gooey\python_bindings\codegen.py,323,1,0,0,0
Gooey,C:\Users\Zhifei Chen\Desktop\pysmell\subjects_for_metrics\Gooey\gooey\python_bindings\codegen.py,327,1,0,0,0
Gooey,C:\Users\Zhifei Chen\Desktop\pysmell\subjects_for_metrics\Gooey\gooey\python_bindings\codegen.py,331,4,0,0,0
Gooey,C:\Users\Zhifei Chen\Desktop\pysmell\subjects_for_metrics\Gooey\gooey\python_bindings\codegen.py,339,1,0,0,0
Gooey,C:\Users\Zhifei Chen\Desktop\pysmell\subjects_for_metrics\Gooey\gooey\python_bindings\codegen.py,343,1,0,0,0
Gooey,C:\Users\Zhifei Chen\Desktop\pysmell\subjects_for_metrics\Gooey\gooey\python_bindings\codegen.py,347,15,0,0,0
Gooey,C:\Users\Zhifei Chen\Desktop\pysmell\subjects_for_metrics\Gooey\gooey\python_bindings\codegen.py,368,1,0,0,0
Gooey,C:\Users\Zhifei Chen\Desktop\pysmell\subjects_for_metrics\Gooey\gooey\python_bindings\codegen.py,372,20,0,0,0
Gooey,C:\Users\Zhifei Chen\Desktop\pysmell\subjects_for_metrics\Gooey\gooey\python_bindings\codegen.py,375,3,0,0,0
Gooey,C:\Users\Zhifei Chen\Desktop\pysmell\subjects_for_metrics\Gooey\gooey\python_bindings\codegen.py,400,0,0,0,0
Gooey,C:\Users\Zhifei Chen\Desktop\pysmell\subjects_for_metrics\Gooey\gooey\python_bindings\codegen.py,403,0,0,0,0
Gooey,C:\Users\Zhifei Chen\Desktop\pysmell\subjects_for_metrics\Gooey\gooey\python_bindings\codegen.py,406,0,0,0,0
Gooey,C:\Users\Zhifei Chen\Desktop\pysmell\subjects_for_metrics\Gooey\gooey\python_bindings\codegen.py,409,0,0,0,0
Gooey,C:\Users\Zhifei Chen\Desktop\pysmell\subjects_for_metrics\Gooey\gooey\python_bindings\codegen.py,412,6,0,0,0
Gooey,C:\Users\Zhifei Chen\Desktop\pysmell\subjects_for_metrics\Gooey\gooey\python_bindings\codegen.py,421,2,0,0,0
Gooey,C:\Users\Zhifei Chen\Desktop\pysmell\subjects_for_metrics\Gooey\gooey\python_bindings\codegen.py,422,5,0,0,0
Gooey,C:\Users\Zhifei Chen\Desktop\pysmell\subjects_for_metrics\Gooey\gooey\python_bindings\codegen.py,435,7,0,0,0
Gooey,C:\Users\Zhifei Chen\Desktop\pysmell\subjects_for_metrics\Gooey\gooey\python_bindings\codegen.py,445,2,0,0,0
Gooey,C:\Users\Zhifei Chen\Desktop\pysmell\subjects_for_metrics\Gooey\gooey\python_bindings\codegen.py,450,5,0,0,0
Gooey,C:\Users\Zhifei Chen\Desktop\pysmell\subjects_for_metrics\Gooey\gooey\python_bindings\codegen.py,458,5,0,0,0
Gooey,C:\Users\Zhifei Chen\Desktop\pysmell\subjects_for_metrics\Gooey\gooey\python_bindings\codegen.py,466,6,0,0,0
Gooey,C:\Users\Zhifei Chen\Desktop\pysmell\subjects_for_metrics\Gooey\gooey\python_bindings\codegen.py,475,3,0,0,0
Gooey,C:\Users\Zhifei Chen\Desktop\pysmell\subjects_for_metrics\Gooey\gooey\python_bindings\codegen.py,481,9,0,0,0
Gooey,C:\Users\Zhifei Chen\Desktop\pysmell\subjects_for_metrics\Gooey\gooey\python_bindings\codegen.py,492,4,0,0,0
Gooey,C:\Users\Zhifei Chen\Desktop\pysmell\subjects_for_metrics\Gooey\gooey\python_bindings\codegen.py,498,1,0,0,0
Gooey,C:\Users\Zhifei Chen\Desktop\pysmell\subjects_for_metrics\Gooey\gooey\python_bindings\codegen.py,502,3,0,0,0
Gooey,C:\Users\Zhifei Chen\Desktop\pysmell\subjects_for_metrics\Gooey\gooey\python_bindings\codegen.py,508,0,0,0,0
Gooey,C:\Users\Zhifei Chen\Desktop\pysmell\subjects_for_metrics\Gooey\gooey\python_bindings\codegen.py,511,2,0,0,0
Gooey,C:\Users\Zhifei Chen\Desktop\pysmell\subjects_for_metrics\Gooey\gooey\python_bindings\codegen.py,512,4,0,0,0
Gooey,C:\Users\Zhifei Chen\Desktop\pysmell\subjects_for_metrics\Gooey\gooey\python_bindings\codegen.py,525,6,0,0,0
Gooey,C:\Users\Zhifei Chen\Desktop\pysmell\subjects_for_metrics\Gooey\gooey\python_bindings\codegen.py,534,4,0,0,0
Gooey,C:\Users\Zhifei Chen\Desktop\pysmell\subjects_for_metrics\Gooey\gooey\python_bindings\codegen.py,541,1,0,0,0
Gooey,C:\Users\Zhifei Chen\Desktop\pysmell\subjects_for_metrics\Gooey\gooey\python_bindings\codegen.py,545,2,0,0,0
Gooey,C:\Users\Zhifei Chen\Desktop\pysmell\subjects_for_metrics\Gooey\gooey\python_bindings\codegen.py,553,2,0,0,0
Gooey,C:\Users\Zhifei Chen\Desktop\pysmell\subjects_for_metrics\Gooey\gooey\python_bindings\codegen.py,558,7,0,0,0
Gooey,C:\Users\Zhifei Chen\Desktop\pysmell\subjects_for_metrics\Gooey\gooey\python_bindings\codegen.py,568,9,0,0,0
Gooey,C:\Users\Zhifei Chen\Desktop\pysmell\subjects_for_metrics\Gooey\gooey\python_bindings\code_prep.py,31,1,0,0,0
Gooey,C:\Users\Zhifei Chen\Desktop\pysmell\subjects_for_metrics\Gooey\gooey\python_bindings\code_prep.py,34,1,0,0,0
Gooey,C:\Users\Zhifei Chen\Desktop\pysmell\subjects_for_metrics\Gooey\gooey\python_bindings\code_prep.py,37,2,0,0,0
Gooey,C:\Users\Zhifei Chen\Desktop\pysmell\subjects_for_metrics\Gooey\gooey\python_bindings\code_prep.py,44,5,0,0,0
Gooey,C:\Users\Zhifei Chen\Desktop\pysmell\subjects_for_metrics\Gooey\gooey\python_bindings\config_generator.py,8,23,0,0,0
Gooey,C:\Users\Zhifei Chen\Desktop\pysmell\subjects_for_metrics\Gooey\gooey\python_bindings\config_generator.py,45,1,0,0,0
Gooey,C:\Users\Zhifei Chen\Desktop\pysmell\subjects_for_metrics\Gooey\gooey\python_bindings\docopt_to_json.py,36,2,0,0,0
Gooey,C:\Users\Zhifei Chen\Desktop\pysmell\subjects_for_metrics\Gooey\gooey\python_bindings\docopt_to_json.py,41,14,0,0,0
Gooey,C:\Users\Zhifei Chen\Desktop\pysmell\subjects_for_metrics\Gooey\gooey\python_bindings\docopt_to_json.py,58,2,0,0,0
Gooey,C:\Users\Zhifei Chen\Desktop\pysmell\subjects_for_metrics\Gooey\gooey\python_bindings\gooey_decorator.py,25,11,0,0,0
Gooey,C:\Users\Zhifei Chen\Desktop\pysmell\subjects_for_metrics\Gooey\gooey\python_bindings\gooey_decorator.py,44,4,0,0,0
Gooey,C:\Users\Zhifei Chen\Desktop\pysmell\subjects_for_metrics\Gooey\gooey\python_bindings\gooey_decorator.py,45,16,0,0,0
Gooey,C:\Users\Zhifei Chen\Desktop\pysmell\subjects_for_metrics\Gooey\gooey\python_bindings\gooey_decorator.py,66,3,0,0,0
Gooey,C:\Users\Zhifei Chen\Desktop\pysmell\subjects_for_metrics\Gooey\gooey\python_bindings\gooey_decorator.py,74,1,0,0,0
Gooey,C:\Users\Zhifei Chen\Desktop\pysmell\subjects_for_metrics\Gooey\gooey\python_bindings\gooey_decorator.py,88,8,0,0,0
Gooey,C:\Users\Zhifei Chen\Desktop\pysmell\subjects_for_metrics\Gooey\gooey\python_bindings\gooey_decorator.py,101,3,0,0,0
Gooey,C:\Users\Zhifei Chen\Desktop\pysmell\subjects_for_metrics\Gooey\gooey\python_bindings\gooey_decorator.py,108,1,0,0,0
Gooey,C:\Users\Zhifei Chen\Desktop\pysmell\subjects_for_metrics\Gooey\gooey\python_bindings\gooey_decorator.py,112,2,0,0,0
Gooey,C:\Users\Zhifei Chen\Desktop\pysmell\subjects_for_metrics\Gooey\gooey\python_bindings\gooey_decorator.py,117,1,0,0,0
Gooey,C:\Users\Zhifei Chen\Desktop\pysmell\subjects_for_metrics\Gooey\gooey\python_bindings\gooey_parser.py,5,0,0,0,0
Gooey,C:\Users\Zhifei Chen\Desktop\pysmell\subjects_for_metrics\Gooey\gooey\python_bindings\gooey_parser.py,10,2,0,0,0
Gooey,C:\Users\Zhifei Chen\Desktop\pysmell\subjects_for_metrics\Gooey\gooey\python_bindings\gooey_parser.py,14,2,0,0,0
Gooey,C:\Users\Zhifei Chen\Desktop\pysmell\subjects_for_metrics\Gooey\gooey\python_bindings\gooey_parser.py,18,2,0,0,0
Gooey,C:\Users\Zhifei Chen\Desktop\pysmell\subjects_for_metrics\Gooey\gooey\python_bindings\gooey_parser.py,22,2,0,0,0
Gooey,C:\Users\Zhifei Chen\Desktop\pysmell\subjects_for_metrics\Gooey\gooey\python_bindings\gooey_parser.py,26,3,0,0,0
Gooey,C:\Users\Zhifei Chen\Desktop\pysmell\subjects_for_metrics\Gooey\gooey\python_bindings\gooey_parser.py,31,1,0,0,0
Gooey,C:\Users\Zhifei Chen\Desktop\pysmell\subjects_for_metrics\Gooey\gooey\python_bindings\gooey_parser.py,34,1,0,0,0
Gooey,C:\Users\Zhifei Chen\Desktop\pysmell\subjects_for_metrics\Gooey\gooey\python_bindings\gooey_parser.py,37,1,0,0,0
Gooey,C:\Users\Zhifei Chen\Desktop\pysmell\subjects_for_metrics\Gooey\gooey\python_bindings\gooey_parser.py,40,18,0,0,0
Gooey,C:\Users\Zhifei Chen\Desktop\pysmell\subjects_for_metrics\Gooey\gooey\python_bindings\gooey_parser.py,71,1,0,0,0
Gooey,C:\Users\Zhifei Chen\Desktop\pysmell\subjects_for_metrics\Gooey\gooey\python_bindings\gooey_parser.py,74,1,0,0,0
Gooey,C:\Users\Zhifei Chen\Desktop\pysmell\subjects_for_metrics\Gooey\gooey\python_bindings\modules.py,11,10,0,0,0
Gooey,C:\Users\Zhifei Chen\Desktop\pysmell\subjects_for_metrics\Gooey\gooey\python_bindings\source_parser.py,19,14,0,0,0
Gooey,C:\Users\Zhifei Chen\Desktop\pysmell\subjects_for_metrics\Gooey\gooey\python_bindings\source_parser.py,62,2,0,0,0
Gooey,C:\Users\Zhifei Chen\Desktop\pysmell\subjects_for_metrics\Gooey\gooey\python_bindings\source_parser.py,66,2,0,0,0
Gooey,C:\Users\Zhifei Chen\Desktop\pysmell\subjects_for_metrics\Gooey\gooey\python_bindings\source_parser.py,70,1,0,0,0
Gooey,C:\Users\Zhifei Chen\Desktop\pysmell\subjects_for_metrics\Gooey\gooey\python_bindings\source_parser.py,73,1,0,0,0
Gooey,C:\Users\Zhifei Chen\Desktop\pysmell\subjects_for_metrics\Gooey\gooey\python_bindings\source_parser.py,76,8,0,0,0
Gooey,C:\Users\Zhifei Chen\Desktop\pysmell\subjects_for_metrics\Gooey\gooey\python_bindings\source_parser.py,89,1,0,0,0
Gooey,C:\Users\Zhifei Chen\Desktop\pysmell\subjects_for_metrics\Gooey\gooey\python_bindings\source_parser.py,95,4,0,0,0
Gooey,C:\Users\Zhifei Chen\Desktop\pysmell\subjects_for_metrics\Gooey\gooey\python_bindings\source_parser.py,102,2,0,0,0
Gooey,C:\Users\Zhifei Chen\Desktop\pysmell\subjects_for_metrics\Gooey\gooey\python_bindings\source_parser.py,106,1,0,0,0
Gooey,C:\Users\Zhifei Chen\Desktop\pysmell\subjects_for_metrics\Gooey\gooey\python_bindings\source_parser.py,109,1,0,0,0
Gooey,C:\Users\Zhifei Chen\Desktop\pysmell\subjects_for_metrics\Gooey\gooey\python_bindings\source_parser.py,112,2,0,0,0
Gooey,C:\Users\Zhifei Chen\Desktop\pysmell\subjects_for_metrics\Gooey\gooey\python_bindings\source_parser.py,116,6,0,0,0
Gooey,C:\Users\Zhifei Chen\Desktop\pysmell\subjects_for_metrics\Gooey\gooey\python_bindings\source_parser.py,128,14,0,0,0
Gooey,C:\Users\Zhifei Chen\Desktop\pysmell\subjects_for_metrics\Gooey\gooey\python_bindings\source_parser.py,157,1,0,0,0
Gooey,C:\Users\Zhifei Chen\Desktop\pysmell\subjects_for_metrics\Gooey\gooey\tests\argparse_to_json_unittest.py,5,2,0,0,0
Gooey,C:\Users\Zhifei Chen\Desktop\pysmell\subjects_for_metrics\Gooey\gooey\tests\argparse_to_json_unittest.py,9,17,0,0,0
Gooey,C:\Users\Zhifei Chen\Desktop\pysmell\subjects_for_metrics\Gooey\gooey\tests\argparse_to_json_unittest.py,29,13,0,0,0
Gooey,C:\Users\Zhifei Chen\Desktop\pysmell\subjects_for_metrics\Gooey\gooey\tests\argparse_to_json_unittest.py,50,7,0,0,0
Gooey,C:\Users\Zhifei Chen\Desktop\pysmell\subjects_for_metrics\Gooey\gooey\tests\argparse_to_json_unittest.py,65,3,0,0,0
Gooey,C:\Users\Zhifei Chen\Desktop\pysmell\subjects_for_metrics\Gooey\gooey\tests\argparse_to_json_unittest.py,71,12,0,0,0
Gooey,C:\Users\Zhifei Chen\Desktop\pysmell\subjects_for_metrics\Gooey\gooey\tests\argparse_to_json_unittest.py,88,5,0,0,0
Gooey,C:\Users\Zhifei Chen\Desktop\pysmell\subjects_for_metrics\Gooey\gooey\tests\argparse_to_json_unittest.py,96,3,0,0,0
Gooey,C:\Users\Zhifei Chen\Desktop\pysmell\subjects_for_metrics\Gooey\gooey\tests\argparse_to_json_unittest.py,102,2,0,0,0
Gooey,C:\Users\Zhifei Chen\Desktop\pysmell\subjects_for_metrics\Gooey\gooey\tests\argparse_to_json_unittest.py,107,4,0,0,0
Gooey,C:\Users\Zhifei Chen\Desktop\pysmell\subjects_for_metrics\Gooey\gooey\tests\argparse_to_json_unittest.py,114,4,0,0,0
Gooey,C:\Users\Zhifei Chen\Desktop\pysmell\subjects_for_metrics\Gooey\gooey\tests\argparse_to_json_unittest.py,121,5,0,0,0
Gooey,C:\Users\Zhifei Chen\Desktop\pysmell\subjects_for_metrics\Gooey\gooey\tests\argparse_to_json_unittest.py,133,3,0,0,0
Gooey,C:\Users\Zhifei Chen\Desktop\pysmell\subjects_for_metrics\Gooey\gooey\tests\argparse_to_json_unittest.py,141,3,0,0,0
Gooey,C:\Users\Zhifei Chen\Desktop\pysmell\subjects_for_metrics\Gooey\gooey\tests\argparse_to_json_unittest.py,149,8,0,0,0
Gooey,C:\Users\Zhifei Chen\Desktop\pysmell\subjects_for_metrics\Gooey\gooey\tests\argparse_to_json_unittest.py,161,3,0,0,0
Gooey,C:\Users\Zhifei Chen\Desktop\pysmell\subjects_for_metrics\Gooey\gooey\tests\argparse_to_json_unittest.py,167,3,0,0,0
Gooey,C:\Users\Zhifei Chen\Desktop\pysmell\subjects_for_metrics\Gooey\gooey\tests\code_prep_unittest.py,7,3,0,0,0
Gooey,C:\Users\Zhifei Chen\Desktop\pysmell\subjects_for_metrics\Gooey\gooey\tests\code_prep_unittest.py,13,4,0,0,0
Gooey,C:\Users\Zhifei Chen\Desktop\pysmell\subjects_for_metrics\Gooey\gooey\tests\code_prep_unittest.py,19,5,0,0,0
Gooey,C:\Users\Zhifei Chen\Desktop\pysmell\subjects_for_metrics\Gooey\gooey\tests\code_prep_unittest.py,32,4,0,0,0
Gooey,C:\Users\Zhifei Chen\Desktop\pysmell\subjects_for_metrics\Gooey\gooey\tests\code_prep_unittest.py,44,4,0,0,0
Gooey,C:\Users\Zhifei Chen\Desktop\pysmell\subjects_for_metrics\Gooey\gooey\tests\modules_unittest.py,12,2,0,0,0
Gooey,C:\Users\Zhifei Chen\Desktop\pysmell\subjects_for_metrics\Gooey\gooey\tests\gui\widgets\componenets2_runner.py,58,5,0,0,0
Gooey,C:\Users\Zhifei Chen\Desktop\pysmell\subjects_for_metrics\Gooey\gooey\tests\gui\widgets\componenets2_runner.py,70,3,0,0,0
Gooey,C:\Users\Zhifei Chen\Desktop\pysmell\subjects_for_metrics\Gooey\gooey\tests\gui\widgets\componenets2_runner.py,76,1,0,0,0
Gooey,C:\Users\Zhifei Chen\Desktop\pysmell\subjects_for_metrics\Gooey\gooey\tests\gui\widgets\componenets2_runner.py,79,0,0,0,0
Gooey,C:\Users\Zhifei Chen\Desktop\pysmell\subjects_for_metrics\Gooey\gooey\tests\gui\widgets\componenets2_runner.py,86,2,0,0,0
Gooey,C:\Users\Zhifei Chen\Desktop\pysmell\subjects_for_metrics\Gooey\gooey\tests\gui\widgets\componenets2_runner.py,90,1,0,0,0
Gooey,C:\Users\Zhifei Chen\Desktop\pysmell\subjects_for_metrics\Gooey\gooey\tests\gui\widgets\componenets2_runner.py,95,3,0,0,0
Gooey,C:\Users\Zhifei Chen\Desktop\pysmell\subjects_for_metrics\Gooey\gooey\tests\gui\widgets\componenets2_runner.py,102,3,0,0,0
Gooey,C:\Users\Zhifei Chen\Desktop\pysmell\subjects_for_metrics\Gooey\gooey\tests\gui\widgets\componenets2_runner.py,110,5,0,0,0
Gooey,C:\Users\Zhifei Chen\Desktop\pysmell\subjects_for_metrics\Gooey\gooey\tests\gui\widgets\componenets2_runner.py,123,3,0,0,0
Gooey,C:\Users\Zhifei Chen\Desktop\pysmell\subjects_for_metrics\Gooey\gooey\tests\gui\widgets\componenets2_runner.py,130,1,0,0,0
Gooey,C:\Users\Zhifei Chen\Desktop\pysmell\subjects_for_metrics\Gooey\gooey\tests\gui\widgets\componenets2_runner.py,137,1,0,0,0
Gooey,C:\Users\Zhifei Chen\Desktop\pysmell\subjects_for_metrics\Gooey\gooey\tests\gui\widgets\componenets2_runner.py,141,1,0,0,0
Gooey,C:\Users\Zhifei Chen\Desktop\pysmell\subjects_for_metrics\Gooey\gooey\tests\gui\widgets\componenets2_runner.py,144,1,0,0,0
Gooey,C:\Users\Zhifei Chen\Desktop\pysmell\subjects_for_metrics\Gooey\gooey\_tmp\example_argparse_souce_in_main.py,40,1,0,0,0
Gooey,C:\Users\Zhifei Chen\Desktop\pysmell\subjects_for_metrics\Gooey\gooey\_tmp\example_argparse_souce_in_main.py,44,2,0,0,0
Gooey,C:\Users\Zhifei Chen\Desktop\pysmell\subjects_for_metrics\Gooey\gooey\_tmp\example_argparse_souce_in_main.py,48,1,0,0,0
Gooey,C:\Users\Zhifei Chen\Desktop\pysmell\subjects_for_metrics\Gooey\gooey\_tmp\example_argparse_souce_in_main.py,51,36,1,1,0
Gooey,C:\Users\Zhifei Chen\Desktop\pysmell\subjects_for_metrics\Gooey\gooey\_tmp\example_argparse_souce_in_try.py,45,1,0,0,0
Gooey,C:\Users\Zhifei Chen\Desktop\pysmell\subjects_for_metrics\Gooey\gooey\_tmp\example_argparse_souce_in_try.py,49,1,0,0,0
Gooey,C:\Users\Zhifei Chen\Desktop\pysmell\subjects_for_metrics\Gooey\gooey\_tmp\example_argparse_souce_in_try.py,52,1,0,0,0
Gooey,C:\Users\Zhifei Chen\Desktop\pysmell\subjects_for_metrics\Gooey\gooey\_tmp\example_argparse_souce_in_try.py,56,47,1,1,0
Gooey,C:\Users\Zhifei Chen\Desktop\pysmell\subjects_for_metrics\Gooey\gooey\_tmp\mockapp.py,19,31,1,1,0
Gooey,C:\Users\Zhifei Chen\Desktop\pysmell\subjects_for_metrics\Gooey\gooey\_tmp\mockapp.py,62,1,0,0,0
Gooey,C:\Users\Zhifei Chen\Desktop\pysmell\subjects_for_metrics\Gooey\gooey\_tmp\mockapp_import_argparse.py,15,24,1,0,0
Gooey,C:\Users\Zhifei Chen\Desktop\pysmell\subjects_for_metrics\Gooey\gooey\_tmp\mock_app_vars_in_args.py,7,6,0,0,0
Gooey,C:\Users\Zhifei Chen\Desktop\pysmell\subjects_for_metrics\Gooey\gooey\_tmp\mock_argparse_example.py,5,5,0,0,0
Gooey,C:\Users\Zhifei Chen\Desktop\pysmell\subjects_for_metrics\Gooey\gooey\_tmp\module_with_no_argparse.py,9,4,0,0,0
Gooey,C:\Users\Zhifei Chen\Desktop\pysmell\subjects_for_metrics\Gooey\gooey\_tmp\responding_to_error.py,15,20,0,0,0
Gooey,C:\Users\Zhifei Chen\Desktop\pysmell\subjects_for_metrics\Gooey\gooey\_tmp\responding_to_error.py,40,1,0,0,0
Gooey,C:\Users\Zhifei Chen\Desktop\pysmell\subjects_for_metrics\Gooey\gooey\_tmp\widget_demo.py,19,33,1,1,0
Gooey,C:\Users\Zhifei Chen\Desktop\pysmell\subjects_for_metrics\Gooey\gooey\_tmp\widget_demo.py,58,1,0,0,0
