subject,file,lineno,PAR,experience-based,statistics-based,tuning machine
seaborn,C:\Users\Zhifei Chen\Desktop\pysmell\subjects_for_metrics\seaborn\setup.py,39,1,0,0,0
seaborn,C:\Users\Zhifei Chen\Desktop\pysmell\subjects_for_metrics\seaborn\doc\conf.py,281,1,0,0,0
seaborn,C:\Users\Zhifei Chen\Desktop\pysmell\subjects_for_metrics\seaborn\doc\sphinxext\ipython_console_highlighting.py,62,2,0,0,0
seaborn,C:\Users\Zhifei Chen\Desktop\pysmell\subjects_for_metrics\seaborn\doc\sphinxext\ipython_console_highlighting.py,105,1,0,0,0
seaborn,C:\Users\Zhifei Chen\Desktop\pysmell\subjects_for_metrics\seaborn\doc\sphinxext\ipython_directive.py,152,5,1,1,1
seaborn,C:\Users\Zhifei Chen\Desktop\pysmell\subjects_for_metrics\seaborn\doc\sphinxext\ipython_directive.py,252,4,0,1,0
seaborn,C:\Users\Zhifei Chen\Desktop\pysmell\subjects_for_metrics\seaborn\doc\sphinxext\ipython_directive.py,256,2,0,0,0
seaborn,C:\Users\Zhifei Chen\Desktop\pysmell\subjects_for_metrics\seaborn\doc\sphinxext\ipython_directive.py,259,2,0,0,0
seaborn,C:\Users\Zhifei Chen\Desktop\pysmell\subjects_for_metrics\seaborn\doc\sphinxext\ipython_directive.py,276,1,0,0,0
seaborn,C:\Users\Zhifei Chen\Desktop\pysmell\subjects_for_metrics\seaborn\doc\sphinxext\ipython_directive.py,333,1,0,0,0
seaborn,C:\Users\Zhifei Chen\Desktop\pysmell\subjects_for_metrics\seaborn\doc\sphinxext\ipython_directive.py,337,2,0,0,0
seaborn,C:\Users\Zhifei Chen\Desktop\pysmell\subjects_for_metrics\seaborn\doc\sphinxext\ipython_directive.py,356,2,0,0,0
seaborn,C:\Users\Zhifei Chen\Desktop\pysmell\subjects_for_metrics\seaborn\doc\sphinxext\ipython_directive.py,386,4,0,1,0
seaborn,C:\Users\Zhifei Chen\Desktop\pysmell\subjects_for_metrics\seaborn\doc\sphinxext\ipython_directive.py,502,8,1,1,1
seaborn,C:\Users\Zhifei Chen\Desktop\pysmell\subjects_for_metrics\seaborn\doc\sphinxext\ipython_directive.py,554,2,0,0,0
seaborn,C:\Users\Zhifei Chen\Desktop\pysmell\subjects_for_metrics\seaborn\doc\sphinxext\ipython_directive.py,559,2,0,0,0
seaborn,C:\Users\Zhifei Chen\Desktop\pysmell\subjects_for_metrics\seaborn\doc\sphinxext\ipython_directive.py,575,2,0,0,0
seaborn,C:\Users\Zhifei Chen\Desktop\pysmell\subjects_for_metrics\seaborn\doc\sphinxext\ipython_directive.py,610,1,0,0,0
seaborn,C:\Users\Zhifei Chen\Desktop\pysmell\subjects_for_metrics\seaborn\doc\sphinxext\ipython_directive.py,636,2,0,0,0
seaborn,C:\Users\Zhifei Chen\Desktop\pysmell\subjects_for_metrics\seaborn\doc\sphinxext\ipython_directive.py,714,5,1,1,1
seaborn,C:\Users\Zhifei Chen\Desktop\pysmell\subjects_for_metrics\seaborn\doc\sphinxext\ipython_directive.py,749,1,0,0,0
seaborn,C:\Users\Zhifei Chen\Desktop\pysmell\subjects_for_metrics\seaborn\doc\sphinxext\ipython_directive.py,775,1,0,0,0
seaborn,C:\Users\Zhifei Chen\Desktop\pysmell\subjects_for_metrics\seaborn\doc\sphinxext\ipython_directive.py,823,1,0,0,0
seaborn,C:\Users\Zhifei Chen\Desktop\pysmell\subjects_for_metrics\seaborn\doc\sphinxext\ipython_directive.py,829,1,0,0,0
seaborn,C:\Users\Zhifei Chen\Desktop\pysmell\subjects_for_metrics\seaborn\doc\sphinxext\ipython_directive.py,886,1,0,0,0
seaborn,C:\Users\Zhifei Chen\Desktop\pysmell\subjects_for_metrics\seaborn\doc\sphinxext\ipython_directive.py,912,1,0,0,0
seaborn,C:\Users\Zhifei Chen\Desktop\pysmell\subjects_for_metrics\seaborn\doc\sphinxext\plot_directive.py,177,9,1,1,1
seaborn,C:\Users\Zhifei Chen\Desktop\pysmell\subjects_for_metrics\seaborn\doc\sphinxext\plot_directive.py,183,1,0,0,0
seaborn,C:\Users\Zhifei Chen\Desktop\pysmell\subjects_for_metrics\seaborn\doc\sphinxext\plot_directive.py,195,1,0,0,0
seaborn,C:\Users\Zhifei Chen\Desktop\pysmell\subjects_for_metrics\seaborn\doc\sphinxext\plot_directive.py,201,1,0,0,0
seaborn,C:\Users\Zhifei Chen\Desktop\pysmell\subjects_for_metrics\seaborn\doc\sphinxext\plot_directive.py,205,1,0,0,0
seaborn,C:\Users\Zhifei Chen\Desktop\pysmell\subjects_for_metrics\seaborn\doc\sphinxext\plot_directive.py,210,2,0,0,0
seaborn,C:\Users\Zhifei Chen\Desktop\pysmell\subjects_for_metrics\seaborn\doc\sphinxext\plot_directive.py,241,1,0,0,0
seaborn,C:\Users\Zhifei Chen\Desktop\pysmell\subjects_for_metrics\seaborn\doc\sphinxext\plot_directive.py,277,1,0,0,0
seaborn,C:\Users\Zhifei Chen\Desktop\pysmell\subjects_for_metrics\seaborn\doc\sphinxext\plot_directive.py,289,1,0,0,0
seaborn,C:\Users\Zhifei Chen\Desktop\pysmell\subjects_for_metrics\seaborn\doc\sphinxext\plot_directive.py,310,1,0,0,0
seaborn,C:\Users\Zhifei Chen\Desktop\pysmell\subjects_for_metrics\seaborn\doc\sphinxext\plot_directive.py,333,1,0,0,0
seaborn,C:\Users\Zhifei Chen\Desktop\pysmell\subjects_for_metrics\seaborn\doc\sphinxext\plot_directive.py,418,3,0,0,0
seaborn,C:\Users\Zhifei Chen\Desktop\pysmell\subjects_for_metrics\seaborn\doc\sphinxext\plot_directive.py,423,2,0,0,0
seaborn,C:\Users\Zhifei Chen\Desktop\pysmell\subjects_for_metrics\seaborn\doc\sphinxext\plot_directive.py,426,1,0,0,0
seaborn,C:\Users\Zhifei Chen\Desktop\pysmell\subjects_for_metrics\seaborn\doc\sphinxext\plot_directive.py,430,2,0,0,0
seaborn,C:\Users\Zhifei Chen\Desktop\pysmell\subjects_for_metrics\seaborn\doc\sphinxext\plot_directive.py,444,2,0,0,0
seaborn,C:\Users\Zhifei Chen\Desktop\pysmell\subjects_for_metrics\seaborn\doc\sphinxext\plot_directive.py,489,2,0,0,0
seaborn,C:\Users\Zhifei Chen\Desktop\pysmell\subjects_for_metrics\seaborn\doc\sphinxext\plot_directive.py,520,1,0,0,0
seaborn,C:\Users\Zhifei Chen\Desktop\pysmell\subjects_for_metrics\seaborn\doc\sphinxext\plot_directive.py,527,7,1,1,1
seaborn,C:\Users\Zhifei Chen\Desktop\pysmell\subjects_for_metrics\seaborn\doc\sphinxext\plot_directive.py,646,6,1,1,1
seaborn,C:\Users\Zhifei Chen\Desktop\pysmell\subjects_for_metrics\seaborn\doc\sphinxext\plot_generator.py,119,2,0,0,0
seaborn,C:\Users\Zhifei Chen\Desktop\pysmell\subjects_for_metrics\seaborn\doc\sphinxext\plot_generator.py,145,1,0,0,0
seaborn,C:\Users\Zhifei Chen\Desktop\pysmell\subjects_for_metrics\seaborn\doc\sphinxext\plot_generator.py,152,3,0,0,0
seaborn,C:\Users\Zhifei Chen\Desktop\pysmell\subjects_for_metrics\seaborn\doc\sphinxext\plot_generator.py,172,1,0,0,0
seaborn,C:\Users\Zhifei Chen\Desktop\pysmell\subjects_for_metrics\seaborn\doc\sphinxext\plot_generator.py,176,1,0,0,0
seaborn,C:\Users\Zhifei Chen\Desktop\pysmell\subjects_for_metrics\seaborn\doc\sphinxext\plot_generator.py,180,1,0,0,0
seaborn,C:\Users\Zhifei Chen\Desktop\pysmell\subjects_for_metrics\seaborn\doc\sphinxext\plot_generator.py,184,1,0,0,0
seaborn,C:\Users\Zhifei Chen\Desktop\pysmell\subjects_for_metrics\seaborn\doc\sphinxext\plot_generator.py,188,1,0,0,0
seaborn,C:\Users\Zhifei Chen\Desktop\pysmell\subjects_for_metrics\seaborn\doc\sphinxext\plot_generator.py,192,1,0,0,0
seaborn,C:\Users\Zhifei Chen\Desktop\pysmell\subjects_for_metrics\seaborn\doc\sphinxext\plot_generator.py,196,1,0,0,0
seaborn,C:\Users\Zhifei Chen\Desktop\pysmell\subjects_for_metrics\seaborn\doc\sphinxext\plot_generator.py,201,1,0,0,0
seaborn,C:\Users\Zhifei Chen\Desktop\pysmell\subjects_for_metrics\seaborn\doc\sphinxext\plot_generator.py,206,1,0,0,0
seaborn,C:\Users\Zhifei Chen\Desktop\pysmell\subjects_for_metrics\seaborn\doc\sphinxext\plot_generator.py,210,1,0,0,0
seaborn,C:\Users\Zhifei Chen\Desktop\pysmell\subjects_for_metrics\seaborn\doc\sphinxext\plot_generator.py,214,1,0,0,0
seaborn,C:\Users\Zhifei Chen\Desktop\pysmell\subjects_for_metrics\seaborn\doc\sphinxext\plot_generator.py,227,1,0,0,0
seaborn,C:\Users\Zhifei Chen\Desktop\pysmell\subjects_for_metrics\seaborn\doc\sphinxext\plot_generator.py,269,1,0,0,0
seaborn,C:\Users\Zhifei Chen\Desktop\pysmell\subjects_for_metrics\seaborn\doc\sphinxext\plot_generator.py,287,1,0,0,0
seaborn,C:\Users\Zhifei Chen\Desktop\pysmell\subjects_for_metrics\seaborn\doc\sphinxext\plot_generator.py,290,1,0,0,0
seaborn,C:\Users\Zhifei Chen\Desktop\pysmell\subjects_for_metrics\seaborn\doc\sphinxext\plot_generator.py,306,1,0,0,0
seaborn,C:\Users\Zhifei Chen\Desktop\pysmell\subjects_for_metrics\seaborn\doc\sphinxext\plot_generator.py,366,1,0,0,0
seaborn,C:\Users\Zhifei Chen\Desktop\pysmell\subjects_for_metrics\seaborn\doc\tutorial\tools\nb_to_doc.py,10,1,0,0,0
seaborn,C:\Users\Zhifei Chen\Desktop\pysmell\subjects_for_metrics\seaborn\seaborn\algorithms.py,8,2,0,0,0
seaborn,C:\Users\Zhifei Chen\Desktop\pysmell\subjects_for_metrics\seaborn\seaborn\algorithms.py,80,6,1,1,1
seaborn,C:\Users\Zhifei Chen\Desktop\pysmell\subjects_for_metrics\seaborn\seaborn\algorithms.py,100,4,0,1,0
seaborn,C:\Users\Zhifei Chen\Desktop\pysmell\subjects_for_metrics\seaborn\seaborn\algorithms.py,111,1,0,0,0
seaborn,C:\Users\Zhifei Chen\Desktop\pysmell\subjects_for_metrics\seaborn\seaborn\axisgrid.py,23,2,0,0,0
seaborn,C:\Users\Zhifei Chen\Desktop\pysmell\subjects_for_metrics\seaborn\seaborn\axisgrid.py,30,3,0,0,0
seaborn,C:\Users\Zhifei Chen\Desktop\pysmell\subjects_for_metrics\seaborn\seaborn\axisgrid.py,36,2,0,0,0
seaborn,C:\Users\Zhifei Chen\Desktop\pysmell\subjects_for_metrics\seaborn\seaborn\axisgrid.py,125,2,0,0,0
seaborn,C:\Users\Zhifei Chen\Desktop\pysmell\subjects_for_metrics\seaborn\seaborn\axisgrid.py,132,2,0,0,0
seaborn,C:\Users\Zhifei Chen\Desktop\pysmell\subjects_for_metrics\seaborn\seaborn\axisgrid.py,138,5,1,1,1
seaborn,C:\Users\Zhifei Chen\Desktop\pysmell\subjects_for_metrics\seaborn\seaborn\axisgrid.py,218,2,0,0,0
seaborn,C:\Users\Zhifei Chen\Desktop\pysmell\subjects_for_metrics\seaborn\seaborn\axisgrid.py,627,1,0,0,0
seaborn,C:\Users\Zhifei Chen\Desktop\pysmell\subjects_for_metrics\seaborn\seaborn\axisgrid.py,667,4,0,1,0
seaborn,C:\Users\Zhifei Chen\Desktop\pysmell\subjects_for_metrics\seaborn\seaborn\axisgrid.py,733,4,0,1,0
seaborn,C:\Users\Zhifei Chen\Desktop\pysmell\subjects_for_metrics\seaborn\seaborn\axisgrid.py,799,3,0,0,0
seaborn,C:\Users\Zhifei Chen\Desktop\pysmell\subjects_for_metrics\seaborn\seaborn\axisgrid.py,807,5,1,1,1
seaborn,C:\Users\Zhifei Chen\Desktop\pysmell\subjects_for_metrics\seaborn\seaborn\axisgrid.py,816,2,0,0,0
seaborn,C:\Users\Zhifei Chen\Desktop\pysmell\subjects_for_metrics\seaborn\seaborn\axisgrid.py,822,3,0,0,0
seaborn,C:\Users\Zhifei Chen\Desktop\pysmell\subjects_for_metrics\seaborn\seaborn\axisgrid.py,835,2,0,0,0
seaborn,C:\Users\Zhifei Chen\Desktop\pysmell\subjects_for_metrics\seaborn\seaborn\axisgrid.py,840,1,0,0,0
seaborn,C:\Users\Zhifei Chen\Desktop\pysmell\subjects_for_metrics\seaborn\seaborn\axisgrid.py,850,2,0,0,0
seaborn,C:\Users\Zhifei Chen\Desktop\pysmell\subjects_for_metrics\seaborn\seaborn\axisgrid.py,858,2,0,0,0
seaborn,C:\Users\Zhifei Chen\Desktop\pysmell\subjects_for_metrics\seaborn\seaborn\axisgrid.py,866,2,0,0,0
seaborn,C:\Users\Zhifei Chen\Desktop\pysmell\subjects_for_metrics\seaborn\seaborn\axisgrid.py,878,2,0,0,0
seaborn,C:\Users\Zhifei Chen\Desktop\pysmell\subjects_for_metrics\seaborn\seaborn\axisgrid.py,886,2,0,0,0
seaborn,C:\Users\Zhifei Chen\Desktop\pysmell\subjects_for_metrics\seaborn\seaborn\axisgrid.py,966,1,0,0,0
seaborn,C:\Users\Zhifei Chen\Desktop\pysmell\subjects_for_metrics\seaborn\seaborn\axisgrid.py,974,1,0,0,0
seaborn,C:\Users\Zhifei Chen\Desktop\pysmell\subjects_for_metrics\seaborn\seaborn\axisgrid.py,990,1,0,0,0
seaborn,C:\Users\Zhifei Chen\Desktop\pysmell\subjects_for_metrics\seaborn\seaborn\axisgrid.py,1002,1,0,0,0
seaborn,C:\Users\Zhifei Chen\Desktop\pysmell\subjects_for_metrics\seaborn\seaborn\axisgrid.py,1014,1,0,0,0
seaborn,C:\Users\Zhifei Chen\Desktop\pysmell\subjects_for_metrics\seaborn\seaborn\axisgrid.py,1029,1,0,0,0
seaborn,C:\Users\Zhifei Chen\Desktop\pysmell\subjects_for_metrics\seaborn\seaborn\axisgrid.py,1048,2,0,0,0
seaborn,C:\Users\Zhifei Chen\Desktop\pysmell\subjects_for_metrics\seaborn\seaborn\axisgrid.py,1240,3,0,0,0
seaborn,C:\Users\Zhifei Chen\Desktop\pysmell\subjects_for_metrics\seaborn\seaborn\axisgrid.py,1283,3,0,0,0
seaborn,C:\Users\Zhifei Chen\Desktop\pysmell\subjects_for_metrics\seaborn\seaborn\axisgrid.py,1344,3,0,0,0
seaborn,C:\Users\Zhifei Chen\Desktop\pysmell\subjects_for_metrics\seaborn\seaborn\axisgrid.py,1389,3,0,0,0
seaborn,C:\Users\Zhifei Chen\Desktop\pysmell\subjects_for_metrics\seaborn\seaborn\axisgrid.py,1435,3,0,0,0
seaborn,C:\Users\Zhifei Chen\Desktop\pysmell\subjects_for_metrics\seaborn\seaborn\axisgrid.py,1450,1,0,0,0
seaborn,C:\Users\Zhifei Chen\Desktop\pysmell\subjects_for_metrics\seaborn\seaborn\axisgrid.py,1457,2,0,0,0
seaborn,C:\Users\Zhifei Chen\Desktop\pysmell\subjects_for_metrics\seaborn\seaborn\axisgrid.py,1474,3,0,0,0
seaborn,C:\Users\Zhifei Chen\Desktop\pysmell\subjects_for_metrics\seaborn\seaborn\axisgrid.py,1665,3,0,0,0
seaborn,C:\Users\Zhifei Chen\Desktop\pysmell\subjects_for_metrics\seaborn\seaborn\axisgrid.py,1687,3,0,0,0
seaborn,C:\Users\Zhifei Chen\Desktop\pysmell\subjects_for_metrics\seaborn\seaborn\axisgrid.py,1709,3,0,0,0
seaborn,C:\Users\Zhifei Chen\Desktop\pysmell\subjects_for_metrics\seaborn\seaborn\axisgrid.py,1738,3,0,0,0
seaborn,C:\Users\Zhifei Chen\Desktop\pysmell\subjects_for_metrics\seaborn\seaborn\axisgrid.py,1797,2,0,0,0
seaborn,C:\Users\Zhifei Chen\Desktop\pysmell\subjects_for_metrics\seaborn\seaborn\axisgrid.py,1818,3,0,0,0
seaborn,C:\Users\Zhifei Chen\Desktop\pysmell\subjects_for_metrics\seaborn\seaborn\categorical.py,26,1,0,0,0
seaborn,C:\Users\Zhifei Chen\Desktop\pysmell\subjects_for_metrics\seaborn\seaborn\categorical.py,232,4,0,1,0
seaborn,C:\Users\Zhifei Chen\Desktop\pysmell\subjects_for_metrics\seaborn\seaborn\categorical.py,253,4,0,1,0
seaborn,C:\Users\Zhifei Chen\Desktop\pysmell\subjects_for_metrics\seaborn\seaborn\categorical.py,307,3,0,0,0
seaborn,C:\Users\Zhifei Chen\Desktop\pysmell\subjects_for_metrics\seaborn\seaborn\categorical.py,311,1,0,0,0
seaborn,C:\Users\Zhifei Chen\Desktop\pysmell\subjects_for_metrics\seaborn\seaborn\categorical.py,319,1,0,0,0
seaborn,C:\Users\Zhifei Chen\Desktop\pysmell\subjects_for_metrics\seaborn\seaborn\categorical.py,349,1,0,0,0
seaborn,C:\Users\Zhifei Chen\Desktop\pysmell\subjects_for_metrics\seaborn\seaborn\categorical.py,359,1,0,0,0
seaborn,C:\Users\Zhifei Chen\Desktop\pysmell\subjects_for_metrics\seaborn\seaborn\categorical.py,364,2,0,0,0
seaborn,C:\Users\Zhifei Chen\Desktop\pysmell\subjects_for_metrics\seaborn\seaborn\categorical.py,404,4,0,1,0
seaborn,C:\Users\Zhifei Chen\Desktop\pysmell\subjects_for_metrics\seaborn\seaborn\categorical.py,416,14,1,1,1
seaborn,C:\Users\Zhifei Chen\Desktop\pysmell\subjects_for_metrics\seaborn\seaborn\categorical.py,430,3,0,0,0
seaborn,C:\Users\Zhifei Chen\Desktop\pysmell\subjects_for_metrics\seaborn\seaborn\categorical.py,488,4,0,1,0
seaborn,C:\Users\Zhifei Chen\Desktop\pysmell\subjects_for_metrics\seaborn\seaborn\categorical.py,516,3,0,0,0
seaborn,C:\Users\Zhifei Chen\Desktop\pysmell\subjects_for_metrics\seaborn\seaborn\categorical.py,526,20,1,1,1
seaborn,C:\Users\Zhifei Chen\Desktop\pysmell\subjects_for_metrics\seaborn\seaborn\categorical.py,555,6,1,1,1
seaborn,C:\Users\Zhifei Chen\Desktop\pysmell\subjects_for_metrics\seaborn\seaborn\categorical.py,680,3,0,0,0
seaborn,C:\Users\Zhifei Chen\Desktop\pysmell\subjects_for_metrics\seaborn\seaborn\categorical.py,703,5,1,1,1
seaborn,C:\Users\Zhifei Chen\Desktop\pysmell\subjects_for_metrics\seaborn\seaborn\categorical.py,709,4,0,1,0
seaborn,C:\Users\Zhifei Chen\Desktop\pysmell\subjects_for_metrics\seaborn\seaborn\categorical.py,731,2,0,0,0
seaborn,C:\Users\Zhifei Chen\Desktop\pysmell\subjects_for_metrics\seaborn\seaborn\categorical.py,741,4,0,1,0
seaborn,C:\Users\Zhifei Chen\Desktop\pysmell\subjects_for_metrics\seaborn\seaborn\categorical.py,758,1,0,0,0
seaborn,C:\Users\Zhifei Chen\Desktop\pysmell\subjects_for_metrics\seaborn\seaborn\categorical.py,768,2,0,0,0
seaborn,C:\Users\Zhifei Chen\Desktop\pysmell\subjects_for_metrics\seaborn\seaborn\categorical.py,946,5,1,1,1
seaborn,C:\Users\Zhifei Chen\Desktop\pysmell\subjects_for_metrics\seaborn\seaborn\categorical.py,960,6,1,1,1
seaborn,C:\Users\Zhifei Chen\Desktop\pysmell\subjects_for_metrics\seaborn\seaborn\categorical.py,994,6,1,1,1
seaborn,C:\Users\Zhifei Chen\Desktop\pysmell\subjects_for_metrics\seaborn\seaborn\categorical.py,1008,4,0,1,0
seaborn,C:\Users\Zhifei Chen\Desktop\pysmell\subjects_for_metrics\seaborn\seaborn\categorical.py,1021,6,1,1,1
seaborn,C:\Users\Zhifei Chen\Desktop\pysmell\subjects_for_metrics\seaborn\seaborn\categorical.py,1028,8,1,1,1
seaborn,C:\Users\Zhifei Chen\Desktop\pysmell\subjects_for_metrics\seaborn\seaborn\categorical.py,1050,2,0,0,0
seaborn,C:\Users\Zhifei Chen\Desktop\pysmell\subjects_for_metrics\seaborn\seaborn\categorical.py,1060,12,1,1,1
seaborn,C:\Users\Zhifei Chen\Desktop\pysmell\subjects_for_metrics\seaborn\seaborn\categorical.py,1078,3,0,0,0
seaborn,C:\Users\Zhifei Chen\Desktop\pysmell\subjects_for_metrics\seaborn\seaborn\categorical.py,1122,3,0,0,0
seaborn,C:\Users\Zhifei Chen\Desktop\pysmell\subjects_for_metrics\seaborn\seaborn\categorical.py,1132,1,0,0,0
seaborn,C:\Users\Zhifei Chen\Desktop\pysmell\subjects_for_metrics\seaborn\seaborn\categorical.py,1136,2,0,0,0
seaborn,C:\Users\Zhifei Chen\Desktop\pysmell\subjects_for_metrics\seaborn\seaborn\categorical.py,1143,1,0,0,0
seaborn,C:\Users\Zhifei Chen\Desktop\pysmell\subjects_for_metrics\seaborn\seaborn\categorical.py,1148,4,0,1,0
seaborn,C:\Users\Zhifei Chen\Desktop\pysmell\subjects_for_metrics\seaborn\seaborn\categorical.py,1242,6,1,1,1
seaborn,C:\Users\Zhifei Chen\Desktop\pysmell\subjects_for_metrics\seaborn\seaborn\categorical.py,1257,16,1,1,1
seaborn,C:\Users\Zhifei Chen\Desktop\pysmell\subjects_for_metrics\seaborn\seaborn\categorical.py,1268,3,0,0,0
seaborn,C:\Users\Zhifei Chen\Desktop\pysmell\subjects_for_metrics\seaborn\seaborn\categorical.py,1300,3,0,0,0
seaborn,C:\Users\Zhifei Chen\Desktop\pysmell\subjects_for_metrics\seaborn\seaborn\categorical.py,1310,19,1,1,1
seaborn,C:\Users\Zhifei Chen\Desktop\pysmell\subjects_for_metrics\seaborn\seaborn\categorical.py,1347,1,0,0,0
seaborn,C:\Users\Zhifei Chen\Desktop\pysmell\subjects_for_metrics\seaborn\seaborn\categorical.py,1354,2,0,0,0
seaborn,C:\Users\Zhifei Chen\Desktop\pysmell\subjects_for_metrics\seaborn\seaborn\categorical.py,1434,2,0,0,0
seaborn,C:\Users\Zhifei Chen\Desktop\pysmell\subjects_for_metrics\seaborn\seaborn\categorical.py,1570,1,0,0,0
seaborn,C:\Users\Zhifei Chen\Desktop\pysmell\subjects_for_metrics\seaborn\seaborn\categorical.py,1757,1,0,0,0
seaborn,C:\Users\Zhifei Chen\Desktop\pysmell\subjects_for_metrics\seaborn\seaborn\categorical.py,1997,1,0,0,0
seaborn,C:\Users\Zhifei Chen\Desktop\pysmell\subjects_for_metrics\seaborn\seaborn\categorical.py,2166,1,0,0,0
seaborn,C:\Users\Zhifei Chen\Desktop\pysmell\subjects_for_metrics\seaborn\seaborn\categorical.py,2331,1,0,0,0
seaborn,C:\Users\Zhifei Chen\Desktop\pysmell\subjects_for_metrics\seaborn\seaborn\categorical.py,2520,1,0,0,0
seaborn,C:\Users\Zhifei Chen\Desktop\pysmell\subjects_for_metrics\seaborn\seaborn\categorical.py,2633,1,0,0,0
seaborn,C:\Users\Zhifei Chen\Desktop\pysmell\subjects_for_metrics\seaborn\seaborn\distributions.py,23,1,0,0,0
seaborn,C:\Users\Zhifei Chen\Desktop\pysmell\subjects_for_metrics\seaborn\seaborn\distributions.py,35,1,0,0,0
seaborn,C:\Users\Zhifei Chen\Desktop\pysmell\subjects_for_metrics\seaborn\seaborn\distributions.py,254,11,1,1,1
seaborn,C:\Users\Zhifei Chen\Desktop\pysmell\subjects_for_metrics\seaborn\seaborn\distributions.py,320,6,1,1,1
seaborn,C:\Users\Zhifei Chen\Desktop\pysmell\subjects_for_metrics\seaborn\seaborn\distributions.py,333,5,1,1,1
seaborn,C:\Users\Zhifei Chen\Desktop\pysmell\subjects_for_metrics\seaborn\seaborn\distributions.py,351,12,1,1,1
seaborn,C:\Users\Zhifei Chen\Desktop\pysmell\subjects_for_metrics\seaborn\seaborn\distributions.py,394,6,1,1,1
seaborn,C:\Users\Zhifei Chen\Desktop\pysmell\subjects_for_metrics\seaborn\seaborn\distributions.py,417,6,1,1,1
seaborn,C:\Users\Zhifei Chen\Desktop\pysmell\subjects_for_metrics\seaborn\seaborn\distributions.py,439,2,0,0,0
seaborn,C:\Users\Zhifei Chen\Desktop\pysmell\subjects_for_metrics\seaborn\seaborn\distributions.py,606,2,0,0,0
seaborn,C:\Users\Zhifei Chen\Desktop\pysmell\subjects_for_metrics\seaborn\seaborn\distributions.py,640,3,0,0,0
seaborn,C:\Users\Zhifei Chen\Desktop\pysmell\subjects_for_metrics\seaborn\seaborn\linearmodels.py,38,3,0,0,0
seaborn,C:\Users\Zhifei Chen\Desktop\pysmell\subjects_for_metrics\seaborn\seaborn\linearmodels.py,54,2,0,0,0
seaborn,C:\Users\Zhifei Chen\Desktop\pysmell\subjects_for_metrics\seaborn\seaborn\linearmodels.py,64,2,0,0,0
seaborn,C:\Users\Zhifei Chen\Desktop\pysmell\subjects_for_metrics\seaborn\seaborn\linearmodels.py,74,3,0,0,0
seaborn,C:\Users\Zhifei Chen\Desktop\pysmell\subjects_for_metrics\seaborn\seaborn\linearmodels.py,128,1,0,0,0
seaborn,C:\Users\Zhifei Chen\Desktop\pysmell\subjects_for_metrics\seaborn\seaborn\linearmodels.py,145,1,0,0,0
seaborn,C:\Users\Zhifei Chen\Desktop\pysmell\subjects_for_metrics\seaborn\seaborn\linearmodels.py,173,1,0,0,0
seaborn,C:\Users\Zhifei Chen\Desktop\pysmell\subjects_for_metrics\seaborn\seaborn\linearmodels.py,214,2,0,0,0
seaborn,C:\Users\Zhifei Chen\Desktop\pysmell\subjects_for_metrics\seaborn\seaborn\linearmodels.py,228,3,0,0,0
seaborn,C:\Users\Zhifei Chen\Desktop\pysmell\subjects_for_metrics\seaborn\seaborn\linearmodels.py,240,4,0,1,0
seaborn,C:\Users\Zhifei Chen\Desktop\pysmell\subjects_for_metrics\seaborn\seaborn\linearmodels.py,253,1,0,0,0
seaborn,C:\Users\Zhifei Chen\Desktop\pysmell\subjects_for_metrics\seaborn\seaborn\linearmodels.py,259,2,0,0,0
seaborn,C:\Users\Zhifei Chen\Desktop\pysmell\subjects_for_metrics\seaborn\seaborn\linearmodels.py,264,2,0,0,0
seaborn,C:\Users\Zhifei Chen\Desktop\pysmell\subjects_for_metrics\seaborn\seaborn\linearmodels.py,277,2,0,0,0
seaborn,C:\Users\Zhifei Chen\Desktop\pysmell\subjects_for_metrics\seaborn\seaborn\linearmodels.py,291,3,0,0,0
seaborn,C:\Users\Zhifei Chen\Desktop\pysmell\subjects_for_metrics\seaborn\seaborn\linearmodels.py,300,4,0,1,0
seaborn,C:\Users\Zhifei Chen\Desktop\pysmell\subjects_for_metrics\seaborn\seaborn\linearmodels.py,332,3,0,0,0
seaborn,C:\Users\Zhifei Chen\Desktop\pysmell\subjects_for_metrics\seaborn\seaborn\linearmodels.py,364,3,0,0,0
seaborn,C:\Users\Zhifei Chen\Desktop\pysmell\subjects_for_metrics\seaborn\seaborn\linearmodels.py,521,3,0,0,0
seaborn,C:\Users\Zhifei Chen\Desktop\pysmell\subjects_for_metrics\seaborn\seaborn\linearmodels.py,751,2,0,0,0
seaborn,C:\Users\Zhifei Chen\Desktop\pysmell\subjects_for_metrics\seaborn\seaborn\linearmodels.py,943,2,0,0,0
seaborn,C:\Users\Zhifei Chen\Desktop\pysmell\subjects_for_metrics\seaborn\seaborn\linearmodels.py,1025,2,0,0,0
seaborn,C:\Users\Zhifei Chen\Desktop\pysmell\subjects_for_metrics\seaborn\seaborn\linearmodels.py,1104,4,0,1,0
seaborn,C:\Users\Zhifei Chen\Desktop\pysmell\subjects_for_metrics\seaborn\seaborn\linearmodels.py,1238,2,0,0,0
seaborn,C:\Users\Zhifei Chen\Desktop\pysmell\subjects_for_metrics\seaborn\seaborn\linearmodels.py,1340,2,0,0,0
seaborn,C:\Users\Zhifei Chen\Desktop\pysmell\subjects_for_metrics\seaborn\seaborn\linearmodels.py,1420,1,0,0,0
seaborn,C:\Users\Zhifei Chen\Desktop\pysmell\subjects_for_metrics\seaborn\seaborn\matrix.py,20,1,0,0,0
seaborn,C:\Users\Zhifei Chen\Desktop\pysmell\subjects_for_metrics\seaborn\seaborn\matrix.py,28,1,0,0,0
seaborn,C:\Users\Zhifei Chen\Desktop\pysmell\subjects_for_metrics\seaborn\seaborn\matrix.py,36,1,0,0,0
seaborn,C:\Users\Zhifei Chen\Desktop\pysmell\subjects_for_metrics\seaborn\seaborn\matrix.py,48,2,0,0,0
seaborn,C:\Users\Zhifei Chen\Desktop\pysmell\subjects_for_metrics\seaborn\seaborn\matrix.py,88,12,1,1,1
seaborn,C:\Users\Zhifei Chen\Desktop\pysmell\subjects_for_metrics\seaborn\seaborn\matrix.py,169,7,1,1,1
seaborn,C:\Users\Zhifei Chen\Desktop\pysmell\subjects_for_metrics\seaborn\seaborn\matrix.py,206,3,0,0,0
seaborn,C:\Users\Zhifei Chen\Desktop\pysmell\subjects_for_metrics\seaborn\seaborn\matrix.py,219,4,0,1,0
seaborn,C:\Users\Zhifei Chen\Desktop\pysmell\subjects_for_metrics\seaborn\seaborn\matrix.py,258,2,0,0,0
seaborn,C:\Users\Zhifei Chen\Desktop\pysmell\subjects_for_metrics\seaborn\seaborn\matrix.py,465,8,1,1,1
seaborn,C:\Users\Zhifei Chen\Desktop\pysmell\subjects_for_metrics\seaborn\seaborn\matrix.py,528,1,0,0,0
seaborn,C:\Users\Zhifei Chen\Desktop\pysmell\subjects_for_metrics\seaborn\seaborn\matrix.py,538,1,0,0,0
seaborn,C:\Users\Zhifei Chen\Desktop\pysmell\subjects_for_metrics\seaborn\seaborn\matrix.py,556,1,0,0,0
seaborn,C:\Users\Zhifei Chen\Desktop\pysmell\subjects_for_metrics\seaborn\seaborn\matrix.py,563,1,0,0,0
seaborn,C:\Users\Zhifei Chen\Desktop\pysmell\subjects_for_metrics\seaborn\seaborn\matrix.py,579,1,0,0,0
seaborn,C:\Users\Zhifei Chen\Desktop\pysmell\subjects_for_metrics\seaborn\seaborn\matrix.py,584,2,0,0,0
seaborn,C:\Users\Zhifei Chen\Desktop\pysmell\subjects_for_metrics\seaborn\seaborn\matrix.py,641,1,0,0,0
seaborn,C:\Users\Zhifei Chen\Desktop\pysmell\subjects_for_metrics\seaborn\seaborn\matrix.py,686,2,0,0,0
seaborn,C:\Users\Zhifei Chen\Desktop\pysmell\subjects_for_metrics\seaborn\seaborn\matrix.py,749,3,0,0,0
seaborn,C:\Users\Zhifei Chen\Desktop\pysmell\subjects_for_metrics\seaborn\seaborn\matrix.py,769,1,0,0,0
seaborn,C:\Users\Zhifei Chen\Desktop\pysmell\subjects_for_metrics\seaborn\seaborn\matrix.py,799,1,0,0,0
seaborn,C:\Users\Zhifei Chen\Desktop\pysmell\subjects_for_metrics\seaborn\seaborn\matrix.py,840,4,0,1,0
seaborn,C:\Users\Zhifei Chen\Desktop\pysmell\subjects_for_metrics\seaborn\seaborn\matrix.py,866,2,0,0,0
seaborn,C:\Users\Zhifei Chen\Desktop\pysmell\subjects_for_metrics\seaborn\seaborn\matrix.py,917,3,0,0,0
seaborn,C:\Users\Zhifei Chen\Desktop\pysmell\subjects_for_metrics\seaborn\seaborn\matrix.py,922,7,1,1,1
seaborn,C:\Users\Zhifei Chen\Desktop\pysmell\subjects_for_metrics\seaborn\seaborn\matrix.py,943,4,0,1,0
seaborn,C:\Users\Zhifei Chen\Desktop\pysmell\subjects_for_metrics\seaborn\seaborn\matrix.py,977,5,1,1,1
seaborn,C:\Users\Zhifei Chen\Desktop\pysmell\subjects_for_metrics\seaborn\seaborn\matrix.py,999,9,1,1,1
seaborn,C:\Users\Zhifei Chen\Desktop\pysmell\subjects_for_metrics\seaborn\seaborn\matrix.py,1018,2,0,0,0
seaborn,C:\Users\Zhifei Chen\Desktop\pysmell\subjects_for_metrics\seaborn\seaborn\miscplot.py,7,1,0,0,0
seaborn,C:\Users\Zhifei Chen\Desktop\pysmell\subjects_for_metrics\seaborn\seaborn\miscplot.py,29,0,0,0,0
seaborn,C:\Users\Zhifei Chen\Desktop\pysmell\subjects_for_metrics\seaborn\seaborn\palettes.py,38,1,0,0,0
seaborn,C:\Users\Zhifei Chen\Desktop\pysmell\subjects_for_metrics\seaborn\seaborn\palettes.py,45,2,0,0,0
seaborn,C:\Users\Zhifei Chen\Desktop\pysmell\subjects_for_metrics\seaborn\seaborn\palettes.py,50,1,0,0,0
seaborn,C:\Users\Zhifei Chen\Desktop\pysmell\subjects_for_metrics\seaborn\seaborn\palettes.py,56,0,0,0,0
seaborn,C:\Users\Zhifei Chen\Desktop\pysmell\subjects_for_metrics\seaborn\seaborn\palettes.py,196,0,0,0,0
seaborn,C:\Users\Zhifei Chen\Desktop\pysmell\subjects_for_metrics\seaborn\seaborn\palettes.py,264,0,0,0,0
seaborn,C:\Users\Zhifei Chen\Desktop\pysmell\subjects_for_metrics\seaborn\seaborn\palettes.py,334,1,0,0,0
seaborn,C:\Users\Zhifei Chen\Desktop\pysmell\subjects_for_metrics\seaborn\seaborn\palettes.py,413,2,0,0,0
seaborn,C:\Users\Zhifei Chen\Desktop\pysmell\subjects_for_metrics\seaborn\seaborn\palettes.py,424,1,0,0,0
seaborn,C:\Users\Zhifei Chen\Desktop\pysmell\subjects_for_metrics\seaborn\seaborn\palettes.py,506,1,0,0,0
seaborn,C:\Users\Zhifei Chen\Desktop\pysmell\subjects_for_metrics\seaborn\seaborn\palettes.py,589,1,0,0,0
seaborn,C:\Users\Zhifei Chen\Desktop\pysmell\subjects_for_metrics\seaborn\seaborn\palettes.py,616,2,0,0,0
seaborn,C:\Users\Zhifei Chen\Desktop\pysmell\subjects_for_metrics\seaborn\seaborn\palettes.py,698,1,0,0,0
seaborn,C:\Users\Zhifei Chen\Desktop\pysmell\subjects_for_metrics\seaborn\seaborn\palettes.py,726,1,0,0,0
seaborn,C:\Users\Zhifei Chen\Desktop\pysmell\subjects_for_metrics\seaborn\seaborn\palettes.py,753,1,0,0,0
seaborn,C:\Users\Zhifei Chen\Desktop\pysmell\subjects_for_metrics\seaborn\seaborn\palettes.py,781,0,0,0,0
seaborn,C:\Users\Zhifei Chen\Desktop\pysmell\subjects_for_metrics\seaborn\seaborn\palettes.py,904,0,0,0,0
seaborn,C:\Users\Zhifei Chen\Desktop\pysmell\subjects_for_metrics\seaborn\seaborn\palettes.py,956,1,0,0,0
seaborn,C:\Users\Zhifei Chen\Desktop\pysmell\subjects_for_metrics\seaborn\seaborn\palettes.py,965,2,0,0,0
seaborn,C:\Users\Zhifei Chen\Desktop\pysmell\subjects_for_metrics\seaborn\seaborn\palettes.py,971,1,0,0,0
seaborn,C:\Users\Zhifei Chen\Desktop\pysmell\subjects_for_metrics\seaborn\seaborn\palettes.py,981,1,0,0,0
seaborn,C:\Users\Zhifei Chen\Desktop\pysmell\subjects_for_metrics\seaborn\seaborn\palettes.py,1028,1,0,0,0
seaborn,C:\Users\Zhifei Chen\Desktop\pysmell\subjects_for_metrics\seaborn\seaborn\palettes.py,1050,1,0,0,0
seaborn,C:\Users\Zhifei Chen\Desktop\pysmell\subjects_for_metrics\seaborn\seaborn\palettes.py,1068,1,0,0,0
seaborn,C:\Users\Zhifei Chen\Desktop\pysmell\subjects_for_metrics\seaborn\seaborn\palettes.py,1079,0,0,0,0
seaborn,C:\Users\Zhifei Chen\Desktop\pysmell\subjects_for_metrics\seaborn\seaborn\palettes.py,1117,4,0,1,0
seaborn,C:\Users\Zhifei Chen\Desktop\pysmell\subjects_for_metrics\seaborn\seaborn\palettes.py,1132,4,0,1,0
seaborn,C:\Users\Zhifei Chen\Desktop\pysmell\subjects_for_metrics\seaborn\seaborn\palettes.py,1147,4,0,1,0
seaborn,C:\Users\Zhifei Chen\Desktop\pysmell\subjects_for_metrics\seaborn\seaborn\palettes.py,1166,0,0,0,0
seaborn,C:\Users\Zhifei Chen\Desktop\pysmell\subjects_for_metrics\seaborn\seaborn\palettes.py,1204,4,0,1,0
seaborn,C:\Users\Zhifei Chen\Desktop\pysmell\subjects_for_metrics\seaborn\seaborn\palettes.py,1219,4,0,1,0
seaborn,C:\Users\Zhifei Chen\Desktop\pysmell\subjects_for_metrics\seaborn\seaborn\palettes.py,1234,4,0,1,0
seaborn,C:\Users\Zhifei Chen\Desktop\pysmell\subjects_for_metrics\seaborn\seaborn\palettes.py,1253,0,0,0,0
seaborn,C:\Users\Zhifei Chen\Desktop\pysmell\subjects_for_metrics\seaborn\seaborn\palettes.py,1287,2,0,0,0
seaborn,C:\Users\Zhifei Chen\Desktop\pysmell\subjects_for_metrics\seaborn\seaborn\palettes.py,1312,0,0,0,0
seaborn,C:\Users\Zhifei Chen\Desktop\pysmell\subjects_for_metrics\seaborn\seaborn\palettes.py,1347,0,0,0,0
seaborn,C:\Users\Zhifei Chen\Desktop\pysmell\subjects_for_metrics\seaborn\seaborn\rcmod.py,70,0,0,0,0
seaborn,C:\Users\Zhifei Chen\Desktop\pysmell\subjects_for_metrics\seaborn\seaborn\rcmod.py,104,1,0,0,0
seaborn,C:\Users\Zhifei Chen\Desktop\pysmell\subjects_for_metrics\seaborn\seaborn\rcmod.py,109,1,0,0,0
seaborn,C:\Users\Zhifei Chen\Desktop\pysmell\subjects_for_metrics\seaborn\seaborn\rcmod.py,116,1,0,0,0
seaborn,C:\Users\Zhifei Chen\Desktop\pysmell\subjects_for_metrics\seaborn\seaborn\rcmod.py,123,2,0,0,0
seaborn,C:\Users\Zhifei Chen\Desktop\pysmell\subjects_for_metrics\seaborn\seaborn\rcmod.py,130,1,0,0,0
seaborn,C:\Users\Zhifei Chen\Desktop\pysmell\subjects_for_metrics\seaborn\seaborn\rcmod.py,137,2,0,0,0
seaborn,C:\Users\Zhifei Chen\Desktop\pysmell\subjects_for_metrics\seaborn\seaborn\rcmod.py,142,0,0,0,0
seaborn,C:\Users\Zhifei Chen\Desktop\pysmell\subjects_for_metrics\seaborn\seaborn\rcmod.py,276,0,0,0,0
seaborn,C:\Users\Zhifei Chen\Desktop\pysmell\subjects_for_metrics\seaborn\seaborn\rcmod.py,309,0,0,0,0
seaborn,C:\Users\Zhifei Chen\Desktop\pysmell\subjects_for_metrics\seaborn\seaborn\rcmod.py,419,0,0,0,0
seaborn,C:\Users\Zhifei Chen\Desktop\pysmell\subjects_for_metrics\seaborn\seaborn\rcmod.py,460,1,0,0,0
seaborn,C:\Users\Zhifei Chen\Desktop\pysmell\subjects_for_metrics\seaborn\seaborn\timeseries.py,17,2,0,0,0
seaborn,C:\Users\Zhifei Chen\Desktop\pysmell\subjects_for_metrics\seaborn\seaborn\timeseries.py,348,6,1,1,1
seaborn,C:\Users\Zhifei Chen\Desktop\pysmell\subjects_for_metrics\seaborn\seaborn\timeseries.py,356,7,1,1,1
seaborn,C:\Users\Zhifei Chen\Desktop\pysmell\subjects_for_metrics\seaborn\seaborn\timeseries.py,363,6,1,1,1
seaborn,C:\Users\Zhifei Chen\Desktop\pysmell\subjects_for_metrics\seaborn\seaborn\timeseries.py,372,7,1,1,1
seaborn,C:\Users\Zhifei Chen\Desktop\pysmell\subjects_for_metrics\seaborn\seaborn\timeseries.py,385,6,1,1,1
seaborn,C:\Users\Zhifei Chen\Desktop\pysmell\subjects_for_metrics\seaborn\seaborn\timeseries.py,396,5,1,1,1
seaborn,C:\Users\Zhifei Chen\Desktop\pysmell\subjects_for_metrics\seaborn\seaborn\timeseries.py,402,5,1,1,1
seaborn,C:\Users\Zhifei Chen\Desktop\pysmell\subjects_for_metrics\seaborn\seaborn\timeseries.py,407,5,1,1,1
seaborn,C:\Users\Zhifei Chen\Desktop\pysmell\subjects_for_metrics\seaborn\seaborn\utils.py,19,2,0,0,0
seaborn,C:\Users\Zhifei Chen\Desktop\pysmell\subjects_for_metrics\seaborn\seaborn\utils.py,49,1,0,0,0
seaborn,C:\Users\Zhifei Chen\Desktop\pysmell\subjects_for_metrics\seaborn\seaborn\utils.py,75,2,0,0,0
seaborn,C:\Users\Zhifei Chen\Desktop\pysmell\subjects_for_metrics\seaborn\seaborn\utils.py,110,1,0,0,0
seaborn,C:\Users\Zhifei Chen\Desktop\pysmell\subjects_for_metrics\seaborn\seaborn\utils.py,127,1,0,0,0
seaborn,C:\Users\Zhifei Chen\Desktop\pysmell\subjects_for_metrics\seaborn\seaborn\utils.py,154,3,0,0,0
seaborn,C:\Users\Zhifei Chen\Desktop\pysmell\subjects_for_metrics\seaborn\seaborn\utils.py,161,0,0,0,0
seaborn,C:\Users\Zhifei Chen\Desktop\pysmell\subjects_for_metrics\seaborn\seaborn\utils.py,236,0,0,0,0
seaborn,C:\Users\Zhifei Chen\Desktop\pysmell\subjects_for_metrics\seaborn\seaborn\utils.py,274,2,0,0,0
seaborn,C:\Users\Zhifei Chen\Desktop\pysmell\subjects_for_metrics\seaborn\seaborn\utils.py,292,5,1,1,1
seaborn,C:\Users\Zhifei Chen\Desktop\pysmell\subjects_for_metrics\seaborn\seaborn\utils.py,299,2,0,0,0
seaborn,C:\Users\Zhifei Chen\Desktop\pysmell\subjects_for_metrics\seaborn\seaborn\utils.py,336,1,0,0,0
seaborn,C:\Users\Zhifei Chen\Desktop\pysmell\subjects_for_metrics\seaborn\seaborn\utils.py,342,1,0,0,0
seaborn,C:\Users\Zhifei Chen\Desktop\pysmell\subjects_for_metrics\seaborn\seaborn\utils.py,355,1,0,0,0
seaborn,C:\Users\Zhifei Chen\Desktop\pysmell\subjects_for_metrics\seaborn\seaborn\utils.py,363,1,0,0,0
seaborn,C:\Users\Zhifei Chen\Desktop\pysmell\subjects_for_metrics\seaborn\seaborn\utils.py,375,0,0,0,0
seaborn,C:\Users\Zhifei Chen\Desktop\pysmell\subjects_for_metrics\seaborn\seaborn\utils.py,395,2,0,0,0
seaborn,C:\Users\Zhifei Chen\Desktop\pysmell\subjects_for_metrics\seaborn\seaborn\utils.py,452,1,0,0,0
seaborn,C:\Users\Zhifei Chen\Desktop\pysmell\subjects_for_metrics\seaborn\seaborn\utils.py,476,1,0,0,0
seaborn,C:\Users\Zhifei Chen\Desktop\pysmell\subjects_for_metrics\seaborn\seaborn\utils.py,493,1,0,0,0
seaborn,C:\Users\Zhifei Chen\Desktop\pysmell\subjects_for_metrics\seaborn\seaborn\external\husl.py,31,3,0,0,0
seaborn,C:\Users\Zhifei Chen\Desktop\pysmell\subjects_for_metrics\seaborn\seaborn\external\husl.py,35,3,0,0,0
seaborn,C:\Users\Zhifei Chen\Desktop\pysmell\subjects_for_metrics\seaborn\seaborn\external\husl.py,39,3,0,0,0
seaborn,C:\Users\Zhifei Chen\Desktop\pysmell\subjects_for_metrics\seaborn\seaborn\external\husl.py,43,1,0,0,0
seaborn,C:\Users\Zhifei Chen\Desktop\pysmell\subjects_for_metrics\seaborn\seaborn\external\husl.py,47,3,0,0,0
seaborn,C:\Users\Zhifei Chen\Desktop\pysmell\subjects_for_metrics\seaborn\seaborn\external\husl.py,51,3,0,0,0
seaborn,C:\Users\Zhifei Chen\Desktop\pysmell\subjects_for_metrics\seaborn\seaborn\external\husl.py,55,3,0,0,0
seaborn,C:\Users\Zhifei Chen\Desktop\pysmell\subjects_for_metrics\seaborn\seaborn\external\husl.py,59,1,0,0,0
seaborn,C:\Users\Zhifei Chen\Desktop\pysmell\subjects_for_metrics\seaborn\seaborn\external\husl.py,63,3,0,0,0
seaborn,C:\Users\Zhifei Chen\Desktop\pysmell\subjects_for_metrics\seaborn\seaborn\external\husl.py,67,3,0,0,0
seaborn,C:\Users\Zhifei Chen\Desktop\pysmell\subjects_for_metrics\seaborn\seaborn\external\husl.py,71,2,0,0,0
seaborn,C:\Users\Zhifei Chen\Desktop\pysmell\subjects_for_metrics\seaborn\seaborn\external\husl.py,94,1,0,0,0
seaborn,C:\Users\Zhifei Chen\Desktop\pysmell\subjects_for_metrics\seaborn\seaborn\external\husl.py,117,1,0,0,0
seaborn,C:\Users\Zhifei Chen\Desktop\pysmell\subjects_for_metrics\seaborn\seaborn\external\husl.py,122,2,0,0,0
seaborn,C:\Users\Zhifei Chen\Desktop\pysmell\subjects_for_metrics\seaborn\seaborn\external\husl.py,126,1,0,0,0
seaborn,C:\Users\Zhifei Chen\Desktop\pysmell\subjects_for_metrics\seaborn\seaborn\external\husl.py,133,1,0,0,0
seaborn,C:\Users\Zhifei Chen\Desktop\pysmell\subjects_for_metrics\seaborn\seaborn\external\husl.py,140,1,0,0,0
seaborn,C:\Users\Zhifei Chen\Desktop\pysmell\subjects_for_metrics\seaborn\seaborn\external\husl.py,147,1,0,0,0
seaborn,C:\Users\Zhifei Chen\Desktop\pysmell\subjects_for_metrics\seaborn\seaborn\external\husl.py,156,1,0,0,0
seaborn,C:\Users\Zhifei Chen\Desktop\pysmell\subjects_for_metrics\seaborn\seaborn\external\husl.py,178,1,0,0,0
seaborn,C:\Users\Zhifei Chen\Desktop\pysmell\subjects_for_metrics\seaborn\seaborn\external\husl.py,187,1,0,0,0
seaborn,C:\Users\Zhifei Chen\Desktop\pysmell\subjects_for_metrics\seaborn\seaborn\external\husl.py,192,1,0,0,0
seaborn,C:\Users\Zhifei Chen\Desktop\pysmell\subjects_for_metrics\seaborn\seaborn\external\husl.py,197,1,0,0,0
seaborn,C:\Users\Zhifei Chen\Desktop\pysmell\subjects_for_metrics\seaborn\seaborn\external\husl.py,202,1,0,0,0
seaborn,C:\Users\Zhifei Chen\Desktop\pysmell\subjects_for_metrics\seaborn\seaborn\external\husl.py,222,1,0,0,0
seaborn,C:\Users\Zhifei Chen\Desktop\pysmell\subjects_for_metrics\seaborn\seaborn\external\husl.py,238,1,0,0,0
seaborn,C:\Users\Zhifei Chen\Desktop\pysmell\subjects_for_metrics\seaborn\seaborn\external\husl.py,250,1,0,0,0
seaborn,C:\Users\Zhifei Chen\Desktop\pysmell\subjects_for_metrics\seaborn\seaborn\external\husl.py,260,1,0,0,0
seaborn,C:\Users\Zhifei Chen\Desktop\pysmell\subjects_for_metrics\seaborn\seaborn\external\husl.py,274,1,0,0,0
seaborn,C:\Users\Zhifei Chen\Desktop\pysmell\subjects_for_metrics\seaborn\seaborn\external\husl.py,288,1,0,0,0
seaborn,C:\Users\Zhifei Chen\Desktop\pysmell\subjects_for_metrics\seaborn\seaborn\external\husl.py,302,1,0,0,0
seaborn,C:\Users\Zhifei Chen\Desktop\pysmell\subjects_for_metrics\seaborn\seaborn\external\six.py,56,1,0,0,0
seaborn,C:\Users\Zhifei Chen\Desktop\pysmell\subjects_for_metrics\seaborn\seaborn\external\six.py,69,2,0,0,0
seaborn,C:\Users\Zhifei Chen\Desktop\pysmell\subjects_for_metrics\seaborn\seaborn\external\six.py,74,1,0,0,0
seaborn,C:\Users\Zhifei Chen\Desktop\pysmell\subjects_for_metrics\seaborn\seaborn\external\six.py,82,2,0,0,0
seaborn,C:\Users\Zhifei Chen\Desktop\pysmell\subjects_for_metrics\seaborn\seaborn\external\six.py,85,3,0,0,0
seaborn,C:\Users\Zhifei Chen\Desktop\pysmell\subjects_for_metrics\seaborn\seaborn\external\six.py,95,3,0,0,0
seaborn,C:\Users\Zhifei Chen\Desktop\pysmell\subjects_for_metrics\seaborn\seaborn\external\six.py,104,1,0,0,0
seaborn,C:\Users\Zhifei Chen\Desktop\pysmell\subjects_for_metrics\seaborn\seaborn\external\six.py,107,2,0,0,0
seaborn,C:\Users\Zhifei Chen\Desktop\pysmell\subjects_for_metrics\seaborn\seaborn\external\six.py,124,2,0,0,0
seaborn,C:\Users\Zhifei Chen\Desktop\pysmell\subjects_for_metrics\seaborn\seaborn\external\six.py,128,1,0,0,0
seaborn,C:\Users\Zhifei Chen\Desktop\pysmell\subjects_for_metrics\seaborn\seaborn\external\six.py,139,4,0,1,0
seaborn,C:\Users\Zhifei Chen\Desktop\pysmell\subjects_for_metrics\seaborn\seaborn\external\six.py,157,1,0,0,0
seaborn,C:\Users\Zhifei Chen\Desktop\pysmell\subjects_for_metrics\seaborn\seaborn\external\six.py,376,1,0,0,0
seaborn,C:\Users\Zhifei Chen\Desktop\pysmell\subjects_for_metrics\seaborn\seaborn\external\six.py,383,1,0,0,0
seaborn,C:\Users\Zhifei Chen\Desktop\pysmell\subjects_for_metrics\seaborn\seaborn\external\six.py,388,1,0,0,0
seaborn,C:\Users\Zhifei Chen\Desktop\pysmell\subjects_for_metrics\seaborn\seaborn\external\six.py,443,1,0,0,0
seaborn,C:\Users\Zhifei Chen\Desktop\pysmell\subjects_for_metrics\seaborn\seaborn\external\six.py,450,1,0,0,0
seaborn,C:\Users\Zhifei Chen\Desktop\pysmell\subjects_for_metrics\seaborn\seaborn\external\six.py,453,2,0,0,0
seaborn,C:\Users\Zhifei Chen\Desktop\pysmell\subjects_for_metrics\seaborn\seaborn\external\six.py,458,1,0,0,0
seaborn,C:\Users\Zhifei Chen\Desktop\pysmell\subjects_for_metrics\seaborn\seaborn\external\six.py,474,2,0,0,0
seaborn,C:\Users\Zhifei Chen\Desktop\pysmell\subjects_for_metrics\seaborn\seaborn\external\six.py,478,2,0,0,0
seaborn,C:\Users\Zhifei Chen\Desktop\pysmell\subjects_for_metrics\seaborn\seaborn\external\six.py,482,2,0,0,0
seaborn,C:\Users\Zhifei Chen\Desktop\pysmell\subjects_for_metrics\seaborn\seaborn\external\six.py,486,2,0,0,0
seaborn,C:\Users\Zhifei Chen\Desktop\pysmell\subjects_for_metrics\seaborn\seaborn\external\six.py,492,1,0,0,0
seaborn,C:\Users\Zhifei Chen\Desktop\pysmell\subjects_for_metrics\seaborn\seaborn\external\six.py,494,1,0,0,0
seaborn,C:\Users\Zhifei Chen\Desktop\pysmell\subjects_for_metrics\seaborn\seaborn\external\six.py,498,1,0,0,0
seaborn,C:\Users\Zhifei Chen\Desktop\pysmell\subjects_for_metrics\seaborn\seaborn\external\six.py,510,1,0,0,0
seaborn,C:\Users\Zhifei Chen\Desktop\pysmell\subjects_for_metrics\seaborn\seaborn\external\six.py,513,1,0,0,0
seaborn,C:\Users\Zhifei Chen\Desktop\pysmell\subjects_for_metrics\seaborn\seaborn\external\six.py,517,1,0,0,0
seaborn,C:\Users\Zhifei Chen\Desktop\pysmell\subjects_for_metrics\seaborn\seaborn\external\six.py,519,2,0,0,0
seaborn,C:\Users\Zhifei Chen\Desktop\pysmell\subjects_for_metrics\seaborn\seaborn\external\six.py,521,1,0,0,0
seaborn,C:\Users\Zhifei Chen\Desktop\pysmell\subjects_for_metrics\seaborn\seaborn\external\six.py,533,2,0,0,0
seaborn,C:\Users\Zhifei Chen\Desktop\pysmell\subjects_for_metrics\seaborn\seaborn\external\six.py,539,1,0,0,0
seaborn,C:\Users\Zhifei Chen\Desktop\pysmell\subjects_for_metrics\seaborn\seaborn\external\six.py,559,2,0,0,0
seaborn,C:\Users\Zhifei Chen\Desktop\pysmell\subjects_for_metrics\seaborn\seaborn\external\six.py,564,1,0,0,0
seaborn,C:\Users\Zhifei Chen\Desktop\pysmell\subjects_for_metrics\seaborn\seaborn\external\six.py,615,2,0,0,0
seaborn,C:\Users\Zhifei Chen\Desktop\pysmell\subjects_for_metrics\seaborn\seaborn\external\six.py,619,1,0,0,0
seaborn,C:\Users\Zhifei Chen\Desktop\pysmell\subjects_for_metrics\seaborn\seaborn\external\six.py,621,1,0,0,0
seaborn,C:\Users\Zhifei Chen\Desktop\pysmell\subjects_for_metrics\seaborn\seaborn\tests\test_algorithms.py,16,1,0,0,0
seaborn,C:\Users\Zhifei Chen\Desktop\pysmell\subjects_for_metrics\seaborn\seaborn\tests\test_algorithms.py,26,1,0,0,0
seaborn,C:\Users\Zhifei Chen\Desktop\pysmell\subjects_for_metrics\seaborn\seaborn\tests\test_algorithms.py,36,1,0,0,0
seaborn,C:\Users\Zhifei Chen\Desktop\pysmell\subjects_for_metrics\seaborn\seaborn\tests\test_algorithms.py,44,1,0,0,0
seaborn,C:\Users\Zhifei Chen\Desktop\pysmell\subjects_for_metrics\seaborn\seaborn\tests\test_algorithms.py,55,1,0,0,0
seaborn,C:\Users\Zhifei Chen\Desktop\pysmell\subjects_for_metrics\seaborn\seaborn\tests\test_algorithms.py,65,1,0,0,0
seaborn,C:\Users\Zhifei Chen\Desktop\pysmell\subjects_for_metrics\seaborn\seaborn\tests\test_algorithms.py,74,1,0,0,0
seaborn,C:\Users\Zhifei Chen\Desktop\pysmell\subjects_for_metrics\seaborn\seaborn\tests\test_algorithms.py,83,1,0,0,0
seaborn,C:\Users\Zhifei Chen\Desktop\pysmell\subjects_for_metrics\seaborn\seaborn\tests\test_algorithms.py,106,1,0,0,0
seaborn,C:\Users\Zhifei Chen\Desktop\pysmell\subjects_for_metrics\seaborn\seaborn\tests\test_algorithms.py,120,1,0,0,0
seaborn,C:\Users\Zhifei Chen\Desktop\pysmell\subjects_for_metrics\seaborn\seaborn\tests\test_algorithms.py,126,1,0,0,0
seaborn,C:\Users\Zhifei Chen\Desktop\pysmell\subjects_for_metrics\seaborn\seaborn\tests\test_algorithms.py,133,1,0,0,0
seaborn,C:\Users\Zhifei Chen\Desktop\pysmell\subjects_for_metrics\seaborn\seaborn\tests\test_algorithms.py,153,1,0,0,0
seaborn,C:\Users\Zhifei Chen\Desktop\pysmell\subjects_for_metrics\seaborn\seaborn\tests\test_algorithms.py,169,1,0,0,0
seaborn,C:\Users\Zhifei Chen\Desktop\pysmell\subjects_for_metrics\seaborn\seaborn\tests\test_algorithms.py,178,1,0,0,0
seaborn,C:\Users\Zhifei Chen\Desktop\pysmell\subjects_for_metrics\seaborn\seaborn\tests\test_algorithms.py,192,1,0,0,0
seaborn,C:\Users\Zhifei Chen\Desktop\pysmell\subjects_for_metrics\seaborn\seaborn\tests\test_algorithms.py,200,1,0,0,0
seaborn,C:\Users\Zhifei Chen\Desktop\pysmell\subjects_for_metrics\seaborn\seaborn\tests\test_axisgrid.py,38,1,0,0,0
seaborn,C:\Users\Zhifei Chen\Desktop\pysmell\subjects_for_metrics\seaborn\seaborn\tests\test_axisgrid.py,43,1,0,0,0
seaborn,C:\Users\Zhifei Chen\Desktop\pysmell\subjects_for_metrics\seaborn\seaborn\tests\test_axisgrid.py,48,1,0,0,0
seaborn,C:\Users\Zhifei Chen\Desktop\pysmell\subjects_for_metrics\seaborn\seaborn\tests\test_axisgrid.py,54,1,0,0,0
seaborn,C:\Users\Zhifei Chen\Desktop\pysmell\subjects_for_metrics\seaborn\seaborn\tests\test_axisgrid.py,74,1,0,0,0
seaborn,C:\Users\Zhifei Chen\Desktop\pysmell\subjects_for_metrics\seaborn\seaborn\tests\test_axisgrid.py,91,1,0,0,0
seaborn,C:\Users\Zhifei Chen\Desktop\pysmell\subjects_for_metrics\seaborn\seaborn\tests\test_axisgrid.py,114,1,0,0,0
seaborn,C:\Users\Zhifei Chen\Desktop\pysmell\subjects_for_metrics\seaborn\seaborn\tests\test_axisgrid.py,146,1,0,0,0
seaborn,C:\Users\Zhifei Chen\Desktop\pysmell\subjects_for_metrics\seaborn\seaborn\tests\test_axisgrid.py,158,1,0,0,0
seaborn,C:\Users\Zhifei Chen\Desktop\pysmell\subjects_for_metrics\seaborn\seaborn\tests\test_axisgrid.py,169,1,0,0,0
seaborn,C:\Users\Zhifei Chen\Desktop\pysmell\subjects_for_metrics\seaborn\seaborn\tests\test_axisgrid.py,182,1,0,0,0
seaborn,C:\Users\Zhifei Chen\Desktop\pysmell\subjects_for_metrics\seaborn\seaborn\tests\test_axisgrid.py,205,1,0,0,0
seaborn,C:\Users\Zhifei Chen\Desktop\pysmell\subjects_for_metrics\seaborn\seaborn\tests\test_axisgrid.py,230,1,0,0,0
seaborn,C:\Users\Zhifei Chen\Desktop\pysmell\subjects_for_metrics\seaborn\seaborn\tests\test_axisgrid.py,254,1,0,0,0
seaborn,C:\Users\Zhifei Chen\Desktop\pysmell\subjects_for_metrics\seaborn\seaborn\tests\test_axisgrid.py,260,1,0,0,0
seaborn,C:\Users\Zhifei Chen\Desktop\pysmell\subjects_for_metrics\seaborn\seaborn\tests\test_axisgrid.py,267,1,0,0,0
seaborn,C:\Users\Zhifei Chen\Desktop\pysmell\subjects_for_metrics\seaborn\seaborn\tests\test_axisgrid.py,273,1,0,0,0
seaborn,C:\Users\Zhifei Chen\Desktop\pysmell\subjects_for_metrics\seaborn\seaborn\tests\test_axisgrid.py,300,1,0,0,0
seaborn,C:\Users\Zhifei Chen\Desktop\pysmell\subjects_for_metrics\seaborn\seaborn\tests\test_axisgrid.py,312,1,0,0,0
seaborn,C:\Users\Zhifei Chen\Desktop\pysmell\subjects_for_metrics\seaborn\seaborn\tests\test_axisgrid.py,324,1,0,0,0
seaborn,C:\Users\Zhifei Chen\Desktop\pysmell\subjects_for_metrics\seaborn\seaborn\tests\test_axisgrid.py,364,1,0,0,0
seaborn,C:\Users\Zhifei Chen\Desktop\pysmell\subjects_for_metrics\seaborn\seaborn\tests\test_axisgrid.py,379,1,0,0,0
seaborn,C:\Users\Zhifei Chen\Desktop\pysmell\subjects_for_metrics\seaborn\seaborn\tests\test_axisgrid.py,395,1,0,0,0
seaborn,C:\Users\Zhifei Chen\Desktop\pysmell\subjects_for_metrics\seaborn\seaborn\tests\test_axisgrid.py,409,1,0,0,0
seaborn,C:\Users\Zhifei Chen\Desktop\pysmell\subjects_for_metrics\seaborn\seaborn\tests\test_axisgrid.py,437,1,0,0,0
seaborn,C:\Users\Zhifei Chen\Desktop\pysmell\subjects_for_metrics\seaborn\seaborn\tests\test_axisgrid.py,457,1,0,0,0
seaborn,C:\Users\Zhifei Chen\Desktop\pysmell\subjects_for_metrics\seaborn\seaborn\tests\test_axisgrid.py,490,1,0,0,0
seaborn,C:\Users\Zhifei Chen\Desktop\pysmell\subjects_for_metrics\seaborn\seaborn\tests\test_axisgrid.py,504,1,0,0,0
seaborn,C:\Users\Zhifei Chen\Desktop\pysmell\subjects_for_metrics\seaborn\seaborn\tests\test_axisgrid.py,510,1,0,0,0
seaborn,C:\Users\Zhifei Chen\Desktop\pysmell\subjects_for_metrics\seaborn\seaborn\tests\test_axisgrid.py,539,1,0,0,0
seaborn,C:\Users\Zhifei Chen\Desktop\pysmell\subjects_for_metrics\seaborn\seaborn\tests\test_axisgrid.py,562,1,0,0,0
seaborn,C:\Users\Zhifei Chen\Desktop\pysmell\subjects_for_metrics\seaborn\seaborn\tests\test_axisgrid.py,571,1,0,0,0
seaborn,C:\Users\Zhifei Chen\Desktop\pysmell\subjects_for_metrics\seaborn\seaborn\tests\test_axisgrid.py,593,1,0,0,0
seaborn,C:\Users\Zhifei Chen\Desktop\pysmell\subjects_for_metrics\seaborn\seaborn\tests\test_axisgrid.py,598,1,0,0,0
seaborn,C:\Users\Zhifei Chen\Desktop\pysmell\subjects_for_metrics\seaborn\seaborn\tests\test_axisgrid.py,606,1,0,0,0
seaborn,C:\Users\Zhifei Chen\Desktop\pysmell\subjects_for_metrics\seaborn\seaborn\tests\test_axisgrid.py,611,1,0,0,0
seaborn,C:\Users\Zhifei Chen\Desktop\pysmell\subjects_for_metrics\seaborn\seaborn\tests\test_axisgrid.py,617,1,0,0,0
seaborn,C:\Users\Zhifei Chen\Desktop\pysmell\subjects_for_metrics\seaborn\seaborn\tests\test_axisgrid.py,625,1,0,0,0
seaborn,C:\Users\Zhifei Chen\Desktop\pysmell\subjects_for_metrics\seaborn\seaborn\tests\test_axisgrid.py,634,1,0,0,0
seaborn,C:\Users\Zhifei Chen\Desktop\pysmell\subjects_for_metrics\seaborn\seaborn\tests\test_axisgrid.py,652,1,0,0,0
seaborn,C:\Users\Zhifei Chen\Desktop\pysmell\subjects_for_metrics\seaborn\seaborn\tests\test_axisgrid.py,661,1,0,0,0
seaborn,C:\Users\Zhifei Chen\Desktop\pysmell\subjects_for_metrics\seaborn\seaborn\tests\test_axisgrid.py,671,1,0,0,0
seaborn,C:\Users\Zhifei Chen\Desktop\pysmell\subjects_for_metrics\seaborn\seaborn\tests\test_axisgrid.py,683,1,0,0,0
seaborn,C:\Users\Zhifei Chen\Desktop\pysmell\subjects_for_metrics\seaborn\seaborn\tests\test_axisgrid.py,711,1,0,0,0
seaborn,C:\Users\Zhifei Chen\Desktop\pysmell\subjects_for_metrics\seaborn\seaborn\tests\test_axisgrid.py,726,1,0,0,0
seaborn,C:\Users\Zhifei Chen\Desktop\pysmell\subjects_for_metrics\seaborn\seaborn\tests\test_axisgrid.py,744,1,0,0,0
seaborn,C:\Users\Zhifei Chen\Desktop\pysmell\subjects_for_metrics\seaborn\seaborn\tests\test_axisgrid.py,762,1,0,0,0
seaborn,C:\Users\Zhifei Chen\Desktop\pysmell\subjects_for_metrics\seaborn\seaborn\tests\test_axisgrid.py,783,1,0,0,0
seaborn,C:\Users\Zhifei Chen\Desktop\pysmell\subjects_for_metrics\seaborn\seaborn\tests\test_axisgrid.py,814,1,0,0,0
seaborn,C:\Users\Zhifei Chen\Desktop\pysmell\subjects_for_metrics\seaborn\seaborn\tests\test_axisgrid.py,837,1,0,0,0
seaborn,C:\Users\Zhifei Chen\Desktop\pysmell\subjects_for_metrics\seaborn\seaborn\tests\test_axisgrid.py,853,1,0,0,0
seaborn,C:\Users\Zhifei Chen\Desktop\pysmell\subjects_for_metrics\seaborn\seaborn\tests\test_axisgrid.py,897,1,0,0,0
seaborn,C:\Users\Zhifei Chen\Desktop\pysmell\subjects_for_metrics\seaborn\seaborn\tests\test_axisgrid.py,941,1,0,0,0
seaborn,C:\Users\Zhifei Chen\Desktop\pysmell\subjects_for_metrics\seaborn\seaborn\tests\test_axisgrid.py,971,1,0,0,0
seaborn,C:\Users\Zhifei Chen\Desktop\pysmell\subjects_for_metrics\seaborn\seaborn\tests\test_axisgrid.py,1000,1,0,0,0
seaborn,C:\Users\Zhifei Chen\Desktop\pysmell\subjects_for_metrics\seaborn\seaborn\tests\test_axisgrid.py,1035,1,0,0,0
seaborn,C:\Users\Zhifei Chen\Desktop\pysmell\subjects_for_metrics\seaborn\seaborn\tests\test_axisgrid.py,1064,1,0,0,0
seaborn,C:\Users\Zhifei Chen\Desktop\pysmell\subjects_for_metrics\seaborn\seaborn\tests\test_axisgrid.py,1087,1,0,0,0
seaborn,C:\Users\Zhifei Chen\Desktop\pysmell\subjects_for_metrics\seaborn\seaborn\tests\test_axisgrid.py,1093,1,0,0,0
seaborn,C:\Users\Zhifei Chen\Desktop\pysmell\subjects_for_metrics\seaborn\seaborn\tests\test_axisgrid.py,1099,1,0,0,0
seaborn,C:\Users\Zhifei Chen\Desktop\pysmell\subjects_for_metrics\seaborn\seaborn\tests\test_axisgrid.py,1105,1,0,0,0
seaborn,C:\Users\Zhifei Chen\Desktop\pysmell\subjects_for_metrics\seaborn\seaborn\tests\test_axisgrid.py,1118,1,0,0,0
seaborn,C:\Users\Zhifei Chen\Desktop\pysmell\subjects_for_metrics\seaborn\seaborn\tests\test_axisgrid.py,1126,1,0,0,0
seaborn,C:\Users\Zhifei Chen\Desktop\pysmell\subjects_for_metrics\seaborn\seaborn\tests\test_axisgrid.py,1137,1,0,0,0
seaborn,C:\Users\Zhifei Chen\Desktop\pysmell\subjects_for_metrics\seaborn\seaborn\tests\test_axisgrid.py,1143,1,0,0,0
seaborn,C:\Users\Zhifei Chen\Desktop\pysmell\subjects_for_metrics\seaborn\seaborn\tests\test_axisgrid.py,1152,1,0,0,0
seaborn,C:\Users\Zhifei Chen\Desktop\pysmell\subjects_for_metrics\seaborn\seaborn\tests\test_axisgrid.py,1161,1,0,0,0
seaborn,C:\Users\Zhifei Chen\Desktop\pysmell\subjects_for_metrics\seaborn\seaborn\tests\test_axisgrid.py,1174,1,0,0,0
seaborn,C:\Users\Zhifei Chen\Desktop\pysmell\subjects_for_metrics\seaborn\seaborn\tests\test_axisgrid.py,1187,2,0,0,0
seaborn,C:\Users\Zhifei Chen\Desktop\pysmell\subjects_for_metrics\seaborn\seaborn\tests\test_axisgrid.py,1201,1,0,0,0
seaborn,C:\Users\Zhifei Chen\Desktop\pysmell\subjects_for_metrics\seaborn\seaborn\tests\test_categorical.py,36,1,0,0,0
seaborn,C:\Users\Zhifei Chen\Desktop\pysmell\subjects_for_metrics\seaborn\seaborn\tests\test_categorical.py,61,1,0,0,0
seaborn,C:\Users\Zhifei Chen\Desktop\pysmell\subjects_for_metrics\seaborn\seaborn\tests\test_categorical.py,91,1,0,0,0
seaborn,C:\Users\Zhifei Chen\Desktop\pysmell\subjects_for_metrics\seaborn\seaborn\tests\test_categorical.py,111,1,0,0,0
seaborn,C:\Users\Zhifei Chen\Desktop\pysmell\subjects_for_metrics\seaborn\seaborn\tests\test_categorical.py,120,1,0,0,0
seaborn,C:\Users\Zhifei Chen\Desktop\pysmell\subjects_for_metrics\seaborn\seaborn\tests\test_categorical.py,135,1,0,0,0
seaborn,C:\Users\Zhifei Chen\Desktop\pysmell\subjects_for_metrics\seaborn\seaborn\tests\test_categorical.py,147,1,0,0,0
seaborn,C:\Users\Zhifei Chen\Desktop\pysmell\subjects_for_metrics\seaborn\seaborn\tests\test_categorical.py,172,1,0,0,0
seaborn,C:\Users\Zhifei Chen\Desktop\pysmell\subjects_for_metrics\seaborn\seaborn\tests\test_categorical.py,190,1,0,0,0
seaborn,C:\Users\Zhifei Chen\Desktop\pysmell\subjects_for_metrics\seaborn\seaborn\tests\test_categorical.py,243,1,0,0,0
seaborn,C:\Users\Zhifei Chen\Desktop\pysmell\subjects_for_metrics\seaborn\seaborn\tests\test_categorical.py,254,1,0,0,0
seaborn,C:\Users\Zhifei Chen\Desktop\pysmell\subjects_for_metrics\seaborn\seaborn\tests\test_categorical.py,299,1,0,0,0
seaborn,C:\Users\Zhifei Chen\Desktop\pysmell\subjects_for_metrics\seaborn\seaborn\tests\test_categorical.py,325,1,0,0,0
seaborn,C:\Users\Zhifei Chen\Desktop\pysmell\subjects_for_metrics\seaborn\seaborn\tests\test_categorical.py,335,1,0,0,0
seaborn,C:\Users\Zhifei Chen\Desktop\pysmell\subjects_for_metrics\seaborn\seaborn\tests\test_categorical.py,360,1,0,0,0
seaborn,C:\Users\Zhifei Chen\Desktop\pysmell\subjects_for_metrics\seaborn\seaborn\tests\test_categorical.py,374,1,0,0,0
seaborn,C:\Users\Zhifei Chen\Desktop\pysmell\subjects_for_metrics\seaborn\seaborn\tests\test_categorical.py,382,1,0,0,0
seaborn,C:\Users\Zhifei Chen\Desktop\pysmell\subjects_for_metrics\seaborn\seaborn\tests\test_categorical.py,399,1,0,0,0
seaborn,C:\Users\Zhifei Chen\Desktop\pysmell\subjects_for_metrics\seaborn\seaborn\tests\test_categorical.py,419,1,0,0,0
seaborn,C:\Users\Zhifei Chen\Desktop\pysmell\subjects_for_metrics\seaborn\seaborn\tests\test_categorical.py,427,1,0,0,0
seaborn,C:\Users\Zhifei Chen\Desktop\pysmell\subjects_for_metrics\seaborn\seaborn\tests\test_categorical.py,442,1,0,0,0
seaborn,C:\Users\Zhifei Chen\Desktop\pysmell\subjects_for_metrics\seaborn\seaborn\tests\test_categorical.py,453,1,0,0,0
seaborn,C:\Users\Zhifei Chen\Desktop\pysmell\subjects_for_metrics\seaborn\seaborn\tests\test_categorical.py,477,1,0,0,0
seaborn,C:\Users\Zhifei Chen\Desktop\pysmell\subjects_for_metrics\seaborn\seaborn\tests\test_categorical.py,500,1,0,0,0
seaborn,C:\Users\Zhifei Chen\Desktop\pysmell\subjects_for_metrics\seaborn\seaborn\tests\test_categorical.py,523,1,0,0,0
seaborn,C:\Users\Zhifei Chen\Desktop\pysmell\subjects_for_metrics\seaborn\seaborn\tests\test_categorical.py,548,1,0,0,0
seaborn,C:\Users\Zhifei Chen\Desktop\pysmell\subjects_for_metrics\seaborn\seaborn\tests\test_categorical.py,572,1,0,0,0
seaborn,C:\Users\Zhifei Chen\Desktop\pysmell\subjects_for_metrics\seaborn\seaborn\tests\test_categorical.py,602,1,0,0,0
seaborn,C:\Users\Zhifei Chen\Desktop\pysmell\subjects_for_metrics\seaborn\seaborn\tests\test_categorical.py,614,1,0,0,0
seaborn,C:\Users\Zhifei Chen\Desktop\pysmell\subjects_for_metrics\seaborn\seaborn\tests\test_categorical.py,668,1,0,0,0
seaborn,C:\Users\Zhifei Chen\Desktop\pysmell\subjects_for_metrics\seaborn\seaborn\tests\test_categorical.py,680,1,0,0,0
seaborn,C:\Users\Zhifei Chen\Desktop\pysmell\subjects_for_metrics\seaborn\seaborn\tests\test_categorical.py,696,1,0,0,0
seaborn,C:\Users\Zhifei Chen\Desktop\pysmell\subjects_for_metrics\seaborn\seaborn\tests\test_categorical.py,708,1,0,0,0
seaborn,C:\Users\Zhifei Chen\Desktop\pysmell\subjects_for_metrics\seaborn\seaborn\tests\test_categorical.py,724,1,0,0,0
seaborn,C:\Users\Zhifei Chen\Desktop\pysmell\subjects_for_metrics\seaborn\seaborn\tests\test_categorical.py,730,1,0,0,0
seaborn,C:\Users\Zhifei Chen\Desktop\pysmell\subjects_for_metrics\seaborn\seaborn\tests\test_categorical.py,748,1,0,0,0
seaborn,C:\Users\Zhifei Chen\Desktop\pysmell\subjects_for_metrics\seaborn\seaborn\tests\test_categorical.py,776,1,0,0,0
seaborn,C:\Users\Zhifei Chen\Desktop\pysmell\subjects_for_metrics\seaborn\seaborn\tests\test_categorical.py,819,1,0,0,0
seaborn,C:\Users\Zhifei Chen\Desktop\pysmell\subjects_for_metrics\seaborn\seaborn\tests\test_categorical.py,827,1,0,0,0
seaborn,C:\Users\Zhifei Chen\Desktop\pysmell\subjects_for_metrics\seaborn\seaborn\tests\test_categorical.py,866,1,0,0,0
seaborn,C:\Users\Zhifei Chen\Desktop\pysmell\subjects_for_metrics\seaborn\seaborn\tests\test_categorical.py,904,1,0,0,0
seaborn,C:\Users\Zhifei Chen\Desktop\pysmell\subjects_for_metrics\seaborn\seaborn\tests\test_categorical.py,924,1,0,0,0
seaborn,C:\Users\Zhifei Chen\Desktop\pysmell\subjects_for_metrics\seaborn\seaborn\tests\test_categorical.py,971,1,0,0,0
seaborn,C:\Users\Zhifei Chen\Desktop\pysmell\subjects_for_metrics\seaborn\seaborn\tests\test_categorical.py,993,1,0,0,0
seaborn,C:\Users\Zhifei Chen\Desktop\pysmell\subjects_for_metrics\seaborn\seaborn\tests\test_categorical.py,1027,1,0,0,0
seaborn,C:\Users\Zhifei Chen\Desktop\pysmell\subjects_for_metrics\seaborn\seaborn\tests\test_categorical.py,1034,1,0,0,0
seaborn,C:\Users\Zhifei Chen\Desktop\pysmell\subjects_for_metrics\seaborn\seaborn\tests\test_categorical.py,1060,1,0,0,0
seaborn,C:\Users\Zhifei Chen\Desktop\pysmell\subjects_for_metrics\seaborn\seaborn\tests\test_categorical.py,1123,1,0,0,0
seaborn,C:\Users\Zhifei Chen\Desktop\pysmell\subjects_for_metrics\seaborn\seaborn\tests\test_categorical.py,1145,1,0,0,0
seaborn,C:\Users\Zhifei Chen\Desktop\pysmell\subjects_for_metrics\seaborn\seaborn\tests\test_categorical.py,1183,1,0,0,0
seaborn,C:\Users\Zhifei Chen\Desktop\pysmell\subjects_for_metrics\seaborn\seaborn\tests\test_categorical.py,1195,1,0,0,0
seaborn,C:\Users\Zhifei Chen\Desktop\pysmell\subjects_for_metrics\seaborn\seaborn\tests\test_categorical.py,1216,1,0,0,0
seaborn,C:\Users\Zhifei Chen\Desktop\pysmell\subjects_for_metrics\seaborn\seaborn\tests\test_categorical.py,1239,1,0,0,0
seaborn,C:\Users\Zhifei Chen\Desktop\pysmell\subjects_for_metrics\seaborn\seaborn\tests\test_categorical.py,1246,1,0,0,0
seaborn,C:\Users\Zhifei Chen\Desktop\pysmell\subjects_for_metrics\seaborn\seaborn\tests\test_categorical.py,1309,1,0,0,0
seaborn,C:\Users\Zhifei Chen\Desktop\pysmell\subjects_for_metrics\seaborn\seaborn\tests\test_categorical.py,1340,1,0,0,0
seaborn,C:\Users\Zhifei Chen\Desktop\pysmell\subjects_for_metrics\seaborn\seaborn\tests\test_categorical.py,1380,1,0,0,0
seaborn,C:\Users\Zhifei Chen\Desktop\pysmell\subjects_for_metrics\seaborn\seaborn\tests\test_categorical.py,1422,1,0,0,0
seaborn,C:\Users\Zhifei Chen\Desktop\pysmell\subjects_for_metrics\seaborn\seaborn\tests\test_categorical.py,1436,1,0,0,0
seaborn,C:\Users\Zhifei Chen\Desktop\pysmell\subjects_for_metrics\seaborn\seaborn\tests\test_categorical.py,1450,1,0,0,0
seaborn,C:\Users\Zhifei Chen\Desktop\pysmell\subjects_for_metrics\seaborn\seaborn\tests\test_categorical.py,1465,1,0,0,0
seaborn,C:\Users\Zhifei Chen\Desktop\pysmell\subjects_for_metrics\seaborn\seaborn\tests\test_categorical.py,1481,1,0,0,0
seaborn,C:\Users\Zhifei Chen\Desktop\pysmell\subjects_for_metrics\seaborn\seaborn\tests\test_categorical.py,1496,1,0,0,0
seaborn,C:\Users\Zhifei Chen\Desktop\pysmell\subjects_for_metrics\seaborn\seaborn\tests\test_categorical.py,1513,1,0,0,0
seaborn,C:\Users\Zhifei Chen\Desktop\pysmell\subjects_for_metrics\seaborn\seaborn\tests\test_categorical.py,1537,1,0,0,0
seaborn,C:\Users\Zhifei Chen\Desktop\pysmell\subjects_for_metrics\seaborn\seaborn\tests\test_categorical.py,1549,1,0,0,0
seaborn,C:\Users\Zhifei Chen\Desktop\pysmell\subjects_for_metrics\seaborn\seaborn\tests\test_categorical.py,1571,1,0,0,0
seaborn,C:\Users\Zhifei Chen\Desktop\pysmell\subjects_for_metrics\seaborn\seaborn\tests\test_categorical.py,1593,1,0,0,0
seaborn,C:\Users\Zhifei Chen\Desktop\pysmell\subjects_for_metrics\seaborn\seaborn\tests\test_categorical.py,1620,1,0,0,0
seaborn,C:\Users\Zhifei Chen\Desktop\pysmell\subjects_for_metrics\seaborn\seaborn\tests\test_categorical.py,1647,1,0,0,0
seaborn,C:\Users\Zhifei Chen\Desktop\pysmell\subjects_for_metrics\seaborn\seaborn\tests\test_categorical.py,1675,1,0,0,0
seaborn,C:\Users\Zhifei Chen\Desktop\pysmell\subjects_for_metrics\seaborn\seaborn\tests\test_categorical.py,1724,1,0,0,0
seaborn,C:\Users\Zhifei Chen\Desktop\pysmell\subjects_for_metrics\seaborn\seaborn\tests\test_categorical.py,1762,1,0,0,0
seaborn,C:\Users\Zhifei Chen\Desktop\pysmell\subjects_for_metrics\seaborn\seaborn\tests\test_categorical.py,1770,1,0,0,0
seaborn,C:\Users\Zhifei Chen\Desktop\pysmell\subjects_for_metrics\seaborn\seaborn\tests\test_categorical.py,1793,1,0,0,0
seaborn,C:\Users\Zhifei Chen\Desktop\pysmell\subjects_for_metrics\seaborn\seaborn\tests\test_categorical.py,1815,1,0,0,0
seaborn,C:\Users\Zhifei Chen\Desktop\pysmell\subjects_for_metrics\seaborn\seaborn\tests\test_categorical.py,1837,1,0,0,0
seaborn,C:\Users\Zhifei Chen\Desktop\pysmell\subjects_for_metrics\seaborn\seaborn\tests\test_categorical.py,1863,1,0,0,0
seaborn,C:\Users\Zhifei Chen\Desktop\pysmell\subjects_for_metrics\seaborn\seaborn\tests\test_categorical.py,1889,1,0,0,0
seaborn,C:\Users\Zhifei Chen\Desktop\pysmell\subjects_for_metrics\seaborn\seaborn\tests\test_categorical.py,1946,1,0,0,0
seaborn,C:\Users\Zhifei Chen\Desktop\pysmell\subjects_for_metrics\seaborn\seaborn\tests\test_categorical.py,1985,1,0,0,0
seaborn,C:\Users\Zhifei Chen\Desktop\pysmell\subjects_for_metrics\seaborn\seaborn\tests\test_categorical.py,2013,1,0,0,0
seaborn,C:\Users\Zhifei Chen\Desktop\pysmell\subjects_for_metrics\seaborn\seaborn\tests\test_categorical.py,2024,1,0,0,0
seaborn,C:\Users\Zhifei Chen\Desktop\pysmell\subjects_for_metrics\seaborn\seaborn\tests\test_categorical.py,2038,1,0,0,0
seaborn,C:\Users\Zhifei Chen\Desktop\pysmell\subjects_for_metrics\seaborn\seaborn\tests\test_categorical.py,2097,1,0,0,0
seaborn,C:\Users\Zhifei Chen\Desktop\pysmell\subjects_for_metrics\seaborn\seaborn\tests\test_categorical.py,2102,1,0,0,0
seaborn,C:\Users\Zhifei Chen\Desktop\pysmell\subjects_for_metrics\seaborn\seaborn\tests\test_categorical.py,2107,1,0,0,0
seaborn,C:\Users\Zhifei Chen\Desktop\pysmell\subjects_for_metrics\seaborn\seaborn\tests\test_distributions.py,32,1,0,0,0
seaborn,C:\Users\Zhifei Chen\Desktop\pysmell\subjects_for_metrics\seaborn\seaborn\tests\test_distributions.py,42,1,0,0,0
seaborn,C:\Users\Zhifei Chen\Desktop\pysmell\subjects_for_metrics\seaborn\seaborn\tests\test_distributions.py,55,1,0,0,0
seaborn,C:\Users\Zhifei Chen\Desktop\pysmell\subjects_for_metrics\seaborn\seaborn\tests\test_distributions.py,74,1,0,0,0
seaborn,C:\Users\Zhifei Chen\Desktop\pysmell\subjects_for_metrics\seaborn\seaborn\tests\test_distributions.py,85,1,0,0,0
seaborn,C:\Users\Zhifei Chen\Desktop\pysmell\subjects_for_metrics\seaborn\seaborn\tests\test_distributions.py,97,1,0,0,0
seaborn,C:\Users\Zhifei Chen\Desktop\pysmell\subjects_for_metrics\seaborn\seaborn\tests\test_distributions.py,102,1,0,0,0
seaborn,C:\Users\Zhifei Chen\Desktop\pysmell\subjects_for_metrics\seaborn\seaborn\tests\test_distributions.py,121,1,0,0,0
seaborn,C:\Users\Zhifei Chen\Desktop\pysmell\subjects_for_metrics\seaborn\seaborn\tests\test_distributions.py,136,1,0,0,0
seaborn,C:\Users\Zhifei Chen\Desktop\pysmell\subjects_for_metrics\seaborn\seaborn\tests\test_distributions.py,155,1,0,0,0
seaborn,C:\Users\Zhifei Chen\Desktop\pysmell\subjects_for_metrics\seaborn\seaborn\tests\test_distributions.py,163,1,0,0,0
seaborn,C:\Users\Zhifei Chen\Desktop\pysmell\subjects_for_metrics\seaborn\seaborn\tests\test_distributions.py,174,1,0,0,0
seaborn,C:\Users\Zhifei Chen\Desktop\pysmell\subjects_for_metrics\seaborn\seaborn\tests\test_distributions.py,185,1,0,0,0
seaborn,C:\Users\Zhifei Chen\Desktop\pysmell\subjects_for_metrics\seaborn\seaborn\tests\test_distributions.py,196,1,0,0,0
seaborn,C:\Users\Zhifei Chen\Desktop\pysmell\subjects_for_metrics\seaborn\seaborn\tests\test_distributions.py,204,1,0,0,0
seaborn,C:\Users\Zhifei Chen\Desktop\pysmell\subjects_for_metrics\seaborn\seaborn\tests\test_distributions.py,213,1,0,0,0
seaborn,C:\Users\Zhifei Chen\Desktop\pysmell\subjects_for_metrics\seaborn\seaborn\tests\test_linearmodels.py,38,1,0,0,0
seaborn,C:\Users\Zhifei Chen\Desktop\pysmell\subjects_for_metrics\seaborn\seaborn\tests\test_linearmodels.py,46,1,0,0,0
seaborn,C:\Users\Zhifei Chen\Desktop\pysmell\subjects_for_metrics\seaborn\seaborn\tests\test_linearmodels.py,54,1,0,0,0
seaborn,C:\Users\Zhifei Chen\Desktop\pysmell\subjects_for_metrics\seaborn\seaborn\tests\test_linearmodels.py,64,1,0,0,0
seaborn,C:\Users\Zhifei Chen\Desktop\pysmell\subjects_for_metrics\seaborn\seaborn\tests\test_linearmodels.py,72,1,0,0,0
seaborn,C:\Users\Zhifei Chen\Desktop\pysmell\subjects_for_metrics\seaborn\seaborn\tests\test_linearmodels.py,78,1,0,0,0
seaborn,C:\Users\Zhifei Chen\Desktop\pysmell\subjects_for_metrics\seaborn\seaborn\tests\test_linearmodels.py,114,1,0,0,0
seaborn,C:\Users\Zhifei Chen\Desktop\pysmell\subjects_for_metrics\seaborn\seaborn\tests\test_linearmodels.py,123,1,0,0,0
seaborn,C:\Users\Zhifei Chen\Desktop\pysmell\subjects_for_metrics\seaborn\seaborn\tests\test_linearmodels.py,132,1,0,0,0
seaborn,C:\Users\Zhifei Chen\Desktop\pysmell\subjects_for_metrics\seaborn\seaborn\tests\test_linearmodels.py,140,1,0,0,0
seaborn,C:\Users\Zhifei Chen\Desktop\pysmell\subjects_for_metrics\seaborn\seaborn\tests\test_linearmodels.py,148,1,0,0,0
seaborn,C:\Users\Zhifei Chen\Desktop\pysmell\subjects_for_metrics\seaborn\seaborn\tests\test_linearmodels.py,158,1,0,0,0
seaborn,C:\Users\Zhifei Chen\Desktop\pysmell\subjects_for_metrics\seaborn\seaborn\tests\test_linearmodels.py,172,1,0,0,0
seaborn,C:\Users\Zhifei Chen\Desktop\pysmell\subjects_for_metrics\seaborn\seaborn\tests\test_linearmodels.py,186,1,0,0,0
seaborn,C:\Users\Zhifei Chen\Desktop\pysmell\subjects_for_metrics\seaborn\seaborn\tests\test_linearmodels.py,200,1,0,0,0
seaborn,C:\Users\Zhifei Chen\Desktop\pysmell\subjects_for_metrics\seaborn\seaborn\tests\test_linearmodels.py,217,1,0,0,0
seaborn,C:\Users\Zhifei Chen\Desktop\pysmell\subjects_for_metrics\seaborn\seaborn\tests\test_linearmodels.py,235,1,0,0,0
seaborn,C:\Users\Zhifei Chen\Desktop\pysmell\subjects_for_metrics\seaborn\seaborn\tests\test_linearmodels.py,242,1,0,0,0
seaborn,C:\Users\Zhifei Chen\Desktop\pysmell\subjects_for_metrics\seaborn\seaborn\tests\test_linearmodels.py,248,1,0,0,0
seaborn,C:\Users\Zhifei Chen\Desktop\pysmell\subjects_for_metrics\seaborn\seaborn\tests\test_linearmodels.py,257,1,0,0,0
seaborn,C:\Users\Zhifei Chen\Desktop\pysmell\subjects_for_metrics\seaborn\seaborn\tests\test_linearmodels.py,280,1,0,0,0
seaborn,C:\Users\Zhifei Chen\Desktop\pysmell\subjects_for_metrics\seaborn\seaborn\tests\test_linearmodels.py,291,1,0,0,0
seaborn,C:\Users\Zhifei Chen\Desktop\pysmell\subjects_for_metrics\seaborn\seaborn\tests\test_linearmodels.py,310,1,0,0,0
seaborn,C:\Users\Zhifei Chen\Desktop\pysmell\subjects_for_metrics\seaborn\seaborn\tests\test_linearmodels.py,326,1,0,0,0
seaborn,C:\Users\Zhifei Chen\Desktop\pysmell\subjects_for_metrics\seaborn\seaborn\tests\test_linearmodels.py,343,1,0,0,0
seaborn,C:\Users\Zhifei Chen\Desktop\pysmell\subjects_for_metrics\seaborn\seaborn\tests\test_linearmodels.py,352,1,0,0,0
seaborn,C:\Users\Zhifei Chen\Desktop\pysmell\subjects_for_metrics\seaborn\seaborn\tests\test_linearmodels.py,365,1,0,0,0
seaborn,C:\Users\Zhifei Chen\Desktop\pysmell\subjects_for_metrics\seaborn\seaborn\tests\test_linearmodels.py,374,1,0,0,0
seaborn,C:\Users\Zhifei Chen\Desktop\pysmell\subjects_for_metrics\seaborn\seaborn\tests\test_linearmodels.py,384,1,0,0,0
seaborn,C:\Users\Zhifei Chen\Desktop\pysmell\subjects_for_metrics\seaborn\seaborn\tests\test_linearmodels.py,412,1,0,0,0
seaborn,C:\Users\Zhifei Chen\Desktop\pysmell\subjects_for_metrics\seaborn\seaborn\tests\test_linearmodels.py,423,1,0,0,0
seaborn,C:\Users\Zhifei Chen\Desktop\pysmell\subjects_for_metrics\seaborn\seaborn\tests\test_linearmodels.py,443,1,0,0,0
seaborn,C:\Users\Zhifei Chen\Desktop\pysmell\subjects_for_metrics\seaborn\seaborn\tests\test_linearmodels.py,467,1,0,0,0
seaborn,C:\Users\Zhifei Chen\Desktop\pysmell\subjects_for_metrics\seaborn\seaborn\tests\test_linearmodels.py,473,1,0,0,0
seaborn,C:\Users\Zhifei Chen\Desktop\pysmell\subjects_for_metrics\seaborn\seaborn\tests\test_linearmodels.py,484,1,0,0,0
seaborn,C:\Users\Zhifei Chen\Desktop\pysmell\subjects_for_metrics\seaborn\seaborn\tests\test_linearmodels.py,492,1,0,0,0
seaborn,C:\Users\Zhifei Chen\Desktop\pysmell\subjects_for_metrics\seaborn\seaborn\tests\test_linearmodels.py,503,1,0,0,0
seaborn,C:\Users\Zhifei Chen\Desktop\pysmell\subjects_for_metrics\seaborn\seaborn\tests\test_linearmodels.py,515,1,0,0,0
seaborn,C:\Users\Zhifei Chen\Desktop\pysmell\subjects_for_metrics\seaborn\seaborn\tests\test_linearmodels.py,526,1,0,0,0
seaborn,C:\Users\Zhifei Chen\Desktop\pysmell\subjects_for_metrics\seaborn\seaborn\tests\test_linearmodels.py,531,1,0,0,0
seaborn,C:\Users\Zhifei Chen\Desktop\pysmell\subjects_for_metrics\seaborn\seaborn\tests\test_linearmodels.py,540,1,0,0,0
seaborn,C:\Users\Zhifei Chen\Desktop\pysmell\subjects_for_metrics\seaborn\seaborn\tests\test_linearmodels.py,551,1,0,0,0
seaborn,C:\Users\Zhifei Chen\Desktop\pysmell\subjects_for_metrics\seaborn\seaborn\tests\test_matrix.py,44,1,0,0,0
seaborn,C:\Users\Zhifei Chen\Desktop\pysmell\subjects_for_metrics\seaborn\seaborn\tests\test_matrix.py,56,1,0,0,0
seaborn,C:\Users\Zhifei Chen\Desktop\pysmell\subjects_for_metrics\seaborn\seaborn\tests\test_matrix.py,68,1,0,0,0
seaborn,C:\Users\Zhifei Chen\Desktop\pysmell\subjects_for_metrics\seaborn\seaborn\tests\test_matrix.py,87,1,0,0,0
seaborn,C:\Users\Zhifei Chen\Desktop\pysmell\subjects_for_metrics\seaborn\seaborn\tests\test_matrix.py,97,1,0,0,0
seaborn,C:\Users\Zhifei Chen\Desktop\pysmell\subjects_for_metrics\seaborn\seaborn\tests\test_matrix.py,104,1,0,0,0
seaborn,C:\Users\Zhifei Chen\Desktop\pysmell\subjects_for_metrics\seaborn\seaborn\tests\test_matrix.py,112,1,0,0,0
seaborn,C:\Users\Zhifei Chen\Desktop\pysmell\subjects_for_metrics\seaborn\seaborn\tests\test_matrix.py,121,1,0,0,0
seaborn,C:\Users\Zhifei Chen\Desktop\pysmell\subjects_for_metrics\seaborn\seaborn\tests\test_matrix.py,131,1,0,0,0
seaborn,C:\Users\Zhifei Chen\Desktop\pysmell\subjects_for_metrics\seaborn\seaborn\tests\test_matrix.py,141,1,0,0,0
seaborn,C:\Users\Zhifei Chen\Desktop\pysmell\subjects_for_metrics\seaborn\seaborn\tests\test_matrix.py,153,1,0,0,0
seaborn,C:\Users\Zhifei Chen\Desktop\pysmell\subjects_for_metrics\seaborn\seaborn\tests\test_matrix.py,167,1,0,0,0
seaborn,C:\Users\Zhifei Chen\Desktop\pysmell\subjects_for_metrics\seaborn\seaborn\tests\test_matrix.py,174,1,0,0,0
seaborn,C:\Users\Zhifei Chen\Desktop\pysmell\subjects_for_metrics\seaborn\seaborn\tests\test_matrix.py,184,1,0,0,0
seaborn,C:\Users\Zhifei Chen\Desktop\pysmell\subjects_for_metrics\seaborn\seaborn\tests\test_matrix.py,192,1,0,0,0
seaborn,C:\Users\Zhifei Chen\Desktop\pysmell\subjects_for_metrics\seaborn\seaborn\tests\test_matrix.py,202,1,0,0,0
seaborn,C:\Users\Zhifei Chen\Desktop\pysmell\subjects_for_metrics\seaborn\seaborn\tests\test_matrix.py,218,1,0,0,0
seaborn,C:\Users\Zhifei Chen\Desktop\pysmell\subjects_for_metrics\seaborn\seaborn\tests\test_matrix.py,226,1,0,0,0
seaborn,C:\Users\Zhifei Chen\Desktop\pysmell\subjects_for_metrics\seaborn\seaborn\tests\test_matrix.py,236,1,0,0,0
seaborn,C:\Users\Zhifei Chen\Desktop\pysmell\subjects_for_metrics\seaborn\seaborn\tests\test_matrix.py,248,1,0,0,0
seaborn,C:\Users\Zhifei Chen\Desktop\pysmell\subjects_for_metrics\seaborn\seaborn\tests\test_matrix.py,265,1,0,0,0
seaborn,C:\Users\Zhifei Chen\Desktop\pysmell\subjects_for_metrics\seaborn\seaborn\tests\test_matrix.py,280,1,0,0,0
seaborn,C:\Users\Zhifei Chen\Desktop\pysmell\subjects_for_metrics\seaborn\seaborn\tests\test_matrix.py,308,1,0,0,0
seaborn,C:\Users\Zhifei Chen\Desktop\pysmell\subjects_for_metrics\seaborn\seaborn\tests\test_matrix.py,316,1,0,0,0
seaborn,C:\Users\Zhifei Chen\Desktop\pysmell\subjects_for_metrics\seaborn\seaborn\tests\test_matrix.py,321,1,0,0,0
seaborn,C:\Users\Zhifei Chen\Desktop\pysmell\subjects_for_metrics\seaborn\seaborn\tests\test_matrix.py,335,1,0,0,0
seaborn,C:\Users\Zhifei Chen\Desktop\pysmell\subjects_for_metrics\seaborn\seaborn\tests\test_matrix.py,374,1,0,0,0
seaborn,C:\Users\Zhifei Chen\Desktop\pysmell\subjects_for_metrics\seaborn\seaborn\tests\test_matrix.py,390,1,0,0,0
seaborn,C:\Users\Zhifei Chen\Desktop\pysmell\subjects_for_metrics\seaborn\seaborn\tests\test_matrix.py,406,1,0,0,0
seaborn,C:\Users\Zhifei Chen\Desktop\pysmell\subjects_for_metrics\seaborn\seaborn\tests\test_matrix.py,425,1,0,0,0
seaborn,C:\Users\Zhifei Chen\Desktop\pysmell\subjects_for_metrics\seaborn\seaborn\tests\test_matrix.py,442,1,0,0,0
seaborn,C:\Users\Zhifei Chen\Desktop\pysmell\subjects_for_metrics\seaborn\seaborn\tests\test_matrix.py,455,1,0,0,0
seaborn,C:\Users\Zhifei Chen\Desktop\pysmell\subjects_for_metrics\seaborn\seaborn\tests\test_matrix.py,463,1,0,0,0
seaborn,C:\Users\Zhifei Chen\Desktop\pysmell\subjects_for_metrics\seaborn\seaborn\tests\test_matrix.py,483,1,0,0,0
seaborn,C:\Users\Zhifei Chen\Desktop\pysmell\subjects_for_metrics\seaborn\seaborn\tests\test_matrix.py,494,1,0,0,0
seaborn,C:\Users\Zhifei Chen\Desktop\pysmell\subjects_for_metrics\seaborn\seaborn\tests\test_matrix.py,508,1,0,0,0
seaborn,C:\Users\Zhifei Chen\Desktop\pysmell\subjects_for_metrics\seaborn\seaborn\tests\test_matrix.py,519,1,0,0,0
seaborn,C:\Users\Zhifei Chen\Desktop\pysmell\subjects_for_metrics\seaborn\seaborn\tests\test_matrix.py,531,1,0,0,0
seaborn,C:\Users\Zhifei Chen\Desktop\pysmell\subjects_for_metrics\seaborn\seaborn\tests\test_matrix.py,545,1,0,0,0
seaborn,C:\Users\Zhifei Chen\Desktop\pysmell\subjects_for_metrics\seaborn\seaborn\tests\test_matrix.py,562,1,0,0,0
seaborn,C:\Users\Zhifei Chen\Desktop\pysmell\subjects_for_metrics\seaborn\seaborn\tests\test_matrix.py,625,1,0,0,0
seaborn,C:\Users\Zhifei Chen\Desktop\pysmell\subjects_for_metrics\seaborn\seaborn\tests\test_matrix.py,632,1,0,0,0
seaborn,C:\Users\Zhifei Chen\Desktop\pysmell\subjects_for_metrics\seaborn\seaborn\tests\test_matrix.py,636,1,0,0,0
seaborn,C:\Users\Zhifei Chen\Desktop\pysmell\subjects_for_metrics\seaborn\seaborn\tests\test_matrix.py,643,1,0,0,0
seaborn,C:\Users\Zhifei Chen\Desktop\pysmell\subjects_for_metrics\seaborn\seaborn\tests\test_matrix.py,655,1,0,0,0
seaborn,C:\Users\Zhifei Chen\Desktop\pysmell\subjects_for_metrics\seaborn\seaborn\tests\test_matrix.py,667,1,0,0,0
seaborn,C:\Users\Zhifei Chen\Desktop\pysmell\subjects_for_metrics\seaborn\seaborn\tests\test_matrix.py,681,1,0,0,0
seaborn,C:\Users\Zhifei Chen\Desktop\pysmell\subjects_for_metrics\seaborn\seaborn\tests\test_matrix.py,694,1,0,0,0
seaborn,C:\Users\Zhifei Chen\Desktop\pysmell\subjects_for_metrics\seaborn\seaborn\tests\test_matrix.py,703,1,0,0,0
seaborn,C:\Users\Zhifei Chen\Desktop\pysmell\subjects_for_metrics\seaborn\seaborn\tests\test_matrix.py,714,1,0,0,0
seaborn,C:\Users\Zhifei Chen\Desktop\pysmell\subjects_for_metrics\seaborn\seaborn\tests\test_matrix.py,723,1,0,0,0
seaborn,C:\Users\Zhifei Chen\Desktop\pysmell\subjects_for_metrics\seaborn\seaborn\tests\test_matrix.py,734,1,0,0,0
seaborn,C:\Users\Zhifei Chen\Desktop\pysmell\subjects_for_metrics\seaborn\seaborn\tests\test_matrix.py,741,1,0,0,0
seaborn,C:\Users\Zhifei Chen\Desktop\pysmell\subjects_for_metrics\seaborn\seaborn\tests\test_matrix.py,755,1,0,0,0
seaborn,C:\Users\Zhifei Chen\Desktop\pysmell\subjects_for_metrics\seaborn\seaborn\tests\test_matrix.py,773,1,0,0,0
seaborn,C:\Users\Zhifei Chen\Desktop\pysmell\subjects_for_metrics\seaborn\seaborn\tests\test_matrix.py,787,1,0,0,0
seaborn,C:\Users\Zhifei Chen\Desktop\pysmell\subjects_for_metrics\seaborn\seaborn\tests\test_matrix.py,793,1,0,0,0
seaborn,C:\Users\Zhifei Chen\Desktop\pysmell\subjects_for_metrics\seaborn\seaborn\tests\test_matrix.py,804,1,0,0,0
seaborn,C:\Users\Zhifei Chen\Desktop\pysmell\subjects_for_metrics\seaborn\seaborn\tests\test_matrix.py,820,1,0,0,0
seaborn,C:\Users\Zhifei Chen\Desktop\pysmell\subjects_for_metrics\seaborn\seaborn\tests\test_matrix.py,830,1,0,0,0
seaborn,C:\Users\Zhifei Chen\Desktop\pysmell\subjects_for_metrics\seaborn\seaborn\tests\test_matrix.py,850,1,0,0,0
seaborn,C:\Users\Zhifei Chen\Desktop\pysmell\subjects_for_metrics\seaborn\seaborn\tests\test_matrix.py,866,1,0,0,0
seaborn,C:\Users\Zhifei Chen\Desktop\pysmell\subjects_for_metrics\seaborn\seaborn\tests\test_miscplot.py,12,1,0,0,0
seaborn,C:\Users\Zhifei Chen\Desktop\pysmell\subjects_for_metrics\seaborn\seaborn\tests\test_palettes.py,15,1,0,0,0
seaborn,C:\Users\Zhifei Chen\Desktop\pysmell\subjects_for_metrics\seaborn\seaborn\tests\test_palettes.py,22,1,0,0,0
seaborn,C:\Users\Zhifei Chen\Desktop\pysmell\subjects_for_metrics\seaborn\seaborn\tests\test_palettes.py,32,1,0,0,0
seaborn,C:\Users\Zhifei Chen\Desktop\pysmell\subjects_for_metrics\seaborn\seaborn\tests\test_palettes.py,46,1,0,0,0
seaborn,C:\Users\Zhifei Chen\Desktop\pysmell\subjects_for_metrics\seaborn\seaborn\tests\test_palettes.py,53,1,0,0,0
seaborn,C:\Users\Zhifei Chen\Desktop\pysmell\subjects_for_metrics\seaborn\seaborn\tests\test_palettes.py,59,1,0,0,0
seaborn,C:\Users\Zhifei Chen\Desktop\pysmell\subjects_for_metrics\seaborn\seaborn\tests\test_palettes.py,65,1,0,0,0
seaborn,C:\Users\Zhifei Chen\Desktop\pysmell\subjects_for_metrics\seaborn\seaborn\tests\test_palettes.py,71,1,0,0,0
seaborn,C:\Users\Zhifei Chen\Desktop\pysmell\subjects_for_metrics\seaborn\seaborn\tests\test_palettes.py,77,1,0,0,0
seaborn,C:\Users\Zhifei Chen\Desktop\pysmell\subjects_for_metrics\seaborn\seaborn\tests\test_palettes.py,82,1,0,0,0
seaborn,C:\Users\Zhifei Chen\Desktop\pysmell\subjects_for_metrics\seaborn\seaborn\tests\test_palettes.py,87,1,0,0,0
seaborn,C:\Users\Zhifei Chen\Desktop\pysmell\subjects_for_metrics\seaborn\seaborn\tests\test_palettes.py,93,1,0,0,0
seaborn,C:\Users\Zhifei Chen\Desktop\pysmell\subjects_for_metrics\seaborn\seaborn\tests\test_palettes.py,100,1,0,0,0
seaborn,C:\Users\Zhifei Chen\Desktop\pysmell\subjects_for_metrics\seaborn\seaborn\tests\test_palettes.py,110,1,0,0,0
seaborn,C:\Users\Zhifei Chen\Desktop\pysmell\subjects_for_metrics\seaborn\seaborn\tests\test_palettes.py,116,1,0,0,0
seaborn,C:\Users\Zhifei Chen\Desktop\pysmell\subjects_for_metrics\seaborn\seaborn\tests\test_palettes.py,133,1,0,0,0
seaborn,C:\Users\Zhifei Chen\Desktop\pysmell\subjects_for_metrics\seaborn\seaborn\tests\test_palettes.py,150,1,0,0,0
seaborn,C:\Users\Zhifei Chen\Desktop\pysmell\subjects_for_metrics\seaborn\seaborn\tests\test_palettes.py,160,1,0,0,0
seaborn,C:\Users\Zhifei Chen\Desktop\pysmell\subjects_for_metrics\seaborn\seaborn\tests\test_palettes.py,166,1,0,0,0
seaborn,C:\Users\Zhifei Chen\Desktop\pysmell\subjects_for_metrics\seaborn\seaborn\tests\test_palettes.py,173,1,0,0,0
seaborn,C:\Users\Zhifei Chen\Desktop\pysmell\subjects_for_metrics\seaborn\seaborn\tests\test_palettes.py,180,1,0,0,0
seaborn,C:\Users\Zhifei Chen\Desktop\pysmell\subjects_for_metrics\seaborn\seaborn\tests\test_palettes.py,187,1,0,0,0
seaborn,C:\Users\Zhifei Chen\Desktop\pysmell\subjects_for_metrics\seaborn\seaborn\tests\test_palettes.py,199,1,0,0,0
seaborn,C:\Users\Zhifei Chen\Desktop\pysmell\subjects_for_metrics\seaborn\seaborn\tests\test_palettes.py,211,1,0,0,0
seaborn,C:\Users\Zhifei Chen\Desktop\pysmell\subjects_for_metrics\seaborn\seaborn\tests\test_palettes.py,217,1,0,0,0
seaborn,C:\Users\Zhifei Chen\Desktop\pysmell\subjects_for_metrics\seaborn\seaborn\tests\test_palettes.py,227,1,0,0,0
seaborn,C:\Users\Zhifei Chen\Desktop\pysmell\subjects_for_metrics\seaborn\seaborn\tests\test_palettes.py,233,1,0,0,0
seaborn,C:\Users\Zhifei Chen\Desktop\pysmell\subjects_for_metrics\seaborn\seaborn\tests\test_palettes.py,239,1,0,0,0
seaborn,C:\Users\Zhifei Chen\Desktop\pysmell\subjects_for_metrics\seaborn\seaborn\tests\test_palettes.py,253,1,0,0,0
seaborn,C:\Users\Zhifei Chen\Desktop\pysmell\subjects_for_metrics\seaborn\seaborn\tests\test_palettes.py,261,1,0,0,0
seaborn,C:\Users\Zhifei Chen\Desktop\pysmell\subjects_for_metrics\seaborn\seaborn\tests\test_palettes.py,269,1,0,0,0
seaborn,C:\Users\Zhifei Chen\Desktop\pysmell\subjects_for_metrics\seaborn\seaborn\tests\test_palettes.py,279,1,0,0,0
seaborn,C:\Users\Zhifei Chen\Desktop\pysmell\subjects_for_metrics\seaborn\seaborn\tests\test_palettes.py,285,1,0,0,0
seaborn,C:\Users\Zhifei Chen\Desktop\pysmell\subjects_for_metrics\seaborn\seaborn\tests\test_rcmod.py,15,2,0,0,0
seaborn,C:\Users\Zhifei Chen\Desktop\pysmell\subjects_for_metrics\seaborn\seaborn\tests\test_rcmod.py,21,2,0,0,0
seaborn,C:\Users\Zhifei Chen\Desktop\pysmell\subjects_for_metrics\seaborn\seaborn\tests\test_rcmod.py,37,1,0,0,0
seaborn,C:\Users\Zhifei Chen\Desktop\pysmell\subjects_for_metrics\seaborn\seaborn\tests\test_rcmod.py,42,1,0,0,0
seaborn,C:\Users\Zhifei Chen\Desktop\pysmell\subjects_for_metrics\seaborn\seaborn\tests\test_rcmod.py,48,1,0,0,0
seaborn,C:\Users\Zhifei Chen\Desktop\pysmell\subjects_for_metrics\seaborn\seaborn\tests\test_rcmod.py,53,1,0,0,0
seaborn,C:\Users\Zhifei Chen\Desktop\pysmell\subjects_for_metrics\seaborn\seaborn\tests\test_rcmod.py,60,1,0,0,0
seaborn,C:\Users\Zhifei Chen\Desktop\pysmell\subjects_for_metrics\seaborn\seaborn\tests\test_rcmod.py,68,1,0,0,0
seaborn,C:\Users\Zhifei Chen\Desktop\pysmell\subjects_for_metrics\seaborn\seaborn\tests\test_rcmod.py,77,1,0,0,0
seaborn,C:\Users\Zhifei Chen\Desktop\pysmell\subjects_for_metrics\seaborn\seaborn\tests\test_rcmod.py,81,1,0,0,0
seaborn,C:\Users\Zhifei Chen\Desktop\pysmell\subjects_for_metrics\seaborn\seaborn\tests\test_rcmod.py,87,1,0,0,0
seaborn,C:\Users\Zhifei Chen\Desktop\pysmell\subjects_for_metrics\seaborn\seaborn\tests\test_rcmod.py,98,1,0,0,0
seaborn,C:\Users\Zhifei Chen\Desktop\pysmell\subjects_for_metrics\seaborn\seaborn\tests\test_rcmod.py,114,1,0,0,0
seaborn,C:\Users\Zhifei Chen\Desktop\pysmell\subjects_for_metrics\seaborn\seaborn\tests\test_rcmod.py,119,1,0,0,0
seaborn,C:\Users\Zhifei Chen\Desktop\pysmell\subjects_for_metrics\seaborn\seaborn\tests\test_rcmod.py,126,1,0,0,0
seaborn,C:\Users\Zhifei Chen\Desktop\pysmell\subjects_for_metrics\seaborn\seaborn\tests\test_rcmod.py,131,1,0,0,0
seaborn,C:\Users\Zhifei Chen\Desktop\pysmell\subjects_for_metrics\seaborn\seaborn\tests\test_rcmod.py,142,1,0,0,0
seaborn,C:\Users\Zhifei Chen\Desktop\pysmell\subjects_for_metrics\seaborn\seaborn\tests\test_rcmod.py,150,1,0,0,0
seaborn,C:\Users\Zhifei Chen\Desktop\pysmell\subjects_for_metrics\seaborn\seaborn\tests\test_rcmod.py,158,1,0,0,0
seaborn,C:\Users\Zhifei Chen\Desktop\pysmell\subjects_for_metrics\seaborn\seaborn\tests\test_rcmod.py,170,1,0,0,0
seaborn,C:\Users\Zhifei Chen\Desktop\pysmell\subjects_for_metrics\seaborn\seaborn\tests\test_rcmod.py,188,1,0,0,0
seaborn,C:\Users\Zhifei Chen\Desktop\pysmell\subjects_for_metrics\seaborn\seaborn\tests\test_rcmod.py,200,1,0,0,0
seaborn,C:\Users\Zhifei Chen\Desktop\pysmell\subjects_for_metrics\seaborn\seaborn\tests\test_rcmod.py,224,1,0,0,0
seaborn,C:\Users\Zhifei Chen\Desktop\pysmell\subjects_for_metrics\seaborn\seaborn\tests\test_utils.py,33,1,0,0,0
seaborn,C:\Users\Zhifei Chen\Desktop\pysmell\subjects_for_metrics\seaborn\seaborn\tests\test_utils.py,46,1,0,0,0
seaborn,C:\Users\Zhifei Chen\Desktop\pysmell\subjects_for_metrics\seaborn\seaborn\tests\test_utils.py,52,1,0,0,0
seaborn,C:\Users\Zhifei Chen\Desktop\pysmell\subjects_for_metrics\seaborn\seaborn\tests\test_utils.py,59,1,0,0,0
seaborn,C:\Users\Zhifei Chen\Desktop\pysmell\subjects_for_metrics\seaborn\seaborn\tests\test_utils.py,65,1,0,0,0
seaborn,C:\Users\Zhifei Chen\Desktop\pysmell\subjects_for_metrics\seaborn\seaborn\tests\test_utils.py,79,1,0,0,0
seaborn,C:\Users\Zhifei Chen\Desktop\pysmell\subjects_for_metrics\seaborn\seaborn\tests\test_utils.py,94,1,0,0,0
seaborn,C:\Users\Zhifei Chen\Desktop\pysmell\subjects_for_metrics\seaborn\seaborn\tests\test_utils.py,100,1,0,0,0
seaborn,C:\Users\Zhifei Chen\Desktop\pysmell\subjects_for_metrics\seaborn\seaborn\tests\test_utils.py,106,1,0,0,0
seaborn,C:\Users\Zhifei Chen\Desktop\pysmell\subjects_for_metrics\seaborn\seaborn\tests\test_utils.py,123,1,0,0,0
seaborn,C:\Users\Zhifei Chen\Desktop\pysmell\subjects_for_metrics\seaborn\seaborn\tests\test_utils.py,138,1,0,0,0
seaborn,C:\Users\Zhifei Chen\Desktop\pysmell\subjects_for_metrics\seaborn\seaborn\tests\test_utils.py,151,1,0,0,0
seaborn,C:\Users\Zhifei Chen\Desktop\pysmell\subjects_for_metrics\seaborn\seaborn\tests\test_utils.py,168,1,0,0,0
seaborn,C:\Users\Zhifei Chen\Desktop\pysmell\subjects_for_metrics\seaborn\seaborn\tests\test_utils.py,183,1,0,0,0
seaborn,C:\Users\Zhifei Chen\Desktop\pysmell\subjects_for_metrics\seaborn\seaborn\tests\test_utils.py,193,1,0,0,0
seaborn,C:\Users\Zhifei Chen\Desktop\pysmell\subjects_for_metrics\seaborn\seaborn\tests\test_utils.py,205,1,0,0,0
seaborn,C:\Users\Zhifei Chen\Desktop\pysmell\subjects_for_metrics\seaborn\seaborn\tests\test_utils.py,213,1,0,0,0
seaborn,C:\Users\Zhifei Chen\Desktop\pysmell\subjects_for_metrics\seaborn\seaborn\tests\test_utils.py,222,1,0,0,0
seaborn,C:\Users\Zhifei Chen\Desktop\pysmell\subjects_for_metrics\seaborn\seaborn\tests\test_utils.py,237,1,0,0,0
seaborn,C:\Users\Zhifei Chen\Desktop\pysmell\subjects_for_metrics\seaborn\seaborn\tests\test_utils.py,251,1,0,0,0
seaborn,C:\Users\Zhifei Chen\Desktop\pysmell\subjects_for_metrics\seaborn\seaborn\tests\test_utils.py,271,1,0,0,0
seaborn,C:\Users\Zhifei Chen\Desktop\pysmell\subjects_for_metrics\seaborn\seaborn\tests\test_utils.py,320,1,0,0,0
seaborn,C:\Users\Zhifei Chen\Desktop\pysmell\subjects_for_metrics\seaborn\seaborn\tests\test_utils.py,324,1,0,0,0
seaborn,C:\Users\Zhifei Chen\Desktop\pysmell\subjects_for_metrics\seaborn\seaborn\tests\test_utils.py,340,1,0,0,0
seaborn,C:\Users\Zhifei Chen\Desktop\pysmell\subjects_for_metrics\seaborn\seaborn\tests\test_utils.py,348,1,0,0,0
seaborn,C:\Users\Zhifei Chen\Desktop\pysmell\subjects_for_metrics\seaborn\seaborn\tests\test_utils.py,360,1,0,0,0
seaborn,C:\Users\Zhifei Chen\Desktop\pysmell\subjects_for_metrics\seaborn\seaborn\tests\__init__.py,7,1,0,0,0
seaborn,C:\Users\Zhifei Chen\Desktop\pysmell\subjects_for_metrics\seaborn\seaborn\tests\__init__.py,10,1,0,0,0
