subject,tag,file,lineno,NOC,NOL,experience-based,statistics-based,manual analysis
tornado,v4.2.0,E:\my code\pysmell\subject_raw\tornado\tornado\demos\appengine\blog.py,110,27,1,0,0,0
tornado,v4.2.0,E:\my code\pysmell\subject_raw\tornado\tornado\tornado\auth.py,735,37,1,0,0,0
tornado,v4.2.0,E:\my code\pysmell\subject_raw\tornado\tornado\tornado\auth.py,1039,28,1,0,0,0
tornado,v4.2.0,E:\my code\pysmell\subject_raw\tornado\tornado\tornado\escape.py,112,51,1,0,0,0
tornado,v4.2.0,E:\my code\pysmell\subject_raw\tornado\tornado\tornado\gen.py,648,25,1,0,0,0
tornado,v4.2.0,E:\my code\pysmell\subject_raw\tornado\tornado\tornado\httputil.py,597,22,1,0,0,0
tornado,v4.2.0,E:\my code\pysmell\subject_raw\tornado\tornado\tornado\ioloop.py,727,43,1,0,0,0
tornado,v4.2.0,E:\my code\pysmell\subject_raw\tornado\tornado\tornado\locale.py,397,50,1,0,0,0
tornado,v4.2.0,E:\my code\pysmell\subject_raw\tornado\tornado\tornado\locks.py,197,31,1,0,0,0
tornado,v4.2.0,E:\my code\pysmell\subject_raw\tornado\tornado\tornado\options.py,421,20,1,0,0,0
tornado,v4.2.0,E:\my code\pysmell\subject_raw\tornado\tornado\tornado\simple_httpclient.py,215,40,1,0,0,0
tornado,v4.2.0,E:\my code\pysmell\subject_raw\tornado\tornado\tornado\simple_httpclient.py,353,26,1,0,0,0
tornado,v4.2.0,E:\my code\pysmell\subject_raw\tornado\tornado\tornado\simple_httpclient.py,367,48,1,0,0,0
tornado,v4.2.0,E:\my code\pysmell\subject_raw\tornado\tornado\tornado\template.py,234,30,1,0,0,0
tornado,v4.2.0,E:\my code\pysmell\subject_raw\tornado\tornado\tornado\web.py,666,21,1,0,0,0
tornado,v4.2.0,E:\my code\pysmell\subject_raw\tornado\tornado\tornado\web.py,1139,29,1,0,0,0
tornado,v4.2.0,E:\my code\pysmell\subject_raw\tornado\tornado\tornado\web.py,1356,30,1,0,0,0
tornado,v4.2.0,E:\my code\pysmell\subject_raw\tornado\tornado\tornado\websocket.py,644,38,1,0,0,0
tornado,v4.2.0,E:\my code\pysmell\subject_raw\tornado\tornado\tornado\wsgi.py,318,38,1,0,0,0
tornado,v4.2.0,E:\my code\pysmell\subject_raw\tornado\tornado\tornado\platform\caresresolver.py,31,26,1,0,0,0
tornado,v4.2.0,E:\my code\pysmell\subject_raw\tornado\tornado\tornado\platform\caresresolver.py,32,27,1,0,0,0
tornado,v4.2.0,E:\my code\pysmell\subject_raw\tornado\tornado\tornado\test\web_test.py,1383,25,1,0,0,0
tornado,v4.2.0,E:\my code\pysmell\subject_raw\tornado\tornado\tornado\test\web_test.py,2370,48,1,0,0,0
scipy,v0.16.0b2,E:\my code\pysmell\subject_raw\scipy\scipy\runtests.py,284,14,1,0,0,0
scipy,v0.16.0b2,E:\my code\pysmell\subject_raw\scipy\scipy\benchmarks\benchmarks\spatial.py,21,39,1,0,0,0
scipy,v0.16.0b2,E:\my code\pysmell\subject_raw\scipy\scipy\benchmarks\benchmarks\spatial.py,53,39,1,0,0,0
scipy,v0.16.0b2,E:\my code\pysmell\subject_raw\scipy\scipy\benchmarks\benchmarks\spatial.py,116,38,1,0,0,0
scipy,v0.16.0b2,E:\my code\pysmell\subject_raw\scipy\scipy\scipy\cluster\hierarchy.py,1192,23,1,0,0,0
scipy,v0.16.0b2,E:\my code\pysmell\subject_raw\scipy\scipy\scipy\cluster\hierarchy.py,1262,23,1,0,0,0
scipy,v0.16.0b2,E:\my code\pysmell\subject_raw\scipy\scipy\scipy\integrate\quadpack.py,686,37,1,0,0,0
scipy,v0.16.0b2,E:\my code\pysmell\subject_raw\scipy\scipy\scipy\integrate\quadpack.py,695,35,1,0,0,0
scipy,v0.16.0b2,E:\my code\pysmell\subject_raw\scipy\scipy\scipy\integrate\tests\test_quadpack.py,231,43,1,0,0,0
scipy,v0.16.0b2,E:\my code\pysmell\subject_raw\scipy\scipy\scipy\integrate\tests\test_quadpack.py,246,29,1,0,0,0
scipy,v0.16.0b2,E:\my code\pysmell\subject_raw\scipy\scipy\scipy\interpolate\interpolate.py,1674,37,1,0,0,0
scipy,v0.16.0b2,E:\my code\pysmell\subject_raw\scipy\scipy\scipy\io\netcdf.py,225,25,1,0,0,0
scipy,v0.16.0b2,E:\my code\pysmell\subject_raw\scipy\scipy\scipy\io\netcdf.py,540,29,1,0,0,0
scipy,v0.16.0b2,E:\my code\pysmell\subject_raw\scipy\scipy\scipy\io\matlab\mio5.py,710,16,1,0,0,0
scipy,v0.16.0b2,E:\my code\pysmell\subject_raw\scipy\scipy\scipy\linalg\special_matrices.py,533,28,1,0,0,0
scipy,v0.16.0b2,E:\my code\pysmell\subject_raw\scipy\scipy\scipy\linalg\_cython_wrapper_generators.py,66,34,1,0,0,0
scipy,v0.16.0b2,E:\my code\pysmell\subject_raw\scipy\scipy\scipy\linalg\_cython_wrapper_generators.py,67,37,1,0,0,0
scipy,v0.16.0b2,E:\my code\pysmell\subject_raw\scipy\scipy\scipy\linalg\_cython_wrapper_generators.py,92,37,1,0,0,0
scipy,v0.16.0b2,E:\my code\pysmell\subject_raw\scipy\scipy\scipy\linalg\tests\test_blas.py,291,20,1,0,0,0
scipy,v0.16.0b2,E:\my code\pysmell\subject_raw\scipy\scipy\scipy\linalg\tests\test_blas.py,318,20,1,0,0,0
scipy,v0.16.0b2,E:\my code\pysmell\subject_raw\scipy\scipy\scipy\linalg\tests\test_blas.py,345,20,1,0,0,0
scipy,v0.16.0b2,E:\my code\pysmell\subject_raw\scipy\scipy\scipy\linalg\tests\test_blas.py,386,20,1,0,0,0
scipy,v0.16.0b2,E:\my code\pysmell\subject_raw\scipy\scipy\scipy\linalg\tests\test_blas.py,434,20,1,0,0,0
scipy,v0.16.0b2,E:\my code\pysmell\subject_raw\scipy\scipy\scipy\linalg\tests\test_decomp_update.py,369,22,1,0,0,0
scipy,v0.16.0b2,E:\my code\pysmell\subject_raw\scipy\scipy\scipy\linalg\tests\test_decomp_update.py,373,40,1,0,0,0
scipy,v0.16.0b2,E:\my code\pysmell\subject_raw\scipy\scipy\scipy\linalg\tests\test_decomp_update.py,374,22,1,0,0,0
scipy,v0.16.0b2,E:\my code\pysmell\subject_raw\scipy\scipy\scipy\linalg\tests\test_decomp_update.py,471,29,1,0,0,0
scipy,v0.16.0b2,E:\my code\pysmell\subject_raw\scipy\scipy\scipy\linalg\tests\test_decomp_update.py,480,22,1,0,0,0
scipy,v0.16.0b2,E:\my code\pysmell\subject_raw\scipy\scipy\scipy\linalg\tests\test_decomp_update.py,482,22,1,0,0,0
scipy,v0.16.0b2,E:\my code\pysmell\subject_raw\scipy\scipy\scipy\linalg\tests\test_decomp_update.py,956,22,1,0,0,0
scipy,v0.16.0b2,E:\my code\pysmell\subject_raw\scipy\scipy\scipy\linalg\tests\test_decomp_update.py,959,24,1,0,0,0
scipy,v0.16.0b2,E:\my code\pysmell\subject_raw\scipy\scipy\scipy\linalg\tests\test_decomp_update.py,960,22,1,0,0,0
scipy,v0.16.0b2,E:\my code\pysmell\subject_raw\scipy\scipy\scipy\linalg\tests\test_decomp_update.py,1331,33,1,0,0,0
scipy,v0.16.0b2,E:\my code\pysmell\subject_raw\scipy\scipy\scipy\ndimage\measurements.py,168,32,1,0,0,0
scipy,v0.16.0b2,E:\my code\pysmell\subject_raw\scipy\scipy\scipy\ndimage\measurements.py,176,18,1,0,0,0
scipy,v0.16.0b2,E:\my code\pysmell\subject_raw\scipy\scipy\scipy\optimize\lbfgsb.py,255,25,1,0,0,0
scipy,v0.16.0b2,E:\my code\pysmell\subject_raw\scipy\scipy\scipy\optimize\lbfgsb.py,255,22,1,0,0,0
scipy,v0.16.0b2,E:\my code\pysmell\subject_raw\scipy\scipy\scipy\optimize\_linprog.py,566,44,1,0,0,0
scipy,v0.16.0b2,E:\my code\pysmell\subject_raw\scipy\scipy\scipy\optimize\_linprog.py,567,41,1,0,0,0
scipy,v0.16.0b2,E:\my code\pysmell\subject_raw\scipy\scipy\scipy\signal\signaltools.py,2596,19,1,0,0,0
scipy,v0.16.0b2,E:\my code\pysmell\subject_raw\scipy\scipy\scipy\sparse\base.py,187,28,1,0,0,0
scipy,v0.16.0b2,E:\my code\pysmell\subject_raw\scipy\scipy\scipy\sparse\compressed.py,306,35,1,0,0,0
scipy,v0.16.0b2,E:\my code\pysmell\subject_raw\scipy\scipy\scipy\sparse\construct.py,403,17,1,0,0,0
scipy,v0.16.0b2,E:\my code\pysmell\subject_raw\scipy\scipy\scipy\sparse\data.py,133,39,1,0,0,0
scipy,v0.16.0b2,E:\my code\pysmell\subject_raw\scipy\scipy\scipy\sparse\dok.py,160,30,1,0,0,0
scipy,v0.16.0b2,E:\my code\pysmell\subject_raw\scipy\scipy\scipy\sparse\dok.py,161,30,1,0,0,0
scipy,v0.16.0b2,E:\my code\pysmell\subject_raw\scipy\scipy\scipy\sparse\generate_sparsetools.py,264,32,1,0,0,0
scipy,v0.16.0b2,E:\my code\pysmell\subject_raw\scipy\scipy\scipy\sparse\csgraph\_laplacian.py,76,22,1,0,0,0
scipy,v0.16.0b2,E:\my code\pysmell\subject_raw\scipy\scipy\scipy\sparse\linalg\matfuncs.py,596,49,1,0,0,0
scipy,v0.16.0b2,E:\my code\pysmell\subject_raw\scipy\scipy\scipy\sparse\linalg\eigen\lobpcg\lobpcg.py,300,31,1,0,0,0
scipy,v0.16.0b2,E:\my code\pysmell\subject_raw\scipy\scipy\scipy\special\tests\test_mpmath.py,429,38,1,0,0,0
scipy,v0.16.0b2,E:\my code\pysmell\subject_raw\scipy\scipy\scipy\special\tests\test_mpmath.py,1383,18,1,0,0,0
scipy,v0.16.0b2,E:\my code\pysmell\subject_raw\scipy\scipy\scipy\special\tests\test_orthogonal.py,295,38,1,0,0,0
scipy,v0.16.0b2,E:\my code\pysmell\subject_raw\scipy\scipy\scipy\stats\_continuous_distns.py,3954,27,1,0,0,0
scipy,v0.16.0b2,E:\my code\pysmell\subject_raw\scipy\scipy\scipy\stats\_distn_infrastructure.py,717,36,1,0,0,0
scipy,v0.16.0b2,E:\my code\pysmell\subject_raw\scipy\scipy\scipy\stats\_distn_infrastructure.py,730,32,1,0,0,0
scipy,v0.16.0b2,E:\my code\pysmell\subject_raw\scipy\scipy\scipy\stats\_multivariate.py,164,25,1,0,0,0
scipy,v0.16.0b2,E:\my code\pysmell\subject_raw\scipy\scipy\scipy\stats\_multivariate.py,1365,43,1,0,0,0
scipy,v0.16.0b2,E:\my code\pysmell\subject_raw\scipy\scipy\scipy\stats\_multivariate.py,1643,43,1,0,0,0
scipy,v0.16.0b2,E:\my code\pysmell\subject_raw\scipy\scipy\scipy\stats\_multivariate.py,1983,43,1,0,0,0
scipy,v0.16.0b2,E:\my code\pysmell\subject_raw\scipy\scipy\scipy\stats\_multivariate.py,2060,43,1,0,0,0
scipy,v0.16.0b2,E:\my code\pysmell\subject_raw\scipy\scipy\scipy\stats\_multivariate.py,2199,43,1,0,0,0
scipy,v0.16.0b2,E:\my code\pysmell\subject_raw\scipy\scipy\scipy\stats\_multivariate.py,2207,43,1,0,0,0
scipy,v0.16.0b2,E:\my code\pysmell\subject_raw\scipy\scipy\tools\cythonize.py,145,52,1,0,0,0
ansible,v1.9.2-0.1.rc1,E:\my code\pysmell\subject_raw\ansible\ansible\lib\ansible\constants.py,146,52,1,0,0,0
ansible,v1.9.2-0.1.rc1,E:\my code\pysmell\subject_raw\ansible\ansible\lib\ansible\constants.py,146,26,1,0,0,0
ansible,v1.9.2-0.1.rc1,E:\my code\pysmell\subject_raw\ansible\ansible\lib\ansible\runner\connection_plugins\local.py,65,41,1,0,0,0
ansible,v1.9.2-0.1.rc1,E:\my code\pysmell\subject_raw\ansible\ansible\lib\ansible\runner\connection_plugins\winrm.py,82,31,1,0,0,0
ansible,v1.9.2-0.1.rc1,E:\my code\pysmell\subject_raw\ansible\ansible\lib\ansible\utils\template.py,228,29,1,0,0,0
ansible,v1.9.2-0.1.rc1,E:\my code\pysmell\subject_raw\ansible\ansible\lib\ansible\utils\__init__.py,475,46,1,0,0,0
ansible,v1.9.2-0.1.rc1,E:\my code\pysmell\subject_raw\ansible\ansible\plugins\callbacks\hipchat.py,165,38,1,0,0,0
ansible,v1.9.2-0.1.rc1,E:\my code\pysmell\subject_raw\ansible\ansible\plugins\callbacks\hipchat.py,166,34,1,0,0,0
ansible,v1.9.2-0.1.rc1,E:\my code\pysmell\subject_raw\ansible\ansible\plugins\inventory\vmware.py,132,37,1,0,0,0
ansible,v1.9.2-0.1.rc1,E:\my code\pysmell\subject_raw\ansible\ansible\v2\ansible\constants.py,150,52,1,0,0,0
ansible,v1.9.2-0.1.rc1,E:\my code\pysmell\subject_raw\ansible\ansible\v2\ansible\constants.py,150,26,1,0,0,0
ansible,v1.9.2-0.1.rc1,E:\my code\pysmell\subject_raw\ansible\ansible\v2\ansible\executor\connection_info.py,89,31,1,0,0,0
ansible,v1.9.2-0.1.rc1,E:\my code\pysmell\subject_raw\ansible\ansible\v2\ansible\plugins\connections\local.py,66,41,1,0,0,0
ansible,v1.9.2-0.1.rc1,E:\my code\pysmell\subject_raw\ansible\ansible\v2\ansible\template\__init__.py,182,29,1,0,0,0
boto,2.38.0,E:\my code\pysmell\subject_raw\boto\boto\boto\requestlog.py,21,48,1,0,0,0
boto,2.38.0,E:\my code\pysmell\subject_raw\boto\boto\boto\beanstalk\response.py,261,47,1,0,0,0
boto,2.38.0,E:\my code\pysmell\subject_raw\boto\boto\boto\cloudsearch\layer1.py,33,45,1,0,0,0
boto,2.38.0,E:\my code\pysmell\subject_raw\boto\boto\boto\cloudsearch\layer1.py,84,33,1,0,0,0
boto,2.38.0,E:\my code\pysmell\subject_raw\boto\boto\boto\cloudsearch\layer1.py,92,31,1,0,0,0
boto,2.38.0,E:\my code\pysmell\subject_raw\boto\boto\boto\dynamodb\layer2.py,51,36,1,0,0,0
boto,2.38.0,E:\my code\pysmell\subject_raw\boto\boto\boto\dynamodb\layer2.py,167,49,1,0,0,0
boto,2.38.0,E:\my code\pysmell\subject_raw\boto\boto\boto\ec2\connection.py,4463,37,1,0,0,0
boto,2.38.0,E:\my code\pysmell\subject_raw\boto\boto\boto\ec2\connection.py,4466,39,1,0,0,0
boto,2.38.0,E:\my code\pysmell\subject_raw\boto\boto\boto\ec2\networkinterface.py,254,38,1,0,0,0
boto,2.38.0,E:\my code\pysmell\subject_raw\boto\boto\boto\ec2\networkinterface.py,282,45,1,0,0,0
boto,2.38.0,E:\my code\pysmell\subject_raw\boto\boto\boto\ec2\networkinterface.py,301,34,1,0,0,0
boto,2.38.0,E:\my code\pysmell\subject_raw\boto\boto\boto\ec2\reservedinstance.py,81,30,1,0,0,0
boto,2.38.0,E:\my code\pysmell\subject_raw\boto\boto\boto\ec2\reservedinstance.py,233,30,1,0,0,0
boto,2.38.0,E:\my code\pysmell\subject_raw\boto\boto\boto\ec2\autoscale\group.py,171,42,1,0,0,0
boto,2.38.0,E:\my code\pysmell\subject_raw\boto\boto\boto\ec2\autoscale\group.py,172,42,1,0,0,0
boto,2.38.0,E:\my code\pysmell\subject_raw\boto\boto\boto\ec2\autoscale\launchconfig.py,251,38,1,0,0,0
boto,2.38.0,E:\my code\pysmell\subject_raw\boto\boto\boto\ec2\autoscale\launchconfig.py,253,38,1,0,0,0
boto,2.38.0,E:\my code\pysmell\subject_raw\boto\boto\boto\ec2\autoscale\__init__.py,211,37,1,0,0,0
boto,2.38.0,E:\my code\pysmell\subject_raw\boto\boto\boto\ec2\cloudwatch\__init__.py,139,31,1,0,0,0
boto,2.38.0,E:\my code\pysmell\subject_raw\boto\boto\boto\glacier\layer1.py,473,28,1,0,0,0
boto,2.38.0,E:\my code\pysmell\subject_raw\boto\boto\boto\gs\bucket.py,336,37,1,0,0,0
boto,2.38.0,E:\my code\pysmell\subject_raw\boto\boto\boto\manage\server.py,339,41,1,0,0,0
boto,2.38.0,E:\my code\pysmell\subject_raw\boto\boto\boto\mws\response.py,137,28,1,0,0,0
boto,2.38.0,E:\my code\pysmell\subject_raw\boto\boto\boto\rds\__init__.py,429,39,1,0,0,0
boto,2.38.0,E:\my code\pysmell\subject_raw\boto\boto\boto\route53\record.py,283,52,1,0,0,0
boto,2.38.0,E:\my code\pysmell\subject_raw\boto\boto\boto\s3\connection.py,403,31,1,0,0,0
boto,2.38.0,E:\my code\pysmell\subject_raw\boto\boto\boto\s3\connection.py,423,27,1,0,0,0
boto,2.38.0,E:\my code\pysmell\subject_raw\boto\boto\boto\s3\key.py,259,36,1,0,0,0
boto,2.38.0,E:\my code\pysmell\subject_raw\boto\boto\boto\s3\lifecycle.py,49,28,1,0,0,0
boto,2.38.0,E:\my code\pysmell\subject_raw\boto\boto\boto\ses\connection.py,435,31,1,0,0,0
boto,2.38.0,E:\my code\pysmell\subject_raw\boto\boto\boto\ses\connection.py,564,37,1,0,0,0
boto,2.38.0,E:\my code\pysmell\subject_raw\boto\boto\boto\vpc\vpc.py,65,30,1,0,0,0
boto,2.38.0,E:\my code\pysmell\subject_raw\boto\boto\boto\vpc\vpnconnection.py,51,30,1,0,0,0
boto,2.38.0,E:\my code\pysmell\subject_raw\boto\boto\tests\unit\ec2\test_volume.py,83,40,1,0,0,0
ipython,rel-3.1.0,E:\my code\pysmell\subject_raw\ipython\ipython\docs\sphinxext\apigen.py,276,38,1,0,0,0
ipython,rel-3.1.0,E:\my code\pysmell\subject_raw\ipython\ipython\docs\sphinxext\apigen.py,289,45,1,0,0,0
ipython,rel-3.1.0,E:\my code\pysmell\subject_raw\ipython\ipython\IPython\core\alias.py,234,38,1,0,0,0
ipython,rel-3.1.0,E:\my code\pysmell\subject_raw\ipython\ipython\IPython\core\completer.py,246,52,1,0,0,0
ipython,rel-3.1.0,E:\my code\pysmell\subject_raw\ipython\ipython\IPython\core\completer.py,265,45,1,0,0,0
ipython,rel-3.1.0,E:\my code\pysmell\subject_raw\ipython\ipython\IPython\core\completer.py,747,30,1,0,0,0
ipython,rel-3.1.0,E:\my code\pysmell\subject_raw\ipython\ipython\IPython\core\completer.py,1144,43,1,0,0,0
ipython,rel-3.1.0,E:\my code\pysmell\subject_raw\ipython\ipython\IPython\core\completer.py,1148,50,1,0,0,0
ipython,rel-3.1.0,E:\my code\pysmell\subject_raw\ipython\ipython\IPython\core\completerlib.py,283,19,1,0,0,0
ipython,rel-3.1.0,E:\my code\pysmell\subject_raw\ipython\ipython\IPython\core\display.py,384,48,1,0,0,0
ipython,rel-3.1.0,E:\my code\pysmell\subject_raw\ipython\ipython\IPython\core\display.py,730,38,1,0,0,0
ipython,rel-3.1.0,E:\my code\pysmell\subject_raw\ipython\ipython\IPython\core\display.py,854,46,1,0,0,0
ipython,rel-3.1.0,E:\my code\pysmell\subject_raw\ipython\ipython\IPython\core\display.py,861,46,1,0,0,0
ipython,rel-3.1.0,E:\my code\pysmell\subject_raw\ipython\ipython\IPython\core\history.py,267,29,1,0,0,0
ipython,rel-3.1.0,E:\my code\pysmell\subject_raw\ipython\ipython\IPython\core\history.py,368,36,1,0,0,0
ipython,rel-3.1.0,E:\my code\pysmell\subject_raw\ipython\ipython\IPython\core\history.py,605,50,1,0,0,0
ipython,rel-3.1.0,E:\my code\pysmell\subject_raw\ipython\ipython\IPython\core\history.py,846,26,1,0,0,0
ipython,rel-3.1.0,E:\my code\pysmell\subject_raw\ipython\ipython\IPython\core\inputtransformer.py,358,52,1,0,0,0
ipython,rel-3.1.0,E:\my code\pysmell\subject_raw\ipython\ipython\IPython\core\interactiveshell.py,1577,35,1,0,0,0
ipython,rel-3.1.0,E:\my code\pysmell\subject_raw\ipython\ipython\IPython\core\interactiveshell.py,2843,48,1,0,0,0
ipython,rel-3.1.0,E:\my code\pysmell\subject_raw\ipython\ipython\IPython\core\interactiveshell.py,2878,45,1,0,0,0
ipython,rel-3.1.0,E:\my code\pysmell\subject_raw\ipython\ipython\IPython\core\magic.py,429,47,1,0,0,0
ipython,rel-3.1.0,E:\my code\pysmell\subject_raw\ipython\ipython\IPython\core\oinspect.py,183,26,1,0,0,0
ipython,rel-3.1.0,E:\my code\pysmell\subject_raw\ipython\ipython\IPython\core\prompts.py,435,38,1,0,0,0
ipython,rel-3.1.0,E:\my code\pysmell\subject_raw\ipython\ipython\IPython\core\prompts.py,437,34,1,0,0,0
ipython,rel-3.1.0,E:\my code\pysmell\subject_raw\ipython\ipython\IPython\core\ultratb.py,392,49,1,0,0,0
ipython,rel-3.1.0,E:\my code\pysmell\subject_raw\ipython\ipython\IPython\core\ultratb.py,499,46,1,0,0,0
ipython,rel-3.1.0,E:\my code\pysmell\subject_raw\ipython\ipython\IPython\core\ultratb.py,947,46,1,0,0,0
ipython,rel-3.1.0,E:\my code\pysmell\subject_raw\ipython\ipython\IPython\core\ultratb.py,1143,46,1,0,0,0
ipython,rel-3.1.0,E:\my code\pysmell\subject_raw\ipython\ipython\IPython\core\magics\code.py,73,29,1,0,0,0
ipython,rel-3.1.0,E:\my code\pysmell\subject_raw\ipython\ipython\IPython\core\magics\code.py,74,21,1,0,0,0
ipython,rel-3.1.0,E:\my code\pysmell\subject_raw\ipython\ipython\IPython\core\magics\code.py,76,29,1,0,0,0
ipython,rel-3.1.0,E:\my code\pysmell\subject_raw\ipython\ipython\IPython\core\magics\code.py,77,25,1,0,0,0
ipython,rel-3.1.0,E:\my code\pysmell\subject_raw\ipython\ipython\IPython\core\magics\code.py,184,18,1,0,0,0
ipython,rel-3.1.0,E:\my code\pysmell\subject_raw\ipython\ipython\IPython\core\magics\code.py,185,22,1,0,0,0
ipython,rel-3.1.0,E:\my code\pysmell\subject_raw\ipython\ipython\IPython\core\magics\history.py,172,46,1,0,0,0
ipython,rel-3.1.0,E:\my code\pysmell\subject_raw\ipython\ipython\IPython\core\magics\history.py,183,26,1,0,0,0
ipython,rel-3.1.0,E:\my code\pysmell\subject_raw\ipython\ipython\IPython\core\magics\history.py,207,21,1,0,0,0
ipython,rel-3.1.0,E:\my code\pysmell\subject_raw\ipython\ipython\IPython\core\magics\osm.py,394,29,1,0,0,0
ipython,rel-3.1.0,E:\my code\pysmell\subject_raw\ipython\ipython\IPython\core\magics\osm.py,418,29,1,0,0,0
ipython,rel-3.1.0,E:\my code\pysmell\subject_raw\ipython\ipython\IPython\core\magics\osm.py,794,23,1,0,0,0
ipython,rel-3.1.0,E:\my code\pysmell\subject_raw\ipython\ipython\IPython\core\tests\test_compilerop.py,55,33,1,0,0,0
ipython,rel-3.1.0,E:\my code\pysmell\subject_raw\ipython\ipython\IPython\core\tests\test_history.py,25,33,1,0,0,0
ipython,rel-3.1.0,E:\my code\pysmell\subject_raw\ipython\ipython\IPython\core\tests\test_magic_terminal.py,51,50,1,0,0,0
ipython,rel-3.1.0,E:\my code\pysmell\subject_raw\ipython\ipython\IPython\core\tests\test_shellapp.py,36,52,1,0,0,0
ipython,rel-3.1.0,E:\my code\pysmell\subject_raw\ipython\ipython\IPython\core\tests\test_shellapp.py,44,52,1,0,0,0
ipython,rel-3.1.0,E:\my code\pysmell\subject_raw\ipython\ipython\IPython\core\tests\test_shellapp.py,55,52,1,0,0,0
ipython,rel-3.1.0,E:\my code\pysmell\subject_raw\ipython\ipython\IPython\core\tests\test_shellapp.py,66,52,1,0,0,0
ipython,rel-3.1.0,E:\my code\pysmell\subject_raw\ipython\ipython\IPython\external\qt_loaders.py,196,42,1,0,0,0
ipython,rel-3.1.0,E:\my code\pysmell\subject_raw\ipython\ipython\IPython\lib\backgroundjobs.py,192,32,1,0,0,0
ipython,rel-3.1.0,E:\my code\pysmell\subject_raw\ipython\ipython\IPython\lib\backgroundjobs.py,200,47,1,0,0,0
ipython,rel-3.1.0,E:\my code\pysmell\subject_raw\ipython\ipython\IPython\lib\backgroundjobs.py,340,35,1,0,0,0
ipython,rel-3.1.0,E:\my code\pysmell\subject_raw\ipython\ipython\IPython\lib\backgroundjobs.py,457,24,1,0,0,0
ipython,rel-3.1.0,E:\my code\pysmell\subject_raw\ipython\ipython\IPython\lib\backgroundjobs.py,458,22,1,0,0,0
ipython,rel-3.1.0,E:\my code\pysmell\subject_raw\ipython\ipython\IPython\lib\deepreload.py,252,25,1,0,0,0
ipython,rel-3.1.0,E:\my code\pysmell\subject_raw\ipython\ipython\IPython\terminal\ipapp.py,286,34,1,0,0,0
ipython,rel-3.1.0,E:\my code\pysmell\subject_raw\ipython\ipython\IPython\testing\iptestcontroller.py,94,33,1,0,0,0
ipython,rel-3.1.0,E:\my code\pysmell\subject_raw\ipython\ipython\IPython\testing\iptestcontroller.py,95,41,1,0,0,0
ipython,rel-3.1.0,E:\my code\pysmell\subject_raw\ipython\ipython\IPython\testing\tools.py,376,38,1,0,0,0
ipython,rel-3.1.0,E:\my code\pysmell\subject_raw\ipython\ipython\IPython\utils\py3compat.py,180,27,1,0,0,0
ipython,rel-3.1.0,E:\my code\pysmell\subject_raw\ipython\ipython\IPython\utils\py3compat.py,267,27,1,0,0,0
ipython,rel-3.1.0,E:\my code\pysmell\subject_raw\ipython\ipython\IPython\utils\text.py,635,52,1,0,0,0
ipython,rel-3.1.0,E:\my code\pysmell\subject_raw\ipython\ipython\IPython\utils\tokenutil.py,85,44,1,0,0,0
ipython,rel-3.1.0,E:\my code\pysmell\subject_raw\ipython\ipython\IPython\utils\_process_posix.py,77,38,1,0,0,0
ipython,rel-3.1.0,E:\my code\pysmell\subject_raw\ipython\ipython\IPython\utils\_tokenize_py2.py,386,27,1,0,0,0
ipython,rel-3.1.0,E:\my code\pysmell\subject_raw\ipython\ipython\IPython\utils\_tokenize_py3.py,518,27,1,0,0,0
ipython,rel-3.1.0,E:\my code\pysmell\subject_raw\ipython\ipython\tools\gh_api.py,92,30,1,0,0,0
ipython,rel-3.1.0,E:\my code\pysmell\subject_raw\ipython\ipython\tools\git-mpr.py,100,26,1,0,0,0
ipython,rel-3.1.0,E:\my code\pysmell\subject_raw\ipython\ipython\tools\github_stats.py,72,26,1,0,0,0
ipython,rel-3.1.0,E:\my code\pysmell\subject_raw\ipython\ipython\tools\github_stats.py,101,39,1,0,0,0
numpy,v1.9.2,E:\my code\pysmell\subject_raw\numpy\numpy\numpy\core\function_base.py,85,24,1,0,0,0
numpy,v1.9.2,E:\my code\pysmell\subject_raw\numpy\numpy\numpy\core\tests\test_item_selection.py,27,38,1,0,0,0
numpy,v1.9.2,E:\my code\pysmell\subject_raw\numpy\numpy\numpy\core\tests\test_numeric.py,2135,17,1,0,0,0
numpy,v1.9.2,E:\my code\pysmell\subject_raw\numpy\numpy\numpy\core\tests\test_numeric.py,2144,17,1,0,0,0
numpy,v1.9.2,E:\my code\pysmell\subject_raw\numpy\numpy\numpy\core\tests\test_umath.py,985,25,1,0,0,0
numpy,v1.9.2,E:\my code\pysmell\subject_raw\numpy\numpy\numpy\lib\arraypad.py,48,27,1,0,0,0
numpy,v1.9.2,E:\my code\pysmell\subject_raw\numpy\numpy\numpy\lib\arraypad.py,101,23,1,0,0,0
numpy,v1.9.2,E:\my code\pysmell\subject_raw\numpy\numpy\numpy\lib\arraypad.py,135,23,1,0,0,0
numpy,v1.9.2,E:\my code\pysmell\subject_raw\numpy\numpy\numpy\lib\arraypad.py,167,27,1,0,0,0
numpy,v1.9.2,E:\my code\pysmell\subject_raw\numpy\numpy\numpy\lib\arraypad.py,171,17,1,0,0,0
numpy,v1.9.2,E:\my code\pysmell\subject_raw\numpy\numpy\numpy\lib\arraypad.py,201,45,1,0,0,0
numpy,v1.9.2,E:\my code\pysmell\subject_raw\numpy\numpy\numpy\lib\arraypad.py,205,17,1,0,0,0
numpy,v1.9.2,E:\my code\pysmell\subject_raw\numpy\numpy\numpy\lib\arraypad.py,239,23,1,0,0,0
numpy,v1.9.2,E:\my code\pysmell\subject_raw\numpy\numpy\numpy\lib\arraypad.py,247,27,1,0,0,0
numpy,v1.9.2,E:\my code\pysmell\subject_raw\numpy\numpy\numpy\lib\arraypad.py,251,17,1,0,0,0
numpy,v1.9.2,E:\my code\pysmell\subject_raw\numpy\numpy\numpy\lib\arraypad.py,294,23,1,0,0,0
numpy,v1.9.2,E:\my code\pysmell\subject_raw\numpy\numpy\numpy\lib\arraypad.py,302,30,1,0,0,0
numpy,v1.9.2,E:\my code\pysmell\subject_raw\numpy\numpy\numpy\lib\arraypad.py,306,17,1,0,0,0
numpy,v1.9.2,E:\my code\pysmell\subject_raw\numpy\numpy\numpy\lib\arraypad.py,359,36,1,0,0,0
numpy,v1.9.2,E:\my code\pysmell\subject_raw\numpy\numpy\numpy\lib\arraypad.py,363,17,1,0,0,0
numpy,v1.9.2,E:\my code\pysmell\subject_raw\numpy\numpy\numpy\lib\arraypad.py,413,51,1,0,0,0
numpy,v1.9.2,E:\my code\pysmell\subject_raw\numpy\numpy\numpy\lib\arraypad.py,419,17,1,0,0,0
numpy,v1.9.2,E:\my code\pysmell\subject_raw\numpy\numpy\numpy\lib\arraypad.py,466,36,1,0,0,0
numpy,v1.9.2,E:\my code\pysmell\subject_raw\numpy\numpy\numpy\lib\arraypad.py,470,17,1,0,0,0
numpy,v1.9.2,E:\my code\pysmell\subject_raw\numpy\numpy\numpy\lib\arraypad.py,521,51,1,0,0,0
numpy,v1.9.2,E:\my code\pysmell\subject_raw\numpy\numpy\numpy\lib\arraypad.py,527,17,1,0,0,0
numpy,v1.9.2,E:\my code\pysmell\subject_raw\numpy\numpy\numpy\lib\arraypad.py,575,36,1,0,0,0
numpy,v1.9.2,E:\my code\pysmell\subject_raw\numpy\numpy\numpy\lib\arraypad.py,579,17,1,0,0,0
numpy,v1.9.2,E:\my code\pysmell\subject_raw\numpy\numpy\numpy\lib\arraypad.py,630,51,1,0,0,0
numpy,v1.9.2,E:\my code\pysmell\subject_raw\numpy\numpy\numpy\lib\arraypad.py,636,17,1,0,0,0
numpy,v1.9.2,E:\my code\pysmell\subject_raw\numpy\numpy\numpy\lib\arraypad.py,685,36,1,0,0,0
numpy,v1.9.2,E:\my code\pysmell\subject_raw\numpy\numpy\numpy\lib\arraypad.py,689,17,1,0,0,0
numpy,v1.9.2,E:\my code\pysmell\subject_raw\numpy\numpy\numpy\lib\arraypad.py,739,51,1,0,0,0
numpy,v1.9.2,E:\my code\pysmell\subject_raw\numpy\numpy\numpy\lib\arraypad.py,745,17,1,0,0,0
numpy,v1.9.2,E:\my code\pysmell\subject_raw\numpy\numpy\numpy\lib\arraypad.py,796,50,1,0,0,0
numpy,v1.9.2,E:\my code\pysmell\subject_raw\numpy\numpy\numpy\lib\arraypad.py,802,17,1,0,0,0
numpy,v1.9.2,E:\my code\pysmell\subject_raw\numpy\numpy\numpy\lib\arraypad.py,809,27,1,0,0,0
numpy,v1.9.2,E:\my code\pysmell\subject_raw\numpy\numpy\numpy\lib\arraypad.py,821,42,1,0,0,0
numpy,v1.9.2,E:\my code\pysmell\subject_raw\numpy\numpy\numpy\lib\arraypad.py,823,47,1,0,0,0
numpy,v1.9.2,E:\my code\pysmell\subject_raw\numpy\numpy\numpy\lib\arraypad.py,831,30,1,0,0,0
numpy,v1.9.2,E:\my code\pysmell\subject_raw\numpy\numpy\numpy\lib\arraypad.py,881,45,1,0,0,0
numpy,v1.9.2,E:\my code\pysmell\subject_raw\numpy\numpy\numpy\lib\arraypad.py,883,47,1,0,0,0
numpy,v1.9.2,E:\my code\pysmell\subject_raw\numpy\numpy\numpy\lib\arraypad.py,888,17,1,0,0,0
numpy,v1.9.2,E:\my code\pysmell\subject_raw\numpy\numpy\numpy\lib\arraypad.py,895,27,1,0,0,0
numpy,v1.9.2,E:\my code\pysmell\subject_raw\numpy\numpy\numpy\lib\arraypad.py,907,42,1,0,0,0
numpy,v1.9.2,E:\my code\pysmell\subject_raw\numpy\numpy\numpy\lib\arraypad.py,915,30,1,0,0,0
numpy,v1.9.2,E:\my code\pysmell\subject_raw\numpy\numpy\numpy\lib\arraypad.py,964,42,1,0,0,0
numpy,v1.9.2,E:\my code\pysmell\subject_raw\numpy\numpy\numpy\lib\arraypad.py,969,17,1,0,0,0
numpy,v1.9.2,E:\my code\pysmell\subject_raw\numpy\numpy\numpy\lib\arraypad.py,978,45,1,0,0,0
numpy,v1.9.2,E:\my code\pysmell\subject_raw\numpy\numpy\numpy\lib\arraypad.py,1105,17,1,0,0,0
numpy,v1.9.2,E:\my code\pysmell\subject_raw\numpy\numpy\numpy\lib\arraypad.py,1106,17,1,0,0,0
numpy,v1.9.2,E:\my code\pysmell\subject_raw\numpy\numpy\numpy\lib\arraysetops.py,193,40,1,0,0,0
numpy,v1.9.2,E:\my code\pysmell\subject_raw\numpy\numpy\numpy\lib\stride_tricks.py,58,44,1,0,0,0
numpy,v1.9.2,E:\my code\pysmell\subject_raw\numpy\numpy\numpy\lib\twodim_base.py,569,33,1,0,0,0
numpy,v1.9.2,E:\my code\pysmell\subject_raw\numpy\numpy\numpy\lib\type_check.py,366,22,1,0,0,0
numpy,v1.9.2,E:\my code\pysmell\subject_raw\numpy\numpy\numpy\lib\type_check.py,367,34,1,0,0,0
numpy,v1.9.2,E:\my code\pysmell\subject_raw\numpy\numpy\numpy\lib\type_check.py,373,19,1,0,0,0
numpy,v1.9.2,E:\my code\pysmell\subject_raw\numpy\numpy\numpy\linalg\linalg.py,381,36,1,0,0,0
numpy,v1.9.2,E:\my code\pysmell\subject_raw\numpy\numpy\numpy\linalg\linalg.py,522,34,1,0,0,0
numpy,v1.9.2,E:\my code\pysmell\subject_raw\numpy\numpy\numpy\linalg\linalg.py,608,34,1,0,0,0
numpy,v1.9.2,E:\my code\pysmell\subject_raw\numpy\numpy\numpy\linalg\linalg.py,902,34,1,0,0,0
numpy,v1.9.2,E:\my code\pysmell\subject_raw\numpy\numpy\numpy\linalg\linalg.py,980,34,1,0,0,0
numpy,v1.9.2,E:\my code\pysmell\subject_raw\numpy\numpy\numpy\linalg\linalg.py,1118,36,1,0,0,0
numpy,v1.9.2,E:\my code\pysmell\subject_raw\numpy\numpy\numpy\linalg\linalg.py,1234,36,1,0,0,0
numpy,v1.9.2,E:\my code\pysmell\subject_raw\numpy\numpy\numpy\linalg\linalg.py,1346,38,1,0,0,0
numpy,v1.9.2,E:\my code\pysmell\subject_raw\numpy\numpy\numpy\linalg\linalg.py,1358,34,1,0,0,0
numpy,v1.9.2,E:\my code\pysmell\subject_raw\numpy\numpy\numpy\linalg\linalg.py,1697,36,1,0,0,0
numpy,v1.9.2,E:\my code\pysmell\subject_raw\numpy\numpy\numpy\linalg\linalg.py,1760,34,1,0,0,0
numpy,v1.9.2,E:\my code\pysmell\subject_raw\numpy\numpy\numpy\linalg\linalg.py,2153,45,1,0,0,0
numpy,v1.9.2,E:\my code\pysmell\subject_raw\numpy\numpy\numpy\linalg\linalg.py,2381,24,1,0,0,0
numpy,v1.9.2,E:\my code\pysmell\subject_raw\numpy\numpy\numpy\ma\core.py,3639,11,1,0,0,0
numpy,v1.9.2,E:\my code\pysmell\subject_raw\numpy\numpy\numpy\ma\core.py,6793,26,1,0,0,0
numpy,v1.9.2,E:\my code\pysmell\subject_raw\numpy\numpy\numpy\ma\extras.py,750,25,1,0,0,0
numpy,v1.9.2,E:\my code\pysmell\subject_raw\numpy\numpy\numpy\tests\test_scripts.py,42,46,1,0,0,0
numpy,v1.9.2,E:\my code\pysmell\subject_raw\numpy\numpy\numpy\tests\test_scripts.py,47,31,1,0,0,0
numpy,v1.9.2,E:\my code\pysmell\subject_raw\numpy\numpy\tools\cythonize.py,146,52,1,0,0,0
nltk,3.0.2,E:\my code\pysmell\subject_raw\nltk\nltk\nltk\probability.py,159,37,1,0,0,0
nltk,3.0.2,E:\my code\pysmell\subject_raw\nltk\nltk\nltk\probability.py,393,30,1,0,0,0
nltk,3.0.2,E:\my code\pysmell\subject_raw\nltk\nltk\nltk\probability.py,471,42,1,0,0,0
nltk,3.0.2,E:\my code\pysmell\subject_raw\nltk\nltk\nltk\probability.py,547,44,1,0,0,0
nltk,3.0.2,E:\my code\pysmell\subject_raw\nltk\nltk\nltk\probability.py,1105,48,1,0,0,0
nltk,3.0.2,E:\my code\pysmell\subject_raw\nltk\nltk\nltk\probability.py,1260,20,1,0,0,0
nltk,3.0.2,E:\my code\pysmell\subject_raw\nltk\nltk\nltk\probability.py,1261,41,1,0,0,0
nltk,3.0.2,E:\my code\pysmell\subject_raw\nltk\nltk\nltk\probability.py,1274,33,1,0,0,0
nltk,3.0.2,E:\my code\pysmell\subject_raw\nltk\nltk\nltk\probability.py,1446,47,1,0,0,0
nltk,3.0.2,E:\my code\pysmell\subject_raw\nltk\nltk\nltk\probability.py,1473,29,1,0,0,0
nltk,3.0.2,E:\my code\pysmell\subject_raw\nltk\nltk\nltk\probability.py,1475,22,1,0,0,0
nltk,3.0.2,E:\my code\pysmell\subject_raw\nltk\nltk\nltk\text.py,42,43,1,0,0,0
nltk,3.0.2,E:\my code\pysmell\subject_raw\nltk\nltk\nltk\text.py,509,31,1,0,0,0
nltk,3.0.2,E:\my code\pysmell\subject_raw\nltk\nltk\nltk\text.py,515,39,1,0,0,0
nltk,3.0.2,E:\my code\pysmell\subject_raw\nltk\nltk\nltk\tgrep.py,292,46,1,0,0,0
nltk,3.0.2,E:\my code\pysmell\subject_raw\nltk\nltk\nltk\treeprettyprinter.py,205,40,1,0,0,0
nltk,3.0.2,E:\my code\pysmell\subject_raw\nltk\nltk\nltk\treeprettyprinter.py,249,39,1,0,0,0
nltk,3.0.2,E:\my code\pysmell\subject_raw\nltk\nltk\nltk\treeprettyprinter.py,415,45,1,0,0,0
nltk,3.0.2,E:\my code\pysmell\subject_raw\nltk\nltk\nltk\treeprettyprinter.py,430,29,1,0,0,0
nltk,3.0.2,E:\my code\pysmell\subject_raw\nltk\nltk\nltk\treeprettyprinter.py,442,31,1,0,0,0
nltk,3.0.2,E:\my code\pysmell\subject_raw\nltk\nltk\nltk\treeprettyprinter.py,516,45,1,0,0,0
nltk,3.0.2,E:\my code\pysmell\subject_raw\nltk\nltk\nltk\util.py,827,32,1,0,0,0
nltk,3.0.2,E:\my code\pysmell\subject_raw\nltk\nltk\nltk\align\api.py,287,49,1,0,0,0
nltk,3.0.2,E:\my code\pysmell\subject_raw\nltk\nltk\nltk\cluster\kmeans.py,73,27,1,0,0,0
nltk,3.0.2,E:\my code\pysmell\subject_raw\nltk\nltk\nltk\cluster\util.py,96,32,1,0,0,0
nltk,3.0.2,E:\my code\pysmell\subject_raw\nltk\nltk\nltk\corpus\reader\bnc.py,60,17,1,0,0,0
nltk,3.0.2,E:\my code\pysmell\subject_raw\nltk\nltk\nltk\corpus\reader\bnc.py,88,17,1,0,0,0
nltk,3.0.2,E:\my code\pysmell\subject_raw\nltk\nltk\nltk\corpus\reader\bnc.py,93,38,1,0,0,0
nltk,3.0.2,E:\my code\pysmell\subject_raw\nltk\nltk\nltk\corpus\reader\framenet.py,400,33,1,0,0,0
nltk,3.0.2,E:\my code\pysmell\subject_raw\nltk\nltk\nltk\corpus\reader\framenet.py,425,33,1,0,0,0
nltk,3.0.2,E:\my code\pysmell\subject_raw\nltk\nltk\nltk\corpus\reader\framenet.py,426,33,1,0,0,0
nltk,3.0.2,E:\my code\pysmell\subject_raw\nltk\nltk\nltk\corpus\reader\semcor.py,96,41,1,0,0,0
nltk,3.0.2,E:\my code\pysmell\subject_raw\nltk\nltk\nltk\corpus\reader\semcor.py,98,41,1,0,0,0
nltk,3.0.2,E:\my code\pysmell\subject_raw\nltk\nltk\nltk\corpus\reader\semcor.py,163,21,1,0,0,0
nltk,3.0.2,E:\my code\pysmell\subject_raw\nltk\nltk\nltk\corpus\reader\semcor.py,163,49,1,0,0,0
nltk,3.0.2,E:\my code\pysmell\subject_raw\nltk\nltk\nltk\corpus\reader\semcor.py,184,29,1,0,0,0
nltk,3.0.2,E:\my code\pysmell\subject_raw\nltk\nltk\nltk\corpus\reader\wordnet.py,688,48,1,0,0,0
nltk,3.0.2,E:\my code\pysmell\subject_raw\nltk\nltk\nltk\inference\discourse.py,324,47,1,0,0,0
nltk,3.0.2,E:\my code\pysmell\subject_raw\nltk\nltk\nltk\inference\mace.py,134,36,1,0,0,0
nltk,3.0.2,E:\my code\pysmell\subject_raw\nltk\nltk\nltk\inference\tableau.py,149,45,1,0,0,0
nltk,3.0.2,E:\my code\pysmell\subject_raw\nltk\nltk\nltk\inference\tableau.py,164,45,1,0,0,0
nltk,3.0.2,E:\my code\pysmell\subject_raw\nltk\nltk\nltk\inference\tableau.py,596,44,1,0,0,0
nltk,3.0.2,E:\my code\pysmell\subject_raw\nltk\nltk\nltk\metrics\distance.py,102,28,1,0,0,0
nltk,3.0.2,E:\my code\pysmell\subject_raw\nltk\nltk\nltk\parse\malt.py,36,31,1,0,0,0
nltk,3.0.2,E:\my code\pysmell\subject_raw\nltk\nltk\nltk\parse\malt.py,223,32,1,0,0,0
nltk,3.0.2,E:\my code\pysmell\subject_raw\nltk\nltk\nltk\sem\boxer.py,86,47,1,0,0,0
nltk,3.0.2,E:\my code\pysmell\subject_raw\nltk\nltk\nltk\sem\boxer.py,101,47,1,0,0,0
nltk,3.0.2,E:\my code\pysmell\subject_raw\nltk\nltk\nltk\sem\boxer.py,856,48,1,0,0,0
nltk,3.0.2,E:\my code\pysmell\subject_raw\nltk\nltk\nltk\sem\drt.py,358,50,1,0,0,0
nltk,3.0.2,E:\my code\pysmell\subject_raw\nltk\nltk\nltk\sem\drt.py,543,40,1,0,0,0
nltk,3.0.2,E:\my code\pysmell\subject_raw\nltk\nltk\nltk\sem\drt.py,703,51,1,0,0,0
nltk,3.0.2,E:\my code\pysmell\subject_raw\nltk\nltk\nltk\stem\porter.py,357,52,1,0,0,0
nltk,3.0.2,E:\my code\pysmell\subject_raw\nltk\nltk\nltk\stem\porter.py,369,52,1,0,0,0
nltk,3.0.2,E:\my code\pysmell\subject_raw\nltk\nltk\nltk\stem\porter.py,384,48,1,0,0,0
nltk,3.0.2,E:\my code\pysmell\subject_raw\nltk\nltk\nltk\stem\porter.py,386,48,1,0,0,0
nltk,3.0.2,E:\my code\pysmell\subject_raw\nltk\nltk\nltk\stem\porter.py,388,48,1,0,0,0
nltk,3.0.2,E:\my code\pysmell\subject_raw\nltk\nltk\nltk\stem\porter.py,390,48,1,0,0,0
nltk,3.0.2,E:\my code\pysmell\subject_raw\nltk\nltk\nltk\stem\porter.py,404,48,1,0,0,0
nltk,3.0.2,E:\my code\pysmell\subject_raw\nltk\nltk\nltk\stem\porter.py,407,48,1,0,0,0
nltk,3.0.2,E:\my code\pysmell\subject_raw\nltk\nltk\nltk\stem\porter.py,409,48,1,0,0,0
nltk,3.0.2,E:\my code\pysmell\subject_raw\nltk\nltk\nltk\stem\porter.py,411,48,1,0,0,0
nltk,3.0.2,E:\my code\pysmell\subject_raw\nltk\nltk\nltk\stem\porter.py,418,48,1,0,0,0
nltk,3.0.2,E:\my code\pysmell\subject_raw\nltk\nltk\nltk\stem\porter.py,427,48,1,0,0,0
nltk,3.0.2,E:\my code\pysmell\subject_raw\nltk\nltk\nltk\stem\porter.py,442,48,1,0,0,0
nltk,3.0.2,E:\my code\pysmell\subject_raw\nltk\nltk\nltk\stem\porter.py,444,48,1,0,0,0
nltk,3.0.2,E:\my code\pysmell\subject_raw\nltk\nltk\nltk\stem\porter.py,446,48,1,0,0,0
nltk,3.0.2,E:\my code\pysmell\subject_raw\nltk\nltk\nltk\stem\porter.py,451,48,1,0,0,0
nltk,3.0.2,E:\my code\pysmell\subject_raw\nltk\nltk\nltk\stem\porter.py,456,48,1,0,0,0
nltk,3.0.2,E:\my code\pysmell\subject_raw\nltk\nltk\nltk\stem\porter.py,458,48,1,0,0,0
nltk,3.0.2,E:\my code\pysmell\subject_raw\nltk\nltk\nltk\stem\porter.py,463,48,1,0,0,0
nltk,3.0.2,E:\my code\pysmell\subject_raw\nltk\nltk\nltk\stem\porter.py,480,52,1,0,0,0
nltk,3.0.2,E:\my code\pysmell\subject_raw\nltk\nltk\nltk\stem\porter.py,485,52,1,0,0,0
nltk,3.0.2,E:\my code\pysmell\subject_raw\nltk\nltk\nltk\stem\porter.py,487,52,1,0,0,0
nltk,3.0.2,E:\my code\pysmell\subject_raw\nltk\nltk\nltk\stem\porter.py,492,52,1,0,0,0
nltk,3.0.2,E:\my code\pysmell\subject_raw\nltk\nltk\nltk\stem\porter.py,497,52,1,0,0,0
nltk,3.0.2,E:\my code\pysmell\subject_raw\nltk\nltk\nltk\stem\porter.py,502,52,1,0,0,0
nltk,3.0.2,E:\my code\pysmell\subject_raw\nltk\nltk\nltk\stem\porter.py,504,52,1,0,0,0
nltk,3.0.2,E:\my code\pysmell\subject_raw\nltk\nltk\nltk\stem\porter.py,509,52,1,0,0,0
nltk,3.0.2,E:\my code\pysmell\subject_raw\nltk\nltk\nltk\stem\porter.py,511,52,1,0,0,0
nltk,3.0.2,E:\my code\pysmell\subject_raw\nltk\nltk\nltk\stem\porter.py,513,52,1,0,0,0
nltk,3.0.2,E:\my code\pysmell\subject_raw\nltk\nltk\nltk\stem\porter.py,515,52,1,0,0,0
nltk,3.0.2,E:\my code\pysmell\subject_raw\nltk\nltk\nltk\stem\porter.py,520,52,1,0,0,0
nltk,3.0.2,E:\my code\pysmell\subject_raw\nltk\nltk\nltk\stem\porter.py,522,52,1,0,0,0
nltk,3.0.2,E:\my code\pysmell\subject_raw\nltk\nltk\nltk\stem\porter.py,527,52,1,0,0,0
nltk,3.0.2,E:\my code\pysmell\subject_raw\nltk\nltk\nltk\stem\porter.py,532,52,1,0,0,0
nltk,3.0.2,E:\my code\pysmell\subject_raw\nltk\nltk\nltk\stem\porter.py,534,52,1,0,0,0
nltk,3.0.2,E:\my code\pysmell\subject_raw\nltk\nltk\nltk\stem\porter.py,539,52,1,0,0,0
nltk,3.0.2,E:\my code\pysmell\subject_raw\nltk\nltk\nltk\stem\porter.py,544,52,1,0,0,0
nltk,3.0.2,E:\my code\pysmell\subject_raw\nltk\nltk\nltk\stem\porter.py,549,52,1,0,0,0
nltk,3.0.2,E:\my code\pysmell\subject_raw\nltk\nltk\nltk\stem\wordnet.py,41,35,1,0,0,0
nltk,3.0.2,E:\my code\pysmell\subject_raw\nltk\nltk\nltk\tag\hmm.py,830,20,1,0,0,0
nltk,3.0.2,E:\my code\pysmell\subject_raw\nltk\nltk\nltk\tag\hmm.py,831,22,1,0,0,0
nltk,3.0.2,E:\my code\pysmell\subject_raw\nltk\nltk\nltk\tag\hunpos.py,118,34,1,0,0,0
nltk,3.0.2,E:\my code\pysmell\subject_raw\nltk\nltk\nltk\tag\sequential.py,55,48,1,0,0,0
nltk,3.0.2,E:\my code\pysmell\subject_raw\nltk\nltk\nltk\tag\sequential.py,126,36,1,0,0,0
nltk,3.0.2,E:\my code\pysmell\subject_raw\nltk\nltk\nltk\tag\sequential.py,644,49,1,0,0,0
nltk,3.0.2,E:\my code\pysmell\subject_raw\nltk\nltk\nltk\tbl\rule.py,316,28,1,0,0,0
nltk,3.0.2,E:\my code\pysmell\subject_raw\nltk\nltk\nltk\tbl\template.py,305,48,1,0,0,0
nltk,3.0.2,E:\my code\pysmell\subject_raw\nltk\nltk\nltk\tokenize\stanford.py,50,30,1,0,0,0
matplotlib,v1.4.3,E:\my code\pysmell\subject_raw\matplotlib\matplotlib\doc\users\plotting\colormaps\colorconv.py,512,28,1,0,0,0
matplotlib,v1.4.3,E:\my code\pysmell\subject_raw\matplotlib\matplotlib\doc\users\plotting\colormaps\colorconv.py,522,19,1,0,0,0
matplotlib,v1.4.3,E:\my code\pysmell\subject_raw\matplotlib\matplotlib\examples\specialty_plots\hinton_demo.py,17,30,1,0,0,0
matplotlib,v1.4.3,E:\my code\pysmell\subject_raw\matplotlib\matplotlib\examples\specialty_plots\hinton_demo.py,28,25,1,0,0,0
matplotlib,v1.4.3,E:\my code\pysmell\subject_raw\matplotlib\matplotlib\lib\matplotlib\collections.py,1293,28,1,0,0,0
matplotlib,v1.4.3,E:\my code\pysmell\subject_raw\matplotlib\matplotlib\lib\matplotlib\collections.py,1345,50,1,0,0,0
matplotlib,v1.4.3,E:\my code\pysmell\subject_raw\matplotlib\matplotlib\lib\matplotlib\collections.py,1391,28,1,0,0,0
matplotlib,v1.4.3,E:\my code\pysmell\subject_raw\matplotlib\matplotlib\lib\matplotlib\collections.py,1412,28,1,0,0,0
matplotlib,v1.4.3,E:\my code\pysmell\subject_raw\matplotlib\matplotlib\lib\matplotlib\colorbar.py,302,51,1,0,0,0
matplotlib,v1.4.3,E:\my code\pysmell\subject_raw\matplotlib\matplotlib\lib\matplotlib\colorbar.py,1055,49,1,0,0,0
matplotlib,v1.4.3,E:\my code\pysmell\subject_raw\matplotlib\matplotlib\lib\matplotlib\figure.py,428,35,1,0,0,0
matplotlib,v1.4.3,E:\my code\pysmell\subject_raw\matplotlib\matplotlib\lib\matplotlib\figure.py,1398,30,1,0,0,0
matplotlib,v1.4.3,E:\my code\pysmell\subject_raw\matplotlib\matplotlib\lib\matplotlib\legend.py,682,27,1,0,0,0
matplotlib,v1.4.3,E:\my code\pysmell\subject_raw\matplotlib\matplotlib\lib\matplotlib\pyplot.py,489,30,1,0,0,0
matplotlib,v1.4.3,E:\my code\pysmell\subject_raw\matplotlib\matplotlib\lib\matplotlib\text.py,766,31,1,0,0,0
matplotlib,v1.4.3,E:\my code\pysmell\subject_raw\matplotlib\matplotlib\lib\matplotlib\ticker.py,788,18,1,0,0,0
matplotlib,v1.4.3,E:\my code\pysmell\subject_raw\matplotlib\matplotlib\lib\matplotlib\__init__.py,821,21,1,0,0,0
matplotlib,v1.4.3,E:\my code\pysmell\subject_raw\matplotlib\matplotlib\lib\matplotlib\axes\_axes.py,2517,44,1,0,0,0
matplotlib,v1.4.3,E:\my code\pysmell\subject_raw\matplotlib\matplotlib\lib\matplotlib\axes\_axes.py,3938,40,1,0,0,0
matplotlib,v1.4.3,E:\my code\pysmell\subject_raw\matplotlib\matplotlib\lib\matplotlib\axes\_axes.py,3939,40,1,0,0,0
matplotlib,v1.4.3,E:\my code\pysmell\subject_raw\matplotlib\matplotlib\lib\matplotlib\axes\_axes.py,5976,52,1,0,0,0
matplotlib,v1.4.3,E:\my code\pysmell\subject_raw\matplotlib\matplotlib\lib\matplotlib\axes\_axes.py,5987,52,1,0,0,0
matplotlib,v1.4.3,E:\my code\pysmell\subject_raw\matplotlib\matplotlib\lib\matplotlib\backends\backend_pdf.py,1648,43,1,0,0,0
matplotlib,v1.4.3,E:\my code\pysmell\subject_raw\matplotlib\matplotlib\lib\matplotlib\backends\backend_pgf.py,559,48,1,0,0,0
matplotlib,v1.4.3,E:\my code\pysmell\subject_raw\matplotlib\matplotlib\lib\matplotlib\backends\backend_pgf.py,590,35,1,0,0,0
matplotlib,v1.4.3,E:\my code\pysmell\subject_raw\matplotlib\matplotlib\lib\matplotlib\backends\backend_ps.py,631,43,1,0,0,0
matplotlib,v1.4.3,E:\my code\pysmell\subject_raw\matplotlib\matplotlib\lib\matplotlib\backends\backend_svg.py,632,43,1,0,0,0
matplotlib,v1.4.3,E:\my code\pysmell\subject_raw\matplotlib\matplotlib\lib\matplotlib\sphinxext\plot_directive.py,664,46,1,0,0,0
matplotlib,v1.4.3,E:\my code\pysmell\subject_raw\matplotlib\matplotlib\lib\matplotlib\tests\test_contour.py,184,39,1,0,0,0
matplotlib,v1.4.3,E:\my code\pysmell\subject_raw\matplotlib\matplotlib\lib\matplotlib\tests\test_contour.py,188,31,1,0,0,0
matplotlib,v1.4.3,E:\my code\pysmell\subject_raw\matplotlib\matplotlib\lib\matplotlib\tests\test_subplots.py,27,16,1,0,0,0
matplotlib,v1.4.3,E:\my code\pysmell\subject_raw\matplotlib\matplotlib\lib\matplotlib\tests\test_subplots.py,38,29,1,0,0,0
matplotlib,v1.4.3,E:\my code\pysmell\subject_raw\matplotlib\matplotlib\lib\matplotlib\tests\test_text.py,183,29,1,0,0,0
matplotlib,v1.4.3,E:\my code\pysmell\subject_raw\matplotlib\matplotlib\lib\mpl_toolkits\mplot3d\axes3d.py,2524,35,1,0,0,0
matplotlib,v1.4.3,E:\my code\pysmell\subject_raw\matplotlib\matplotlib\tools\gh_api.py,92,30,1,0,0,0
matplotlib,v1.4.3,E:\my code\pysmell\subject_raw\matplotlib\matplotlib\tools\github_stats.py,74,26,1,0,0,0
matplotlib,v1.4.3,E:\my code\pysmell\subject_raw\matplotlib\matplotlib\tools\github_stats.py,105,39,1,0,0,0
django,1.8.2,E:\my code\pysmell\subject_raw\django\django\django\conf\__init__.py,36,38,1,0,0,0
django,1.8.2,E:\my code\pysmell\subject_raw\django\django\django\contrib\admin\helpers.py,76,30,1,0,0,0
django,1.8.2,E:\my code\pysmell\subject_raw\django\django\django\contrib\admin\helpers.py,136,43,1,0,0,0
django,1.8.2,E:\my code\pysmell\subject_raw\django\django\django\contrib\admin\helpers.py,140,29,1,0,0,0
django,1.8.2,E:\my code\pysmell\subject_raw\django\django\django\contrib\admin\helpers.py,152,52,1,0,0,0
django,1.8.2,E:\my code\pysmell\subject_raw\django\django\django\contrib\admin\options.py,222,33,1,0,0,0
django,1.8.2,E:\my code\pysmell\subject_raw\django\django\django\contrib\admin\options.py,260,49,1,0,0,0
django,1.8.2,E:\my code\pysmell\subject_raw\django\django\django\contrib\admin\options.py,556,28,1,0,0,0
django,1.8.2,E:\my code\pysmell\subject_raw\django\django\django\contrib\admin\options.py,1091,47,1,0,0,0
django,1.8.2,E:\my code\pysmell\subject_raw\django\django\django\contrib\admin\options.py,1392,32,1,0,0,0
django,1.8.2,E:\my code\pysmell\subject_raw\django\django\django\contrib\admin\options.py,1614,42,1,0,0,0
django,1.8.2,E:\my code\pysmell\subject_raw\django\django\django\contrib\admin\options.py,1752,28,1,0,0,0
django,1.8.2,E:\my code\pysmell\subject_raw\django\django\django\contrib\admin\templatetags\admin_list.py,144,25,1,0,0,0
django,1.8.2,E:\my code\pysmell\subject_raw\django\django\django\contrib\admin\templatetags\admin_list.py,233,21,1,0,0,0
django,1.8.2,E:\my code\pysmell\subject_raw\django\django\django\contrib\admin\templatetags\log.py,59,34,1,0,0,0
django,1.8.2,E:\my code\pysmell\subject_raw\django\django\django\contrib\admin\views\main.py,318,27,1,0,0,0
django,1.8.2,E:\my code\pysmell\subject_raw\django\django\django\contrib\auth\forms.py,249,30,1,0,0,0
django,1.8.2,E:\my code\pysmell\subject_raw\django\django\django\contrib\auth\__init__.py,28,48,1,0,0,0
django,1.8.2,E:\my code\pysmell\subject_raw\django\django\django\contrib\gis\db\backends\spatialite\operations.py,141,48,1,0,0,0
django,1.8.2,E:\my code\pysmell\subject_raw\django\django\django\contrib\gis\db\backends\spatialite\operations.py,145,48,1,0,0,0
django,1.8.2,E:\my code\pysmell\subject_raw\django\django\django\contrib\gis\db\backends\spatialite\operations.py,149,52,1,0,0,0
django,1.8.2,E:\my code\pysmell\subject_raw\django\django\django\contrib\gis\forms\widgets.py,37,23,1,0,0,0
django,1.8.2,E:\my code\pysmell\subject_raw\django\django\django\contrib\gis\gdal\error.py,66,31,1,0,0,0
django,1.8.2,E:\my code\pysmell\subject_raw\django\django\django\contrib\gis\gdal\raster\band.py,69,28,1,0,0,0
django,1.8.2,E:\my code\pysmell\subject_raw\django\django\django\contrib\gis\gdal\raster\source.py,61,13,1,0,0,0
django,1.8.2,E:\my code\pysmell\subject_raw\django\django\django\contrib\gis\geos\geometry.py,389,17,1,0,0,0
django,1.8.2,E:\my code\pysmell\subject_raw\django\django\django\contrib\gis\geos\geometry.py,400,17,1,0,0,0
django,1.8.2,E:\my code\pysmell\subject_raw\django\django\django\contrib\gis\geos\geometry.py,409,17,1,0,0,0
django,1.8.2,E:\my code\pysmell\subject_raw\django\django\django\contrib\gis\geos\geometry.py,429,17,1,0,0,0
django,1.8.2,E:\my code\pysmell\subject_raw\django\django\django\contrib\gis\geos\geometry.py,438,17,1,0,0,0
django,1.8.2,E:\my code\pysmell\subject_raw\django\django\django\contrib\gis\utils\layermapping.py,221,31,1,0,0,0
django,1.8.2,E:\my code\pysmell\subject_raw\django\django\django\contrib\gis\utils\ogrinspect.py,237,27,1,0,0,0
django,1.8.2,E:\my code\pysmell\subject_raw\django\django\django\contrib\humanize\templatetags\humanize.py,197,28,1,0,0,0
django,1.8.2,E:\my code\pysmell\subject_raw\django\django\django\contrib\messages\storage\cookie.py,20,40,1,0,0,0
django,1.8.2,E:\my code\pysmell\subject_raw\django\django\django\contrib\postgres\aggregates\statistics.py,35,35,1,0,0,0
django,1.8.2,E:\my code\pysmell\subject_raw\django\django\django\contrib\postgres\forms\array.py,91,43,1,0,0,0
django,1.8.2,E:\my code\pysmell\subject_raw\django\django\django\contrib\sitemaps\views.py,34,52,1,0,0,0
django,1.8.2,E:\my code\pysmell\subject_raw\django\django\django\contrib\sitemaps\__init__.py,127,35,1,0,0,0
django,1.8.2,E:\my code\pysmell\subject_raw\django\django\django\contrib\staticfiles\finders.py,259,15,1,0,0,0
django,1.8.2,E:\my code\pysmell\subject_raw\django\django\django\contrib\staticfiles\management\commands\collectstatic.py,178,32,1,0,0,0
django,1.8.2,E:\my code\pysmell\subject_raw\django\django\django\contrib\staticfiles\management\commands\collectstatic.py,179,39,1,0,0,0
django,1.8.2,E:\my code\pysmell\subject_raw\django\django\django\contrib\syndication\views.py,18,27,1,0,0,0
django,1.8.2,E:\my code\pysmell\subject_raw\django\django\django\core\exceptions.py,105,28,1,0,0,0
django,1.8.2,E:\my code\pysmell\subject_raw\django\django\django\core\cache\backends\base.py,89,46,1,0,0,0
django,1.8.2,E:\my code\pysmell\subject_raw\django\django\django\core\cache\backends\locmem.py,49,44,1,0,0,0
django,1.8.2,E:\my code\pysmell\subject_raw\django\django\django\core\cache\backends\locmem.py,58,44,1,0,0,0
django,1.8.2,E:\my code\pysmell\subject_raw\django\django\django\core\checks\messages.py,43,33,1,0,0,0
django,1.8.2,E:\my code\pysmell\subject_raw\django\django\django\core\checks\messages.py,44,44,1,0,0,0
django,1.8.2,E:\my code\pysmell\subject_raw\django\django\django\core\checks\security\base.py,110,26,1,0,0,0
django,1.8.2,E:\my code\pysmell\subject_raw\django\django\django\core\checks\security\base.py,116,26,1,0,0,0
django,1.8.2,E:\my code\pysmell\subject_raw\django\django\django\core\checks\security\base.py,122,26,1,0,0,0
django,1.8.2,E:\my code\pysmell\subject_raw\django\django\django\core\checks\security\base.py,132,26,1,0,0,0
django,1.8.2,E:\my code\pysmell\subject_raw\django\django\django\core\checks\security\base.py,141,26,1,0,0,0
django,1.8.2,E:\my code\pysmell\subject_raw\django\django\django\core\checks\security\base.py,150,26,1,0,0,0
django,1.8.2,E:\my code\pysmell\subject_raw\django\django\django\core\checks\security\base.py,159,26,1,0,0,0
django,1.8.2,E:\my code\pysmell\subject_raw\django\django\django\core\checks\security\base.py,169,26,1,0,0,0
django,1.8.2,E:\my code\pysmell\subject_raw\django\django\django\core\checks\security\base.py,175,26,1,0,0,0
django,1.8.2,E:\my code\pysmell\subject_raw\django\django\django\core\checks\security\base.py,184,26,1,0,0,0
django,1.8.2,E:\my code\pysmell\subject_raw\django\django\django\core\checks\security\csrf.py,38,26,1,0,0,0
django,1.8.2,E:\my code\pysmell\subject_raw\django\django\django\core\checks\security\csrf.py,47,26,1,0,0,0
django,1.8.2,E:\my code\pysmell\subject_raw\django\django\django\core\checks\security\csrf.py,56,26,1,0,0,0
django,1.8.2,E:\my code\pysmell\subject_raw\django\django\django\core\files\base.py,181,45,1,0,0,0
django,1.8.2,E:\my code\pysmell\subject_raw\django\django\django\core\files\base.py,188,45,1,0,0,0
django,1.8.2,E:\my code\pysmell\subject_raw\django\django\django\core\files\base.py,195,45,1,0,0,0
django,1.8.2,E:\my code\pysmell\subject_raw\django\django\django\core\files\locks.py,26,36,1,0,0,0
django,1.8.2,E:\my code\pysmell\subject_raw\django\django\django\core\files\move.py,60,36,1,0,0,0
django,1.8.2,E:\my code\pysmell\subject_raw\django\django\django\core\handlers\wsgi.py,240,42,1,0,0,0
django,1.8.2,E:\my code\pysmell\subject_raw\django\django\django\core\mail\backends\smtp.py,25,50,1,0,0,0
django,1.8.2,E:\my code\pysmell\subject_raw\django\django\django\core\mail\backends\smtp.py,26,50,1,0,0,0
django,1.8.2,E:\my code\pysmell\subject_raw\django\django\django\core\mail\backends\smtp.py,27,50,1,0,0,0
django,1.8.2,E:\my code\pysmell\subject_raw\django\django\django\core\mail\backends\smtp.py,46,46,1,0,0,0
django,1.8.2,E:\my code\pysmell\subject_raw\django\django\django\core\management\base.py,106,37,1,0,0,0
django,1.8.2,E:\my code\pysmell\subject_raw\django\django\django\core\management\templates.py,205,36,1,0,0,0
django,1.8.2,E:\my code\pysmell\subject_raw\django\django\django\core\management\commands\createcachetable.py,65,24,1,0,0,0
django,1.8.2,E:\my code\pysmell\subject_raw\django\django\django\core\management\commands\createcachetable.py,71,24,1,0,0,0
django,1.8.2,E:\my code\pysmell\subject_raw\django\django\django\core\management\commands\createcachetable.py,78,36,1,0,0,0
django,1.8.2,E:\my code\pysmell\subject_raw\django\django\django\core\management\commands\inspectdb.py,36,31,1,0,0,0
django,1.8.2,E:\my code\pysmell\subject_raw\django\django\django\core\management\commands\inspectdb.py,128,37,1,0,0,0
django,1.8.2,E:\my code\pysmell\subject_raw\django\django\django\core\management\commands\inspectdb.py,230,31,1,0,0,0
django,1.8.2,E:\my code\pysmell\subject_raw\django\django\django\core\management\commands\inspectdb.py,231,30,1,0,0,0
django,1.8.2,E:\my code\pysmell\subject_raw\django\django\django\core\management\commands\loaddata.py,306,45,1,0,0,0
django,1.8.2,E:\my code\pysmell\subject_raw\django\django\django\core\management\commands\makemessages.py,102,37,1,0,0,0
django,1.8.2,E:\my code\pysmell\subject_raw\django\django\django\core\management\commands\makemessages.py,276,33,1,0,0,0
django,1.8.2,E:\my code\pysmell\subject_raw\django\django\django\core\management\commands\makemessages.py,278,48,1,0,0,0
django,1.8.2,E:\my code\pysmell\subject_raw\django\django\django\core\management\commands\runserver.py,91,37,1,0,0,0
django,1.8.2,E:\my code\pysmell\subject_raw\django\django\django\core\management\commands\runserver.py,125,48,1,0,0,0
django,1.8.2,E:\my code\pysmell\subject_raw\django\django\django\core\management\commands\shell.py,54,29,1,0,0,0
django,1.8.2,E:\my code\pysmell\subject_raw\django\django\django\core\management\commands\showmigrations.py,103,40,1,0,0,0
django,1.8.2,E:\my code\pysmell\subject_raw\django\django\django\core\servers\basehttp.py,157,40,1,0,0,0
django,1.8.2,E:\my code\pysmell\subject_raw\django\django\django\db\utils.py,20,35,1,0,0,0
django,1.8.2,E:\my code\pysmell\subject_raw\django\django\django\db\utils.py,302,39,1,0,0,0
django,1.8.2,E:\my code\pysmell\subject_raw\django\django\django\db\backends\utils.py,117,49,1,0,0,0
django,1.8.2,E:\my code\pysmell\subject_raw\django\django\django\db\backends\utils.py,156,28,1,0,0,0
django,1.8.2,E:\my code\pysmell\subject_raw\django\django\django\db\backends\base\base.py,156,46,1,0,0,0
django,1.8.2,E:\my code\pysmell\subject_raw\django\django\django\db\backends\base\schema.py,103,28,1,0,0,0
django,1.8.2,E:\my code\pysmell\subject_raw\django\django\django\db\backends\base\schema.py,904,40,1,0,0,0
django,1.8.2,E:\my code\pysmell\subject_raw\django\django\django\db\backends\mysql\introspection.py,70,25,1,0,0,0
django,1.8.2,E:\my code\pysmell\subject_raw\django\django\django\db\backends\mysql\introspection.py,173,42,1,0,0,0
django,1.8.2,E:\my code\pysmell\subject_raw\django\django\django\db\backends\oracle\base.py,231,42,1,0,0,0
django,1.8.2,E:\my code\pysmell\subject_raw\django\django\django\db\backends\oracle\schema.py,30,17,1,0,0,0
django,1.8.2,E:\my code\pysmell\subject_raw\django\django\django\db\backends\postgresql_psycopg2\base.py,211,43,1,0,0,0
django,1.8.2,E:\my code\pysmell\subject_raw\django\django\django\db\backends\sqlite3\introspection.py,15,26,1,0,0,0
django,1.8.2,E:\my code\pysmell\subject_raw\django\django\django\db\backends\sqlite3\operations.py,31,27,1,0,0,0
django,1.8.2,E:\my code\pysmell\subject_raw\django\django\django\db\backends\sqlite3\operations.py,32,50,1,0,0,0
django,1.8.2,E:\my code\pysmell\subject_raw\django\django\django\db\migrations\optimizer.py,261,33,1,0,0,0
django,1.8.2,E:\my code\pysmell\subject_raw\django\django\django\db\migrations\optimizer.py,276,40,1,0,0,0
django,1.8.2,E:\my code\pysmell\subject_raw\django\django\django\db\migrations\writer.py,169,49,1,0,0,0
django,1.8.2,E:\my code\pysmell\subject_raw\django\django\django\db\migrations\writer.py,203,50,1,0,0,0
django,1.8.2,E:\my code\pysmell\subject_raw\django\django\django\db\migrations\writer.py,348,36,1,0,0,0
django,1.8.2,E:\my code\pysmell\subject_raw\django\django\django\db\migrations\writer.py,483,38,1,0,0,0
django,1.8.2,E:\my code\pysmell\subject_raw\django\django\django\db\migrations\operations\fields.py,179,26,1,0,0,0
django,1.8.2,E:\my code\pysmell\subject_raw\django\django\django\db\migrations\operations\fields.py,255,38,1,0,0,0
django,1.8.2,E:\my code\pysmell\subject_raw\django\django\django\db\migrations\operations\fields.py,263,38,1,0,0,0
django,1.8.2,E:\my code\pysmell\subject_raw\django\django\django\db\migrations\operations\models.py,67,49,1,0,0,0
django,1.8.2,E:\my code\pysmell\subject_raw\django\django\django\db\models\aggregates.py,91,26,1,0,0,0
django,1.8.2,E:\my code\pysmell\subject_raw\django\django\django\db\models\aggregates.py,97,47,1,0,0,0
django,1.8.2,E:\my code\pysmell\subject_raw\django\django\django\db\models\aggregates.py,120,37,1,0,0,0
django,1.8.2,E:\my code\pysmell\subject_raw\django\django\django\db\models\aggregates.py,127,48,1,0,0,0
django,1.8.2,E:\my code\pysmell\subject_raw\django\django\django\db\models\aggregates.py,145,31,1,0,0,0
django,1.8.2,E:\my code\pysmell\subject_raw\django\django\django\db\models\aggregates.py,152,45,1,0,0,0
django,1.8.2,E:\my code\pysmell\subject_raw\django\django\django\db\models\base.py,568,41,1,0,0,0
django,1.8.2,E:\my code\pysmell\subject_raw\django\django\django\db\models\base.py,847,23,1,0,0,0
django,1.8.2,E:\my code\pysmell\subject_raw\django\django\django\db\models\base.py,848,20,1,0,0,0
django,1.8.2,E:\my code\pysmell\subject_raw\django\django\django\db\models\base.py,863,23,1,0,0,0
django,1.8.2,E:\my code\pysmell\subject_raw\django\django\django\db\models\base.py,864,32,1,0,0,0
django,1.8.2,E:\my code\pysmell\subject_raw\django\django\django\db\models\base.py,1507,30,1,0,0,0
django,1.8.2,E:\my code\pysmell\subject_raw\django\django\django\db\models\expressions.py,792,24,1,0,0,0
django,1.8.2,E:\my code\pysmell\subject_raw\django\django\django\db\models\expressions.py,938,32,1,0,0,0
django,1.8.2,E:\my code\pysmell\subject_raw\django\django\django\db\models\manager.py,132,47,1,0,0,0
django,1.8.2,E:\my code\pysmell\subject_raw\django\django\django\db\models\options.py,611,42,1,0,0,0
django,1.8.2,E:\my code\pysmell\subject_raw\django\django\django\db\models\options.py,640,44,1,0,0,0
django,1.8.2,E:\my code\pysmell\subject_raw\django\django\django\db\models\query.py,293,32,1,0,0,0
django,1.8.2,E:\my code\pysmell\subject_raw\django\django\django\db\models\query.py,543,41,1,0,0,0
django,1.8.2,E:\my code\pysmell\subject_raw\django\django\django\db\models\query.py,552,52,1,0,0,0
django,1.8.2,E:\my code\pysmell\subject_raw\django\django\django\db\models\query.py,719,50,1,0,0,0
django,1.8.2,E:\my code\pysmell\subject_raw\django\django\django\db\models\query.py,736,26,1,0,0,0
django,1.8.2,E:\my code\pysmell\subject_raw\django\django\django\db\models\query.py,757,26,1,0,0,0
django,1.8.2,E:\my code\pysmell\subject_raw\django\django\django\db\models\query.py,1223,44,1,0,0,0
django,1.8.2,E:\my code\pysmell\subject_raw\django\django\django\db\models\query.py,1560,21,1,0,0,0
django,1.8.2,E:\my code\pysmell\subject_raw\django\django\django\db\models\query.py,1561,30,1,0,0,0
django,1.8.2,E:\my code\pysmell\subject_raw\django\django\django\db\models\fields\related.py,1290,48,1,0,0,0
django,1.8.2,E:\my code\pysmell\subject_raw\django\django\django\db\models\fields\related.py,1384,33,1,0,0,0
django,1.8.2,E:\my code\pysmell\subject_raw\django\django\django\db\models\fields\related.py,1424,46,1,0,0,0
django,1.8.2,E:\my code\pysmell\subject_raw\django\django\django\db\models\fields\related.py,1437,29,1,0,0,0
django,1.8.2,E:\my code\pysmell\subject_raw\django\django\django\db\models\fields\__init__.py,795,38,1,0,0,0
django,1.8.2,E:\my code\pysmell\subject_raw\django\django\django\db\models\fields\__init__.py,828,33,1,0,0,0
django,1.8.2,E:\my code\pysmell\subject_raw\django\django\django\db\models\fields\__init__.py,1298,35,1,0,0,0
django,1.8.2,E:\my code\pysmell\subject_raw\django\django\django\db\models\fields\__init__.py,1458,35,1,0,0,0
django,1.8.2,E:\my code\pysmell\subject_raw\django\django\django\db\models\fields\__init__.py,1664,40,1,0,0,0
django,1.8.2,E:\my code\pysmell\subject_raw\django\django\django\db\models\fields\__init__.py,2269,35,1,0,0,0
django,1.8.2,E:\my code\pysmell\subject_raw\django\django\django\db\models\sql\aggregates.py,128,26,1,0,0,0
django,1.8.2,E:\my code\pysmell\subject_raw\django\django\django\db\models\sql\aggregates.py,144,37,1,0,0,0
django,1.8.2,E:\my code\pysmell\subject_raw\django\django\django\db\models\sql\aggregates.py,156,31,1,0,0,0
django,1.8.2,E:\my code\pysmell\subject_raw\django\django\django\db\models\sql\compiler.py,121,50,1,0,0,0
django,1.8.2,E:\my code\pysmell\subject_raw\django\django\django\db\models\sql\compiler.py,265,30,1,0,0,0
django,1.8.2,E:\my code\pysmell\subject_raw\django\django\django\db\models\sql\compiler.py,562,30,1,0,0,0
django,1.8.2,E:\my code\pysmell\subject_raw\django\django\django\db\models\sql\compiler.py,926,42,1,0,0,0
django,1.8.2,E:\my code\pysmell\subject_raw\django\django\django\db\models\sql\compiler.py,1070,28,1,0,0,0
django,1.8.2,E:\my code\pysmell\subject_raw\django\django\django\db\models\sql\query.py,41,43,1,0,0,0
django,1.8.2,E:\my code\pysmell\subject_raw\django\django\django\db\models\sql\query.py,91,46,1,0,0,0
django,1.8.2,E:\my code\pysmell\subject_raw\django\django\django\db\models\sql\query.py,308,50,1,0,0,0
django,1.8.2,E:\my code\pysmell\subject_raw\django\django\django\db\models\sql\query.py,535,38,1,0,0,0
django,1.8.2,E:\my code\pysmell\subject_raw\django\django\django\db\models\sql\query.py,597,46,1,0,0,0
django,1.8.2,E:\my code\pysmell\subject_raw\django\django\django\db\models\sql\query.py,1221,36,1,0,0,0
django,1.8.2,E:\my code\pysmell\subject_raw\django\django\django\db\models\sql\query.py,1404,27,1,0,0,0
django,1.8.2,E:\my code\pysmell\subject_raw\django\django\django\db\models\sql\subqueries.py,29,28,1,0,0,0
django,1.8.2,E:\my code\pysmell\subject_raw\django\django\django\db\models\sql\subqueries.py,82,28,1,0,0,0
django,1.8.2,E:\my code\pysmell\subject_raw\django\django\django\dispatch\dispatcher.py,52,46,1,0,0,0
django,1.8.2,E:\my code\pysmell\subject_raw\django\django\django\forms\fields.py,193,34,1,0,0,0
django,1.8.2,E:\my code\pysmell\subject_raw\django\django\django\forms\fields.py,201,28,1,0,0,0
django,1.8.2,E:\my code\pysmell\subject_raw\django\django\django\forms\forms.py,92,48,1,0,0,0
django,1.8.2,E:\my code\pysmell\subject_raw\django\django\django\forms\forms.py,104,52,1,0,0,0
django,1.8.2,E:\my code\pysmell\subject_raw\django\django\django\forms\forms.py,539,22,1,0,0,0
django,1.8.2,E:\my code\pysmell\subject_raw\django\django\django\forms\forms.py,665,28,1,0,0,0
django,1.8.2,E:\my code\pysmell\subject_raw\django\django\django\forms\formsets.py,133,36,1,0,0,0
django,1.8.2,E:\my code\pysmell\subject_raw\django\django\django\forms\models.py,674,47,1,0,0,0
django,1.8.2,E:\my code\pysmell\subject_raw\django\django\django\forms\models.py,1103,41,1,0,0,0
django,1.8.2,E:\my code\pysmell\subject_raw\django\django\django\forms\models.py,1210,34,1,0,0,0
django,1.8.2,E:\my code\pysmell\subject_raw\django\django\django\forms\models.py,1211,28,1,0,0,0
django,1.8.2,E:\my code\pysmell\subject_raw\django\django\django\forms\utils.py,98,39,1,0,0,0
django,1.8.2,E:\my code\pysmell\subject_raw\django\django\django\forms\widgets.py,461,22,1,0,0,0
django,1.8.2,E:\my code\pysmell\subject_raw\django\django\django\forms\widgets.py,490,47,1,0,0,0
django,1.8.2,E:\my code\pysmell\subject_raw\django\django\django\forms\widgets.py,640,45,1,0,0,0
django,1.8.2,E:\my code\pysmell\subject_raw\django\django\django\forms\widgets.py,730,39,1,0,0,0
django,1.8.2,E:\my code\pysmell\subject_raw\django\django\django\forms\widgets.py,817,28,1,0,0,0
django,1.8.2,E:\my code\pysmell\subject_raw\django\django\django\http\multipartparser.py,42,36,1,0,0,0
django,1.8.2,E:\my code\pysmell\subject_raw\django\django\django\http\multipartparser.py,318,37,1,0,0,0
django,1.8.2,E:\my code\pysmell\subject_raw\django\django\django\http\request.py,84,33,1,0,0,0
django,1.8.2,E:\my code\pysmell\subject_raw\django\django\django\http\request.py,568,40,1,0,0,0
django,1.8.2,E:\my code\pysmell\subject_raw\django\django\django\http\response.py,91,50,1,0,0,0
django,1.8.2,E:\my code\pysmell\subject_raw\django\django\django\template\context.py,227,43,1,0,0,0
django,1.8.2,E:\my code\pysmell\subject_raw\django\django\django\template\defaulttags.py,143,36,1,0,0,0
django,1.8.2,E:\my code\pysmell\subject_raw\django\django\django\template\defaulttags.py,868,25,1,0,0,0
django,1.8.2,E:\my code\pysmell\subject_raw\django\django\django\template\loader.py,139,48,1,0,0,0
django,1.8.2,E:\my code\pysmell\subject_raw\django\django\django\test\client.py,294,40,1,0,0,0
django,1.8.2,E:\my code\pysmell\subject_raw\django\django\django\test\client.py,299,24,1,0,0,0
django,1.8.2,E:\my code\pysmell\subject_raw\django\django\django\test\client.py,310,24,1,0,0,0
django,1.8.2,E:\my code\pysmell\subject_raw\django\django\django\test\client.py,319,24,1,0,0,0
django,1.8.2,E:\my code\pysmell\subject_raw\django\django\django\test\client.py,363,33,1,0,0,0
django,1.8.2,E:\my code\pysmell\subject_raw\django\django\django\test\client.py,364,37,1,0,0,0
django,1.8.2,E:\my code\pysmell\subject_raw\django\django\django\test\runner.py,170,46,1,0,0,0
django,1.8.2,E:\my code\pysmell\subject_raw\django\django\django\test\utils.py,391,18,1,0,0,0
django,1.8.2,E:\my code\pysmell\subject_raw\django\django\django\utils\datastructures.py,14,40,1,0,0,0
django,1.8.2,E:\my code\pysmell\subject_raw\django\django\django\utils\dateformat.py,139,25,1,0,0,0
django,1.8.2,E:\my code\pysmell\subject_raw\django\django\django\utils\dateparse.py,102,40,1,0,0,0
django,1.8.2,E:\my code\pysmell\subject_raw\django\django\django\utils\encoding.py,226,46,1,0,0,0
django,1.8.2,E:\my code\pysmell\subject_raw\django\django\django\utils\html.py,320,34,1,0,0,0
django,1.8.2,E:\my code\pysmell\subject_raw\django\django\django\utils\text.py,181,27,1,0,0,0
django,1.8.2,E:\my code\pysmell\subject_raw\django\django\django\utils\timesince.py,40,24,1,0,0,0
django,1.8.2,E:\my code\pysmell\subject_raw\django\django\django\utils\timesince.py,42,28,1,0,0,0
django,1.8.2,E:\my code\pysmell\subject_raw\django\django\django\utils\timezone.py,138,36,1,0,0,0
django,1.8.2,E:\my code\pysmell\subject_raw\django\django\django\utils\timezone.py,151,23,1,0,0,0
django,1.8.2,E:\my code\pysmell\subject_raw\django\django\django\utils\timezone.py,161,22,1,0,0,0
django,1.8.2,E:\my code\pysmell\subject_raw\django\django\django\utils\timezone.py,290,41,1,0,0,0
django,1.8.2,E:\my code\pysmell\subject_raw\django\django\django\utils\timezone.py,293,41,1,0,0,0
django,1.8.2,E:\my code\pysmell\subject_raw\django\django\django\utils\tree.py,24,27,1,0,0,0
django,1.8.2,E:\my code\pysmell\subject_raw\django\django\django\utils\version.py,37,23,1,0,0,0
django,1.8.2,E:\my code\pysmell\subject_raw\django\django\django\views\debug.py,412,51,1,0,0,0
django,1.8.2,E:\my code\pysmell\subject_raw\django\django\django\views\decorators\http.py,124,52,1,0,0,0
django,1.8.2,E:\my code\pysmell\subject_raw\django\django\django\views\generic\dates.py,656,49,1,0,0,0
django,1.8.2,E:\my code\pysmell\subject_raw\django\django\docs\_ext\djangodocs.py,283,21,1,0,0,0
django,1.8.2,E:\my code\pysmell\subject_raw\django\django\scripts\manage_translations.py,73,36,1,0,0,0
django,1.8.2,E:\my code\pysmell\subject_raw\django\django\scripts\manage_translations.py,119,32,1,0,0,0
django,1.8.2,E:\my code\pysmell\subject_raw\django\django\scripts\manage_translations.py,151,32,1,0,0,0
django,1.8.2,E:\my code\pysmell\subject_raw\django\django\tests\admin_changelist\tests.py,579,18,1,0,0,0
django,1.8.2,E:\my code\pysmell\subject_raw\django\django\tests\admin_changelist\tests.py,584,20,1,0,0,0
django,1.8.2,E:\my code\pysmell\subject_raw\django\django\tests\admin_changelist\tests.py,624,18,1,0,0,0
django,1.8.2,E:\my code\pysmell\subject_raw\django\django\tests\admin_changelist\tests.py,629,20,1,0,0,0
django,1.8.2,E:\my code\pysmell\subject_raw\django\django\tests\aggregation_regress\tests.py,1078,46,1,0,0,0
django,1.8.2,E:\my code\pysmell\subject_raw\django\django\tests\backends\tests.py,234,50,1,0,0,0
django,1.8.2,E:\my code\pysmell\subject_raw\django\django\tests\bash_completion\tests.py,46,38,1,0,0,0
django,1.8.2,E:\my code\pysmell\subject_raw\django\django\tests\bulk_create\tests.py,130,21,1,0,0,0
django,1.8.2,E:\my code\pysmell\subject_raw\django\django\tests\bulk_create\tests.py,148,21,1,0,0,0
django,1.8.2,E:\my code\pysmell\subject_raw\django\django\tests\cache\tests.py,1369,39,1,0,0,0
django,1.8.2,E:\my code\pysmell\subject_raw\django\django\tests\delete\tests.py,455,50,1,0,0,0
django,1.8.2,E:\my code\pysmell\subject_raw\django\django\tests\file_uploads\tests.py,108,46,1,0,0,0
django,1.8.2,E:\my code\pysmell\subject_raw\django\django\tests\fixtures\models.py,112,52,1,0,0,0
django,1.8.2,E:\my code\pysmell\subject_raw\django\django\tests\fixtures_regress\tests.py,350,24,1,0,0,0
django,1.8.2,E:\my code\pysmell\subject_raw\django\django\tests\fixtures_regress\tests.py,351,24,1,0,0,0
django,1.8.2,E:\my code\pysmell\subject_raw\django\django\tests\gis_tests\test_geoforms.py,311,23,1,0,0,0
django,1.8.2,E:\my code\pysmell\subject_raw\django\django\tests\gis_tests\distapp\tests.py,135,14,1,0,0,0
django,1.8.2,E:\my code\pysmell\subject_raw\django\django\tests\gis_tests\distapp\tests.py,149,14,1,0,0,0
django,1.8.2,E:\my code\pysmell\subject_raw\django\django\tests\gis_tests\distapp\tests.py,354,14,1,0,0,0
django,1.8.2,E:\my code\pysmell\subject_raw\django\django\tests\gis_tests\distapp\tests.py,373,14,1,0,0,0
django,1.8.2,E:\my code\pysmell\subject_raw\django\django\tests\gis_tests\distapp\tests.py,449,46,1,0,0,0
django,1.8.2,E:\my code\pysmell\subject_raw\django\django\tests\gis_tests\distapp\tests.py,459,14,1,0,0,0
django,1.8.2,E:\my code\pysmell\subject_raw\django\django\tests\gis_tests\distapp\tests.py,501,14,1,0,0,0
django,1.8.2,E:\my code\pysmell\subject_raw\django\django\tests\gis_tests\distapp\tests.py,531,14,1,0,0,0
django,1.8.2,E:\my code\pysmell\subject_raw\django\django\tests\gis_tests\distapp\tests.py,630,14,1,0,0,0
django,1.8.2,E:\my code\pysmell\subject_raw\django\django\tests\gis_tests\distapp\tests.py,640,52,1,0,0,0
django,1.8.2,E:\my code\pysmell\subject_raw\django\django\tests\gis_tests\distapp\tests.py,653,14,1,0,0,0
django,1.8.2,E:\my code\pysmell\subject_raw\django\django\tests\gis_tests\geoapp\tests.py,207,50,1,0,0,0
django,1.8.2,E:\my code\pysmell\subject_raw\django\django\tests\gis_tests\geoapp\test_functions.py,167,36,1,0,0,0
django,1.8.2,E:\my code\pysmell\subject_raw\django\django\tests\gis_tests\geoapp\test_functions.py,167,20,1,0,0,0
django,1.8.2,E:\my code\pysmell\subject_raw\django\django\tests\gis_tests\geogapp\tests.py,101,44,1,0,0,0
django,1.8.2,E:\my code\pysmell\subject_raw\django\django\tests\gis_tests\geogapp\tests.py,128,44,1,0,0,0
django,1.8.2,E:\my code\pysmell\subject_raw\django\django\tests\handlers\tests.py,40,26,1,0,0,0
django,1.8.2,E:\my code\pysmell\subject_raw\django\django\tests\i18n\tests.py,473,25,1,0,0,0
django,1.8.2,E:\my code\pysmell\subject_raw\django\django\tests\migrations\test_operations.py,79,43,1,0,0,0
django,1.8.2,E:\my code\pysmell\subject_raw\django\django\tests\migrations\test_operations.py,80,44,1,0,0,0
django,1.8.2,E:\my code\pysmell\subject_raw\django\django\tests\model_meta\tests.py,27,37,1,0,0,0
django,1.8.2,E:\my code\pysmell\subject_raw\django\django\tests\model_meta\tests.py,35,34,1,0,0,0
django,1.8.2,E:\my code\pysmell\subject_raw\django\django\tests\prefetch_related\tests.py,937,49,1,0,0,0
django,1.8.2,E:\my code\pysmell\subject_raw\django\django\tests\prefetch_related\tests.py,941,49,1,0,0,0
django,1.8.2,E:\my code\pysmell\subject_raw\django\django\tests\prefetch_related\tests.py,949,49,1,0,0,0
django,1.8.2,E:\my code\pysmell\subject_raw\django\django\tests\prefetch_related\tests.py,953,49,1,0,0,0
django,1.8.2,E:\my code\pysmell\subject_raw\django\django\tests\sessions_tests\tests.py,612,37,1,0,0,0
django,1.8.2,E:\my code\pysmell\subject_raw\django\django\tests\sessions_tests\tests.py,641,37,1,0,0,0
django,1.8.2,E:\my code\pysmell\subject_raw\django\django\tests\sitemaps_tests\base.py,14,46,1,0,0,0
django,1.8.2,E:\my code\pysmell\subject_raw\django\django\tests\template_tests\syntax_tests\test_width_ratio.py,43,21,1,0,0,0
django,1.8.2,E:\my code\pysmell\subject_raw\django\django\tests\test_runner\test_debug_sql.py,89,47,1,0,0,0
django,1.8.2,E:\my code\pysmell\subject_raw\django\django\tests\timezones\tests.py,998,33,1,0,0,0
django,1.8.2,E:\my code\pysmell\subject_raw\django\django\tests\timezones\tests.py,1033,33,1,0,0,0
django,1.8.2,E:\my code\pysmell\subject_raw\django\django\tests\utils_tests\test_encoding.py,29,34,1,0,0,0
django,1.8.2,E:\my code\pysmell\subject_raw\django\django\tests\utils_tests\test_html.py,245,41,1,0,0,0
