subject,tag,file,lineno,NBC
tornado,v4.2.0,E:\my code\pysmell\subject_raw\tornado\tornado\demos\facebook\facebook.py,61,2
tornado,v4.2.0,E:\my code\pysmell\subject_raw\tornado\tornado\demos\facebook\facebook.py,76,2
tornado,v4.2.0,E:\my code\pysmell\subject_raw\tornado\tornado\demos\facebook\facebook.py,101,2
tornado,v4.2.0,E:\my code\pysmell\subject_raw\tornado\tornado\demos\twitter\twitterdemo.py,51,2
tornado,v4.2.0,E:\my code\pysmell\subject_raw\tornado\tornado\demos\twitter\twitterdemo.py,60,2
tornado,v4.2.0,E:\my code\pysmell\subject_raw\tornado\tornado\tornado\test\auth_test.py,18,2
tornado,v4.2.0,E:\my code\pysmell\subject_raw\tornado\tornado\tornado\test\auth_test.py,45,2
tornado,v4.2.0,E:\my code\pysmell\subject_raw\tornado\tornado\tornado\test\auth_test.py,93,2
tornado,v4.2.0,E:\my code\pysmell\subject_raw\tornado\tornado\tornado\test\auth_test.py,118,2
tornado,v4.2.0,E:\my code\pysmell\subject_raw\tornado\tornado\tornado\test\auth_test.py,128,2
tornado,v4.2.0,E:\my code\pysmell\subject_raw\tornado\tornado\tornado\test\httpserver_test.py,126,2
tornado,v4.2.0,E:\my code\pysmell\subject_raw\tornado\tornado\tornado\test\httpserver_test.py,131,2
tornado,v4.2.0,E:\my code\pysmell\subject_raw\tornado\tornado\tornado\test\httpserver_test.py,137,2
tornado,v4.2.0,E:\my code\pysmell\subject_raw\tornado\tornado\tornado\test\httpserver_test.py,143,2
tornado,v4.2.0,E:\my code\pysmell\subject_raw\tornado\tornado\tornado\test\httpserver_test.py,502,2
tornado,v4.2.0,E:\my code\pysmell\subject_raw\tornado\tornado\tornado\test\httpserver_test.py,771,2
tornado,v4.2.0,E:\my code\pysmell\subject_raw\tornado\tornado\tornado\test\httpserver_test.py,780,2
tornado,v4.2.0,E:\my code\pysmell\subject_raw\tornado\tornado\tornado\test\iostream_test.py,778,2
tornado,v4.2.0,E:\my code\pysmell\subject_raw\tornado\tornado\tornado\test\iostream_test.py,783,2
tornado,v4.2.0,E:\my code\pysmell\subject_raw\tornado\tornado\tornado\test\iostream_test.py,789,2
tornado,v4.2.0,E:\my code\pysmell\subject_raw\tornado\tornado\tornado\test\iostream_test.py,797,2
tornado,v4.2.0,E:\my code\pysmell\subject_raw\tornado\tornado\tornado\test\iostream_test.py,814,2
tornado,v4.2.0,E:\my code\pysmell\subject_raw\tornado\tornado\tornado\test\netutil_test.py,76,2
tornado,v4.2.0,E:\my code\pysmell\subject_raw\tornado\tornado\tornado\test\netutil_test.py,86,2
tornado,v4.2.0,E:\my code\pysmell\subject_raw\tornado\tornado\tornado\test\netutil_test.py,98,2
tornado,v4.2.0,E:\my code\pysmell\subject_raw\tornado\tornado\tornado\test\netutil_test.py,110,2
tornado,v4.2.0,E:\my code\pysmell\subject_raw\tornado\tornado\tornado\test\netutil_test.py,155,2
tornado,v4.2.0,E:\my code\pysmell\subject_raw\tornado\tornado\tornado\test\simple_httpclient_test.py,419,2
tornado,v4.2.0,E:\my code\pysmell\subject_raw\tornado\tornado\tornado\test\simple_httpclient_test.py,429,2
tornado,v4.2.0,E:\my code\pysmell\subject_raw\tornado\tornado\tornado\test\testing_test.py,131,2
tornado,v4.2.0,E:\my code\pysmell\subject_raw\tornado\tornado\tornado\test\websocket_test.py,364,2
tornado,v4.2.0,E:\my code\pysmell\subject_raw\tornado\tornado\tornado\test\websocket_test.py,369,2
tornado,v4.2.0,E:\my code\pysmell\subject_raw\tornado\tornado\tornado\test\websocket_test.py,374,2
tornado,v4.2.0,E:\my code\pysmell\subject_raw\tornado\tornado\tornado\test\websocket_test.py,379,2
tornado,v4.2.0,E:\my code\pysmell\subject_raw\tornado\tornado\tornado\test\websocket_test.py,411,2
tornado,v4.2.0,E:\my code\pysmell\subject_raw\tornado\tornado\tornado\test\websocket_test.py,416,2
scipy,v0.16.0b2,E:\my code\pysmell\subject_raw\scipy\scipy\scipy\integrate\tests\test_integrate.py,585,2
scipy,v0.16.0b2,E:\my code\pysmell\subject_raw\scipy\scipy\scipy\integrate\tests\test_integrate.py,590,2
scipy,v0.16.0b2,E:\my code\pysmell\subject_raw\scipy\scipy\scipy\integrate\tests\test_integrate.py,595,2
scipy,v0.16.0b2,E:\my code\pysmell\subject_raw\scipy\scipy\scipy\integrate\tests\test_integrate.py,600,2
scipy,v0.16.0b2,E:\my code\pysmell\subject_raw\scipy\scipy\scipy\integrate\tests\test_integrate.py,605,2
scipy,v0.16.0b2,E:\my code\pysmell\subject_raw\scipy\scipy\scipy\linalg\tests\test_fblas.py,118,2
scipy,v0.16.0b2,E:\my code\pysmell\subject_raw\scipy\scipy\scipy\linalg\tests\test_fblas.py,131,2
scipy,v0.16.0b2,E:\my code\pysmell\subject_raw\scipy\scipy\scipy\linalg\tests\test_fblas.py,173,2
scipy,v0.16.0b2,E:\my code\pysmell\subject_raw\scipy\scipy\scipy\linalg\tests\test_fblas.py,186,2
scipy,v0.16.0b2,E:\my code\pysmell\subject_raw\scipy\scipy\scipy\linalg\tests\test_fblas.py,257,2
scipy,v0.16.0b2,E:\my code\pysmell\subject_raw\scipy\scipy\scipy\linalg\tests\test_fblas.py,270,2
scipy,v0.16.0b2,E:\my code\pysmell\subject_raw\scipy\scipy\scipy\linalg\tests\test_fblas.py,346,2
scipy,v0.16.0b2,E:\my code\pysmell\subject_raw\scipy\scipy\scipy\linalg\tests\test_fblas.py,359,2
scipy,v0.16.0b2,E:\my code\pysmell\subject_raw\scipy\scipy\scipy\linalg\tests\test_fblas.py,514,2
scipy,v0.16.0b2,E:\my code\pysmell\subject_raw\scipy\scipy\scipy\linalg\tests\test_fblas.py,527,2
scipy,v0.16.0b2,E:\my code\pysmell\subject_raw\scipy\scipy\scipy\sparse\bsr.py,22,2
scipy,v0.16.0b2,E:\my code\pysmell\subject_raw\scipy\scipy\scipy\sparse\coo.py,21,2
scipy,v0.16.0b2,E:\my code\pysmell\subject_raw\scipy\scipy\scipy\sparse\csc.py,19,2
scipy,v0.16.0b2,E:\my code\pysmell\subject_raw\scipy\scipy\scipy\sparse\csr.py,20,2
scipy,v0.16.0b2,E:\my code\pysmell\subject_raw\scipy\scipy\scipy\sparse\lil.py,19,2
scipy,v0.16.0b2,E:\my code\pysmell\subject_raw\scipy\scipy\scipy\sparse\tests\test_base.py,3881,2
scipy,v0.16.0b2,E:\my code\pysmell\subject_raw\scipy\scipy\scipy\sparse\tests\test_base.py,3887,2
scipy,v0.16.0b2,E:\my code\pysmell\subject_raw\scipy\scipy\scipy\sparse\tests\test_base.py,3897,2
scipy,v0.16.0b2,E:\my code\pysmell\subject_raw\scipy\scipy\scipy\sparse\tests\test_base.py,3944,2
scipy,v0.16.0b2,E:\my code\pysmell\subject_raw\scipy\scipy\scipy\stats\tests\test_stats.py,2696,2
scipy,v0.16.0b2,E:\my code\pysmell\subject_raw\scipy\scipy\scipy\stats\tests\test_stats.py,2812,2
ansible,v1.9.2-0.1.rc1,E:\my code\pysmell\subject_raw\ansible\ansible\lib\ansible\module_utils\facts.py,2125,2
ansible,v1.9.2-0.1.rc1,E:\my code\pysmell\subject_raw\ansible\ansible\lib\ansible\module_utils\facts.py,2143,2
ansible,v1.9.2-0.1.rc1,E:\my code\pysmell\subject_raw\ansible\ansible\lib\ansible\module_utils\facts.py,2150,2
ansible,v1.9.2-0.1.rc1,E:\my code\pysmell\subject_raw\ansible\ansible\lib\ansible\module_utils\facts.py,2238,2
ansible,v1.9.2-0.1.rc1,E:\my code\pysmell\subject_raw\ansible\ansible\lib\ansible\module_utils\facts.py,2249,2
ansible,v1.9.2-0.1.rc1,E:\my code\pysmell\subject_raw\ansible\ansible\v2\ansible\module_utils\facts.py,2051,2
ansible,v1.9.2-0.1.rc1,E:\my code\pysmell\subject_raw\ansible\ansible\v2\ansible\module_utils\facts.py,2069,2
ansible,v1.9.2-0.1.rc1,E:\my code\pysmell\subject_raw\ansible\ansible\v2\ansible\module_utils\facts.py,2076,2
ansible,v1.9.2-0.1.rc1,E:\my code\pysmell\subject_raw\ansible\ansible\v2\ansible\module_utils\facts.py,2131,2
ansible,v1.9.2-0.1.rc1,E:\my code\pysmell\subject_raw\ansible\ansible\v2\ansible\module_utils\facts.py,2142,2
ansible,v1.9.2-0.1.rc1,E:\my code\pysmell\subject_raw\ansible\ansible\v2\ansible\parsing\yaml\objects.py,49,2
ansible,v1.9.2-0.1.rc1,E:\my code\pysmell\subject_raw\ansible\ansible\v2\ansible\playbook\play.py,36,2
boto,2.38.0,E:\my code\pysmell\subject_raw\boto\boto\boto\auth.py,113,2
boto,2.38.0,E:\my code\pysmell\subject_raw\boto\boto\boto\auth.py,127,2
boto,2.38.0,E:\my code\pysmell\subject_raw\boto\boto\boto\auth.py,162,2
boto,2.38.0,E:\my code\pysmell\subject_raw\boto\boto\boto\auth.py,192,2
boto,2.38.0,E:\my code\pysmell\subject_raw\boto\boto\boto\auth.py,216,2
boto,2.38.0,E:\my code\pysmell\subject_raw\boto\boto\boto\auth.py,291,2
boto,2.38.0,E:\my code\pysmell\subject_raw\boto\boto\boto\auth.py,551,2
boto,2.38.0,E:\my code\pysmell\subject_raw\boto\boto\boto\auth.py,844,2
boto,2.38.0,E:\my code\pysmell\subject_raw\boto\boto\boto\auth.py,865,2
boto,2.38.0,E:\my code\pysmell\subject_raw\boto\boto\boto\auth.py,893,2
boto,2.38.0,E:\my code\pysmell\subject_raw\boto\boto\boto\auth.py,924,2
boto,2.38.0,E:\my code\pysmell\subject_raw\boto\boto\boto\dynamodb2\fields.py,306,2
boto,2.38.0,E:\my code\pysmell\subject_raw\boto\boto\boto\mturk\question.py,210,2
boto,2.38.0,E:\my code\pysmell\subject_raw\boto\boto\tests\integration\cloudformation\test_cert_verification.py,34,2
boto,2.38.0,E:\my code\pysmell\subject_raw\boto\boto\tests\integration\cloudsearch\test_cert_verification.py,34,2
boto,2.38.0,E:\my code\pysmell\subject_raw\boto\boto\tests\integration\cloudsearch2\test_cert_verification.py,34,2
boto,2.38.0,E:\my code\pysmell\subject_raw\boto\boto\tests\integration\cloudtrail\test_cert_verification.py,33,2
boto,2.38.0,E:\my code\pysmell\subject_raw\boto\boto\tests\integration\datapipeline\test_cert_verification.py,33,2
boto,2.38.0,E:\my code\pysmell\subject_raw\boto\boto\tests\integration\dynamodb\test_cert_verification.py,34,2
boto,2.38.0,E:\my code\pysmell\subject_raw\boto\boto\tests\integration\dynamodb2\test_cert_verification.py,34,2
boto,2.38.0,E:\my code\pysmell\subject_raw\boto\boto\tests\integration\ec2\test_cert_verification.py,34,2
boto,2.38.0,E:\my code\pysmell\subject_raw\boto\boto\tests\integration\ec2\autoscale\test_cert_verification.py,34,2
boto,2.38.0,E:\my code\pysmell\subject_raw\boto\boto\tests\integration\ec2\cloudwatch\test_cert_verification.py,33,2
boto,2.38.0,E:\my code\pysmell\subject_raw\boto\boto\tests\integration\ec2\elb\test_cert_verification.py,34,2
boto,2.38.0,E:\my code\pysmell\subject_raw\boto\boto\tests\integration\elastictranscoder\test_cert_verification.py,29,2
boto,2.38.0,E:\my code\pysmell\subject_raw\boto\boto\tests\integration\emr\test_cert_verification.py,34,2
boto,2.38.0,E:\my code\pysmell\subject_raw\boto\boto\tests\integration\glacier\test_cert_verification.py,34,2
boto,2.38.0,E:\my code\pysmell\subject_raw\boto\boto\tests\integration\iam\test_cert_verification.py,34,2
boto,2.38.0,E:\my code\pysmell\subject_raw\boto\boto\tests\integration\kinesis\test_cert_verification.py,33,2
boto,2.38.0,E:\my code\pysmell\subject_raw\boto\boto\tests\integration\logs\test_cert_verification.py,33,2
boto,2.38.0,E:\my code\pysmell\subject_raw\boto\boto\tests\integration\rds\test_cert_verification.py,34,2
boto,2.38.0,E:\my code\pysmell\subject_raw\boto\boto\tests\integration\rds2\test_cert_verification.py,34,2
boto,2.38.0,E:\my code\pysmell\subject_raw\boto\boto\tests\integration\redshift\test_cert_verification.py,29,2
boto,2.38.0,E:\my code\pysmell\subject_raw\boto\boto\tests\integration\route53\test_cert_verification.py,35,2
boto,2.38.0,E:\my code\pysmell\subject_raw\boto\boto\tests\integration\s3\test_cert_verification.py,34,2
boto,2.38.0,E:\my code\pysmell\subject_raw\boto\boto\tests\integration\sdb\test_cert_verification.py,34,2
boto,2.38.0,E:\my code\pysmell\subject_raw\boto\boto\tests\integration\ses\test_cert_verification.py,34,2
boto,2.38.0,E:\my code\pysmell\subject_raw\boto\boto\tests\integration\sns\test_cert_verification.py,34,2
boto,2.38.0,E:\my code\pysmell\subject_raw\boto\boto\tests\integration\sqs\test_cert_verification.py,34,2
boto,2.38.0,E:\my code\pysmell\subject_raw\boto\boto\tests\integration\sts\test_cert_verification.py,34,2
boto,2.38.0,E:\my code\pysmell\subject_raw\boto\boto\tests\integration\support\test_cert_verification.py,29,2
boto,2.38.0,E:\my code\pysmell\subject_raw\boto\boto\tests\integration\swf\test_cert_verification.py,34,2
boto,2.38.0,E:\my code\pysmell\subject_raw\boto\boto\tests\unit\ec2\test_blockdevicemapping.py,111,2
ipython,rel-3.1.0,E:\my code\pysmell\subject_raw\ipython\ipython\IPython\core\error.py,48,2
ipython,rel-3.1.0,E:\my code\pysmell\subject_raw\ipython\ipython\IPython\core\ultratb.py,1104,2
ipython,rel-3.1.0,E:\my code\pysmell\subject_raw\ipython\ipython\IPython\core\tests\test_inputsplitter.py,583,2
ipython,rel-3.1.0,E:\my code\pysmell\subject_raw\ipython\ipython\IPython\core\tests\test_inputsplitter.py,596,2
ipython,rel-3.1.0,E:\my code\pysmell\subject_raw\ipython\ipython\IPython\core\tests\test_interactiveshell.py,569,2
ipython,rel-3.1.0,E:\my code\pysmell\subject_raw\ipython\ipython\IPython\core\tests\test_interactiveshell.py,590,2
ipython,rel-3.1.0,E:\my code\pysmell\subject_raw\ipython\ipython\IPython\core\tests\test_interactiveshell.py,605,2
ipython,rel-3.1.0,E:\my code\pysmell\subject_raw\ipython\ipython\IPython\core\tests\test_shellapp.py,28,2
ipython,rel-3.1.0,E:\my code\pysmell\subject_raw\ipython\ipython\IPython\lib\demo.py,547,2
ipython,rel-3.1.0,E:\my code\pysmell\subject_raw\ipython\ipython\IPython\lib\demo.py,578,2
ipython,rel-3.1.0,E:\my code\pysmell\subject_raw\ipython\ipython\IPython\lib\demo.py,582,2
ipython,rel-3.1.0,E:\my code\pysmell\subject_raw\ipython\ipython\IPython\terminal\ipapp.py,185,2
ipython,rel-3.1.0,E:\my code\pysmell\subject_raw\ipython\ipython\IPython\testing\plugin\ipdoctest.py,573,2
ipython,rel-3.1.0,E:\my code\pysmell\subject_raw\ipython\ipython\IPython\testing\tests\test_tools.py,91,2
ipython,rel-3.1.0,E:\my code\pysmell\subject_raw\ipython\ipython\IPython\utils\tests\test_process.py,93,2
numpy,v1.9.2,E:\my code\pysmell\subject_raw\numpy\numpy\numpy\core\tests\test_multiarray.py,2338,2
numpy,v1.9.2,E:\my code\pysmell\subject_raw\numpy\numpy\numpy\core\tests\test_numerictypes.py,137,2
numpy,v1.9.2,E:\my code\pysmell\subject_raw\numpy\numpy\numpy\core\tests\test_numerictypes.py,141,2
numpy,v1.9.2,E:\my code\pysmell\subject_raw\numpy\numpy\numpy\core\tests\test_numerictypes.py,177,2
numpy,v1.9.2,E:\my code\pysmell\subject_raw\numpy\numpy\numpy\core\tests\test_numerictypes.py,183,2
numpy,v1.9.2,E:\my code\pysmell\subject_raw\numpy\numpy\numpy\core\tests\test_numerictypes.py,189,2
numpy,v1.9.2,E:\my code\pysmell\subject_raw\numpy\numpy\numpy\core\tests\test_numerictypes.py,195,2
numpy,v1.9.2,E:\my code\pysmell\subject_raw\numpy\numpy\numpy\core\tests\test_numerictypes.py,226,2
numpy,v1.9.2,E:\my code\pysmell\subject_raw\numpy\numpy\numpy\core\tests\test_numerictypes.py,232,2
numpy,v1.9.2,E:\my code\pysmell\subject_raw\numpy\numpy\numpy\core\tests\test_numerictypes.py,326,2
numpy,v1.9.2,E:\my code\pysmell\subject_raw\numpy\numpy\numpy\core\tests\test_numerictypes.py,332,2
numpy,v1.9.2,E:\my code\pysmell\subject_raw\numpy\numpy\numpy\core\tests\test_scalarinherit.py,11,2
numpy,v1.9.2,E:\my code\pysmell\subject_raw\numpy\numpy\numpy\core\tests\test_scalarinherit.py,14,2
numpy,v1.9.2,E:\my code\pysmell\subject_raw\numpy\numpy\numpy\core\tests\test_scalarinherit.py,16,2
numpy,v1.9.2,E:\my code\pysmell\subject_raw\numpy\numpy\numpy\core\tests\test_umath.py,502,2
numpy,v1.9.2,E:\my code\pysmell\subject_raw\numpy\numpy\numpy\core\tests\test_unicode.py,92,2
numpy,v1.9.2,E:\my code\pysmell\subject_raw\numpy\numpy\numpy\core\tests\test_unicode.py,97,2
numpy,v1.9.2,E:\my code\pysmell\subject_raw\numpy\numpy\numpy\core\tests\test_unicode.py,102,2
numpy,v1.9.2,E:\my code\pysmell\subject_raw\numpy\numpy\numpy\core\tests\test_unicode.py,152,2
numpy,v1.9.2,E:\my code\pysmell\subject_raw\numpy\numpy\numpy\core\tests\test_unicode.py,158,2
numpy,v1.9.2,E:\my code\pysmell\subject_raw\numpy\numpy\numpy\core\tests\test_unicode.py,164,2
numpy,v1.9.2,E:\my code\pysmell\subject_raw\numpy\numpy\numpy\core\tests\test_unicode.py,170,2
numpy,v1.9.2,E:\my code\pysmell\subject_raw\numpy\numpy\numpy\core\tests\test_unicode.py,176,2
numpy,v1.9.2,E:\my code\pysmell\subject_raw\numpy\numpy\numpy\core\tests\test_unicode.py,182,2
numpy,v1.9.2,E:\my code\pysmell\subject_raw\numpy\numpy\numpy\core\tests\test_unicode.py,242,2
numpy,v1.9.2,E:\my code\pysmell\subject_raw\numpy\numpy\numpy\core\tests\test_unicode.py,248,2
numpy,v1.9.2,E:\my code\pysmell\subject_raw\numpy\numpy\numpy\core\tests\test_unicode.py,254,2
numpy,v1.9.2,E:\my code\pysmell\subject_raw\numpy\numpy\numpy\core\tests\test_unicode.py,260,2
numpy,v1.9.2,E:\my code\pysmell\subject_raw\numpy\numpy\numpy\core\tests\test_unicode.py,266,2
numpy,v1.9.2,E:\my code\pysmell\subject_raw\numpy\numpy\numpy\core\tests\test_unicode.py,272,2
numpy,v1.9.2,E:\my code\pysmell\subject_raw\numpy\numpy\numpy\core\tests\test_unicode.py,320,2
numpy,v1.9.2,E:\my code\pysmell\subject_raw\numpy\numpy\numpy\core\tests\test_unicode.py,326,2
numpy,v1.9.2,E:\my code\pysmell\subject_raw\numpy\numpy\numpy\core\tests\test_unicode.py,332,2
numpy,v1.9.2,E:\my code\pysmell\subject_raw\numpy\numpy\numpy\core\tests\test_unicode.py,338,2
numpy,v1.9.2,E:\my code\pysmell\subject_raw\numpy\numpy\numpy\core\tests\test_unicode.py,344,2
numpy,v1.9.2,E:\my code\pysmell\subject_raw\numpy\numpy\numpy\core\tests\test_unicode.py,350,2
numpy,v1.9.2,E:\my code\pysmell\subject_raw\numpy\numpy\numpy\lib\tests\test_io.py,169,2
numpy,v1.9.2,E:\my code\pysmell\subject_raw\numpy\numpy\numpy\lib\tests\test_io.py,177,2
numpy,v1.9.2,E:\my code\pysmell\subject_raw\numpy\numpy\numpy\lib\tests\test_nanfunctions.py,357,2
numpy,v1.9.2,E:\my code\pysmell\subject_raw\numpy\numpy\numpy\lib\tests\test_nanfunctions.py,391,2
numpy,v1.9.2,E:\my code\pysmell\subject_raw\numpy\numpy\numpy\linalg\tests\test_linalg.py,374,2
numpy,v1.9.2,E:\my code\pysmell\subject_raw\numpy\numpy\numpy\linalg\tests\test_linalg.py,439,2
numpy,v1.9.2,E:\my code\pysmell\subject_raw\numpy\numpy\numpy\linalg\tests\test_linalg.py,469,2
numpy,v1.9.2,E:\my code\pysmell\subject_raw\numpy\numpy\numpy\linalg\tests\test_linalg.py,485,2
numpy,v1.9.2,E:\my code\pysmell\subject_raw\numpy\numpy\numpy\linalg\tests\test_linalg.py,509,2
numpy,v1.9.2,E:\my code\pysmell\subject_raw\numpy\numpy\numpy\linalg\tests\test_linalg.py,532,2
numpy,v1.9.2,E:\my code\pysmell\subject_raw\numpy\numpy\numpy\linalg\tests\test_linalg.py,559,2
numpy,v1.9.2,E:\my code\pysmell\subject_raw\numpy\numpy\numpy\linalg\tests\test_linalg.py,601,2
numpy,v1.9.2,E:\my code\pysmell\subject_raw\numpy\numpy\numpy\linalg\tests\test_linalg.py,687,2
numpy,v1.9.2,E:\my code\pysmell\subject_raw\numpy\numpy\numpy\linalg\tests\test_linalg.py,740,2
numpy,v1.9.2,E:\my code\pysmell\subject_raw\numpy\numpy\numpy\ma\mrecords.py,103,2
numpy,v1.9.2,E:\my code\pysmell\subject_raw\numpy\numpy\numpy\ma\tests\test_subclassing.py,42,2
numpy,v1.9.2,E:\my code\pysmell\subject_raw\numpy\numpy\numpy\ma\tests\test_subclassing.py,64,2
numpy,v1.9.2,E:\my code\pysmell\subject_raw\numpy\numpy\numpy\testing\tests\test_utils.py,64,2
numpy,v1.9.2,E:\my code\pysmell\subject_raw\numpy\numpy\numpy\testing\tests\test_utils.py,220,2
numpy,v1.9.2,E:\my code\pysmell\subject_raw\numpy\numpy\numpy\testing\tests\test_utils.py,261,2
nltk,3.0.2,E:\my code\pysmell\subject_raw\nltk\nltk\nltk\data.py,278,2
nltk,3.0.2,E:\my code\pysmell\subject_raw\nltk\nltk\nltk\featstruct.py,572,2
nltk,3.0.2,E:\my code\pysmell\subject_raw\nltk\nltk\nltk\featstruct.py,878,2
nltk,3.0.2,E:\my code\pysmell\subject_raw\nltk\nltk\nltk\featstruct.py,1703,2
nltk,3.0.2,E:\my code\pysmell\subject_raw\nltk\nltk\nltk\featstruct.py,1716,2
nltk,3.0.2,E:\my code\pysmell\subject_raw\nltk\nltk\nltk\featstruct.py,1731,2
nltk,3.0.2,E:\my code\pysmell\subject_raw\nltk\nltk\nltk\featstruct.py,1760,2
nltk,3.0.2,E:\my code\pysmell\subject_raw\nltk\nltk\nltk\grammar.py,199,2
nltk,3.0.2,E:\my code\pysmell\subject_raw\nltk\nltk\nltk\grammar.py,375,2
nltk,3.0.2,E:\my code\pysmell\subject_raw\nltk\nltk\nltk\tree.py,1393,2
nltk,3.0.2,E:\my code\pysmell\subject_raw\nltk\nltk\nltk\tree.py,1396,2
nltk,3.0.2,E:\my code\pysmell\subject_raw\nltk\nltk\nltk\tree.py,1404,2
nltk,3.0.2,E:\my code\pysmell\subject_raw\nltk\nltk\nltk\tree.py,1445,2
nltk,3.0.2,E:\my code\pysmell\subject_raw\nltk\nltk\nltk\app\chartparser_app.py,1612,2
nltk,3.0.2,E:\my code\pysmell\subject_raw\nltk\nltk\nltk\app\chartparser_app.py,1614,2
nltk,3.0.2,E:\my code\pysmell\subject_raw\nltk\nltk\nltk\app\chartparser_app.py,1616,2
nltk,3.0.2,E:\my code\pysmell\subject_raw\nltk\nltk\nltk\app\chartparser_app.py,1618,2
nltk,3.0.2,E:\my code\pysmell\subject_raw\nltk\nltk\nltk\corpus\reader\bracket_parse.py,108,2
nltk,3.0.2,E:\my code\pysmell\subject_raw\nltk\nltk\nltk\corpus\reader\pl196x.py,93,2
nltk,3.0.2,E:\my code\pysmell\subject_raw\nltk\nltk\nltk\corpus\reader\plaintext.py,135,2
nltk,3.0.2,E:\my code\pysmell\subject_raw\nltk\nltk\nltk\corpus\reader\tagged.py,172,2
nltk,3.0.2,E:\my code\pysmell\subject_raw\nltk\nltk\nltk\inference\api.py,252,2
nltk,3.0.2,E:\my code\pysmell\subject_raw\nltk\nltk\nltk\inference\api.py,305,2
nltk,3.0.2,E:\my code\pysmell\subject_raw\nltk\nltk\nltk\inference\api.py,394,2
nltk,3.0.2,E:\my code\pysmell\subject_raw\nltk\nltk\nltk\inference\api.py,441,2
nltk,3.0.2,E:\my code\pysmell\subject_raw\nltk\nltk\nltk\inference\api.py,495,2
nltk,3.0.2,E:\my code\pysmell\subject_raw\nltk\nltk\nltk\inference\api.py,531,2
nltk,3.0.2,E:\my code\pysmell\subject_raw\nltk\nltk\nltk\inference\mace.py,24,2
nltk,3.0.2,E:\my code\pysmell\subject_raw\nltk\nltk\nltk\inference\mace.py,183,2
nltk,3.0.2,E:\my code\pysmell\subject_raw\nltk\nltk\nltk\inference\prover9.py,60,2
nltk,3.0.2,E:\my code\pysmell\subject_raw\nltk\nltk\nltk\inference\prover9.py,251,2
nltk,3.0.2,E:\my code\pysmell\subject_raw\nltk\nltk\nltk\parse\earleychart.py,114,2
nltk,3.0.2,E:\my code\pysmell\subject_raw\nltk\nltk\nltk\parse\earleychart.py,379,2
nltk,3.0.2,E:\my code\pysmell\subject_raw\nltk\nltk\nltk\sem\drt.py,275,2
nltk,3.0.2,E:\my code\pysmell\subject_raw\nltk\nltk\nltk\sem\drt.py,497,2
nltk,3.0.2,E:\my code\pysmell\subject_raw\nltk\nltk\nltk\sem\drt.py,513,2
nltk,3.0.2,E:\my code\pysmell\subject_raw\nltk\nltk\nltk\sem\drt.py,516,2
nltk,3.0.2,E:\my code\pysmell\subject_raw\nltk\nltk\nltk\sem\drt.py,519,2
nltk,3.0.2,E:\my code\pysmell\subject_raw\nltk\nltk\nltk\sem\drt.py,522,2
nltk,3.0.2,E:\my code\pysmell\subject_raw\nltk\nltk\nltk\sem\drt.py,526,2
nltk,3.0.2,E:\my code\pysmell\subject_raw\nltk\nltk\nltk\sem\drt.py,577,2
nltk,3.0.2,E:\my code\pysmell\subject_raw\nltk\nltk\nltk\sem\drt.py,592,2
nltk,3.0.2,E:\my code\pysmell\subject_raw\nltk\nltk\nltk\sem\drt.py,618,2
nltk,3.0.2,E:\my code\pysmell\subject_raw\nltk\nltk\nltk\sem\drt.py,640,2
nltk,3.0.2,E:\my code\pysmell\subject_raw\nltk\nltk\nltk\sem\drt.py,643,2
nltk,3.0.2,E:\my code\pysmell\subject_raw\nltk\nltk\nltk\sem\drt.py,652,2
nltk,3.0.2,E:\my code\pysmell\subject_raw\nltk\nltk\nltk\sem\drt.py,792,2
nltk,3.0.2,E:\my code\pysmell\subject_raw\nltk\nltk\nltk\sem\logic.py,736,2
nltk,3.0.2,E:\my code\pysmell\subject_raw\nltk\nltk\nltk\stem\snowball.py,134,2
nltk,3.0.2,E:\my code\pysmell\subject_raw\nltk\nltk\nltk\tag\sequential.py,562,2
nltk,3.0.2,E:\my code\pysmell\subject_raw\nltk\nltk\nltk\test\doctest_nose_plugin.py,155,2
nltk,3.0.2,E:\my code\pysmell\subject_raw\nltk\nltk\nltk\tokenize\punkt.py,1187,2
matplotlib,v1.4.3,E:\my code\pysmell\subject_raw\matplotlib\matplotlib\setupext.py,737,2
matplotlib,v1.4.3,E:\my code\pysmell\subject_raw\matplotlib\matplotlib\examples\misc\rc_traits.py,164,2
matplotlib,v1.4.3,E:\my code\pysmell\subject_raw\matplotlib\matplotlib\examples\user_interfaces\fourier_demo_wx.py,130,2
matplotlib,v1.4.3,E:\my code\pysmell\subject_raw\matplotlib\matplotlib\lib\matplotlib\animation.py,417,2
matplotlib,v1.4.3,E:\my code\pysmell\subject_raw\matplotlib\matplotlib\lib\matplotlib\animation.py,433,2
matplotlib,v1.4.3,E:\my code\pysmell\subject_raw\matplotlib\matplotlib\lib\matplotlib\animation.py,454,2
matplotlib,v1.4.3,E:\my code\pysmell\subject_raw\matplotlib\matplotlib\lib\matplotlib\animation.py,460,2
matplotlib,v1.4.3,E:\my code\pysmell\subject_raw\matplotlib\matplotlib\lib\matplotlib\animation.py,501,2
matplotlib,v1.4.3,E:\my code\pysmell\subject_raw\matplotlib\matplotlib\lib\matplotlib\animation.py,513,2
matplotlib,v1.4.3,E:\my code\pysmell\subject_raw\matplotlib\matplotlib\lib\matplotlib\animation.py,541,2
matplotlib,v1.4.3,E:\my code\pysmell\subject_raw\matplotlib\matplotlib\lib\matplotlib\animation.py,551,2
matplotlib,v1.4.3,E:\my code\pysmell\subject_raw\matplotlib\matplotlib\lib\matplotlib\collections.py,36,2
matplotlib,v1.4.3,E:\my code\pysmell\subject_raw\matplotlib\matplotlib\lib\matplotlib\contour.py,758,2
matplotlib,v1.4.3,E:\my code\pysmell\subject_raw\matplotlib\matplotlib\lib\matplotlib\image.py,35,2
matplotlib,v1.4.3,E:\my code\pysmell\subject_raw\matplotlib\matplotlib\lib\matplotlib\image.py,836,2
matplotlib,v1.4.3,E:\my code\pysmell\subject_raw\matplotlib\matplotlib\lib\matplotlib\image.py,966,2
matplotlib,v1.4.3,E:\my code\pysmell\subject_raw\matplotlib\matplotlib\lib\matplotlib\offsetbox.py,1332,2
matplotlib,v1.4.3,E:\my code\pysmell\subject_raw\matplotlib\matplotlib\lib\matplotlib\text.py,1902,2
matplotlib,v1.4.3,E:\my code\pysmell\subject_raw\matplotlib\matplotlib\lib\matplotlib\backends\backend_gtk.py,150,2
matplotlib,v1.4.3,E:\my code\pysmell\subject_raw\matplotlib\matplotlib\lib\matplotlib\backends\backend_gtk.py,650,2
matplotlib,v1.4.3,E:\my code\pysmell\subject_raw\matplotlib\matplotlib\lib\matplotlib\backends\backend_gtk3.py,122,2
matplotlib,v1.4.3,E:\my code\pysmell\subject_raw\matplotlib\matplotlib\lib\matplotlib\backends\backend_gtk3.py,524,2
matplotlib,v1.4.3,E:\my code\pysmell\subject_raw\matplotlib\matplotlib\lib\matplotlib\backends\backend_gtk3.py,763,2
matplotlib,v1.4.3,E:\my code\pysmell\subject_raw\matplotlib\matplotlib\lib\matplotlib\backends\backend_gtk3.py,839,2
matplotlib,v1.4.3,E:\my code\pysmell\subject_raw\matplotlib\matplotlib\lib\matplotlib\backends\backend_gtk3.py,887,2
matplotlib,v1.4.3,E:\my code\pysmell\subject_raw\matplotlib\matplotlib\lib\matplotlib\backends\backend_gtk3agg.py,22,2
matplotlib,v1.4.3,E:\my code\pysmell\subject_raw\matplotlib\matplotlib\lib\matplotlib\backends\backend_gtk3cairo.py,23,2
matplotlib,v1.4.3,E:\my code\pysmell\subject_raw\matplotlib\matplotlib\lib\matplotlib\backends\backend_gtkagg.py,58,2
matplotlib,v1.4.3,E:\my code\pysmell\subject_raw\matplotlib\matplotlib\lib\matplotlib\backends\backend_gtkcairo.py,52,2
matplotlib,v1.4.3,E:\my code\pysmell\subject_raw\matplotlib\matplotlib\lib\matplotlib\backends\backend_macosx.py,187,2
matplotlib,v1.4.3,E:\my code\pysmell\subject_raw\matplotlib\matplotlib\lib\matplotlib\backends\backend_macosx.py,266,2
matplotlib,v1.4.3,E:\my code\pysmell\subject_raw\matplotlib\matplotlib\lib\matplotlib\backends\backend_macosx.py,283,2
matplotlib,v1.4.3,E:\my code\pysmell\subject_raw\matplotlib\matplotlib\lib\matplotlib\backends\backend_macosx.py,367,2
matplotlib,v1.4.3,E:\my code\pysmell\subject_raw\matplotlib\matplotlib\lib\matplotlib\backends\backend_macosx.py,394,2
matplotlib,v1.4.3,E:\my code\pysmell\subject_raw\matplotlib\matplotlib\lib\matplotlib\backends\backend_qt5.py,219,2
matplotlib,v1.4.3,E:\my code\pysmell\subject_raw\matplotlib\matplotlib\lib\matplotlib\backends\backend_qt5.py,571,2
matplotlib,v1.4.3,E:\my code\pysmell\subject_raw\matplotlib\matplotlib\lib\matplotlib\backends\backend_qt5.py,742,2
matplotlib,v1.4.3,E:\my code\pysmell\subject_raw\matplotlib\matplotlib\lib\matplotlib\backends\backend_tkagg.py,695,2
matplotlib,v1.4.3,E:\my code\pysmell\subject_raw\matplotlib\matplotlib\lib\matplotlib\backends\backend_tkagg.py,933,2
matplotlib,v1.4.3,E:\my code\pysmell\subject_raw\matplotlib\matplotlib\lib\matplotlib\backends\backend_tkagg.py,1002,2
matplotlib,v1.4.3,E:\my code\pysmell\subject_raw\matplotlib\matplotlib\lib\matplotlib\backends\backend_wx.py,559,2
matplotlib,v1.4.3,E:\my code\pysmell\subject_raw\matplotlib\matplotlib\lib\matplotlib\backends\backend_wx.py,1570,2
matplotlib,v1.4.3,E:\my code\pysmell\subject_raw\matplotlib\matplotlib\lib\matplotlib\backends\backend_wxagg.py,35,2
matplotlib,v1.4.3,E:\my code\pysmell\subject_raw\matplotlib\matplotlib\lib\matplotlib\sphinxext\mathmpl.py,20,2
matplotlib,v1.4.3,E:\my code\pysmell\subject_raw\matplotlib\matplotlib\lib\matplotlib\sphinxext\only_directives.py,14,2
matplotlib,v1.4.3,E:\my code\pysmell\subject_raw\matplotlib\matplotlib\lib\mpl_toolkits\axes_grid\axes_grid.py,9,2
matplotlib,v1.4.3,E:\my code\pysmell\subject_raw\matplotlib\matplotlib\lib\mpl_toolkits\axes_grid1\axes_grid.py,153,2
matplotlib,v1.4.3,E:\my code\pysmell\subject_raw\matplotlib\matplotlib\lib\mpl_toolkits\axisartist\axis_artist.py,206,2
matplotlib,v1.4.3,E:\my code\pysmell\subject_raw\matplotlib\matplotlib\lib\mpl_toolkits\axisartist\axis_artist.py,496,2
matplotlib,v1.4.3,E:\my code\pysmell\subject_raw\matplotlib\matplotlib\lib\mpl_toolkits\axisartist\axis_artist.py,639,2
django,1.8.2,E:\my code\pysmell\subject_raw\django\django\django\contrib\auth\models.py,288,2
django,1.8.2,E:\my code\pysmell\subject_raw\django\django\django\contrib\gis\feeds.py,85,2
django,1.8.2,E:\my code\pysmell\subject_raw\django\django\django\contrib\gis\feeds.py,100,2
django,1.8.2,E:\my code\pysmell\subject_raw\django\django\django\contrib\gis\feeds.py,115,2
django,1.8.2,E:\my code\pysmell\subject_raw\django\django\django\contrib\gis\db\backends\mysql\features.py,6,2
django,1.8.2,E:\my code\pysmell\subject_raw\django\django\django\contrib\gis\db\backends\mysql\operations.py,10,2
django,1.8.2,E:\my code\pysmell\subject_raw\django\django\django\contrib\gis\db\backends\oracle\features.py,6,2
django,1.8.2,E:\my code\pysmell\subject_raw\django\django\django\contrib\gis\db\backends\oracle\models.py,48,2
django,1.8.2,E:\my code\pysmell\subject_raw\django\django\django\contrib\gis\db\backends\oracle\operations.py,56,2
django,1.8.2,E:\my code\pysmell\subject_raw\django\django\django\contrib\gis\db\backends\postgis\features.py,6,2
django,1.8.2,E:\my code\pysmell\subject_raw\django\django\django\contrib\gis\db\backends\postgis\models.py,51,2
django,1.8.2,E:\my code\pysmell\subject_raw\django\django\django\contrib\gis\db\backends\postgis\operations.py,48,2
django,1.8.2,E:\my code\pysmell\subject_raw\django\django\django\contrib\gis\db\backends\spatialite\features.py,8,2
django,1.8.2,E:\my code\pysmell\subject_raw\django\django\django\contrib\gis\db\backends\spatialite\models.py,49,2
django,1.8.2,E:\my code\pysmell\subject_raw\django\django\django\contrib\gis\db\backends\spatialite\operations.py,24,2
django,1.8.2,E:\my code\pysmell\subject_raw\django\django\django\contrib\gis\db\models\fields.py,68,2
django,1.8.2,E:\my code\pysmell\subject_raw\django\django\django\contrib\gis\db\models\fields.py,367,2
django,1.8.2,E:\my code\pysmell\subject_raw\django\django\django\contrib\gis\db\models\functions.py,218,2
django,1.8.2,E:\my code\pysmell\subject_raw\django\django\django\contrib\gis\db\models\functions.py,272,2
django,1.8.2,E:\my code\pysmell\subject_raw\django\django\django\contrib\gis\db\models\functions.py,328,2
django,1.8.2,E:\my code\pysmell\subject_raw\django\django\django\contrib\gis\db\models\functions.py,346,2
django,1.8.2,E:\my code\pysmell\subject_raw\django\django\django\contrib\gis\db\models\functions.py,358,2
django,1.8.2,E:\my code\pysmell\subject_raw\django\django\django\contrib\gis\db\models\sql\conversion.py,49,2
django,1.8.2,E:\my code\pysmell\subject_raw\django\django\django\contrib\gis\gdal\error.py,21,2
django,1.8.2,E:\my code\pysmell\subject_raw\django\django\django\contrib\gis\geos\collections.py,104,2
django,1.8.2,E:\my code\pysmell\subject_raw\django\django\django\contrib\gis\geos\error.py,12,2
django,1.8.2,E:\my code\pysmell\subject_raw\django\django\django\contrib\gis\geos\geometry.py,25,2
django,1.8.2,E:\my code\pysmell\subject_raw\django\django\django\contrib\gis\geos\linestring.py,12,2
django,1.8.2,E:\my code\pysmell\subject_raw\django\django\django\contrib\staticfiles\storage.py,376,2
django,1.8.2,E:\my code\pysmell\subject_raw\django\django\django\contrib\staticfiles\storage.py,384,2
django,1.8.2,E:\my code\pysmell\subject_raw\django\django\django\core\mail\message.py,155,2
django,1.8.2,E:\my code\pysmell\subject_raw\django\django\django\core\mail\message.py,163,2
django,1.8.2,E:\my code\pysmell\subject_raw\django\django\django\core\mail\message.py,192,2
django,1.8.2,E:\my code\pysmell\subject_raw\django\django\django\core\servers\basehttp.py,65,2
django,1.8.2,E:\my code\pysmell\subject_raw\django\django\django\core\servers\basehttp.py,88,2
django,1.8.2,E:\my code\pysmell\subject_raw\django\django\django\core\servers\basehttp.py,95,2
django,1.8.2,E:\my code\pysmell\subject_raw\django\django\django\db\backends\mysql\compiler.py,12,2
django,1.8.2,E:\my code\pysmell\subject_raw\django\django\django\db\backends\mysql\compiler.py,16,2
django,1.8.2,E:\my code\pysmell\subject_raw\django\django\django\db\backends\mysql\compiler.py,20,2
django,1.8.2,E:\my code\pysmell\subject_raw\django\django\django\db\backends\mysql\compiler.py,24,2
django,1.8.2,E:\my code\pysmell\subject_raw\django\django\django\db\backends\oracle\compiler.py,48,2
django,1.8.2,E:\my code\pysmell\subject_raw\django\django\django\db\backends\oracle\compiler.py,52,2
django,1.8.2,E:\my code\pysmell\subject_raw\django\django\django\db\backends\oracle\compiler.py,56,2
django,1.8.2,E:\my code\pysmell\subject_raw\django\django\django\db\backends\oracle\compiler.py,60,2
django,1.8.2,E:\my code\pysmell\subject_raw\django\django\django\db\models\expressions.py,343,2
django,1.8.2,E:\my code\pysmell\subject_raw\django\django\django\db\models\fields\files.py,383,2
django,1.8.2,E:\my code\pysmell\subject_raw\django\django\django\db\models\fields\related_lookups.py,113,2
django,1.8.2,E:\my code\pysmell\subject_raw\django\django\django\db\models\fields\related_lookups.py,117,2
django,1.8.2,E:\my code\pysmell\subject_raw\django\django\django\db\models\fields\related_lookups.py,121,2
django,1.8.2,E:\my code\pysmell\subject_raw\django\django\django\db\models\fields\related_lookups.py,125,2
django,1.8.2,E:\my code\pysmell\subject_raw\django\django\django\db\models\fields\related_lookups.py,129,2
django,1.8.2,E:\my code\pysmell\subject_raw\django\django\django\db\models\fields\__init__.py,1163,2
django,1.8.2,E:\my code\pysmell\subject_raw\django\django\django\db\models\fields\__init__.py,2143,2
django,1.8.2,E:\my code\pysmell\subject_raw\django\django\django\forms\utils.py,76,2
django,1.8.2,E:\my code\pysmell\subject_raw\django\django\django\forms\widgets.py,779,2
django,1.8.2,E:\my code\pysmell\subject_raw\django\django\django\forms\widgets.py,784,2
django,1.8.2,E:\my code\pysmell\subject_raw\django\django\django\middleware\cache.py,149,2
django,1.8.2,E:\my code\pysmell\subject_raw\django\django\django\templatetags\tz.py,17,2
django,1.8.2,E:\my code\pysmell\subject_raw\django\django\django\utils\safestring.py,15,2
django,1.8.2,E:\my code\pysmell\subject_raw\django\django\django\utils\safestring.py,22,2
django,1.8.2,E:\my code\pysmell\subject_raw\django\django\django\utils\safestring.py,46,2
django,1.8.2,E:\my code\pysmell\subject_raw\django\django\django\utils\safestring.py,79,2
django,1.8.2,E:\my code\pysmell\subject_raw\django\django\django\views\generic\dates.py,433,2
django,1.8.2,E:\my code\pysmell\subject_raw\django\django\django\views\generic\dates.py,440,2
django,1.8.2,E:\my code\pysmell\subject_raw\django\django\django\views\generic\dates.py,485,2
django,1.8.2,E:\my code\pysmell\subject_raw\django\django\django\views\generic\dates.py,526,2
django,1.8.2,E:\my code\pysmell\subject_raw\django\django\django\views\generic\dates.py,571,2
django,1.8.2,E:\my code\pysmell\subject_raw\django\django\django\views\generic\dates.py,613,2
django,1.8.2,E:\my code\pysmell\subject_raw\django\django\django\views\generic\dates.py,632,2
django,1.8.2,E:\my code\pysmell\subject_raw\django\django\django\views\generic\dates.py,676,2
django,1.8.2,E:\my code\pysmell\subject_raw\django\django\django\views\generic\detail.py,112,2
django,1.8.2,E:\my code\pysmell\subject_raw\django\django\django\views\generic\detail.py,177,2
django,1.8.2,E:\my code\pysmell\subject_raw\django\django\django\views\generic\edit.py,125,2
django,1.8.2,E:\my code\pysmell\subject_raw\django\django\django\views\generic\edit.py,231,2
django,1.8.2,E:\my code\pysmell\subject_raw\django\django\django\views\generic\edit.py,237,2
django,1.8.2,E:\my code\pysmell\subject_raw\django\django\django\views\generic\edit.py,243,2
django,1.8.2,E:\my code\pysmell\subject_raw\django\django\django\views\generic\edit.py,258,2
django,1.8.2,E:\my code\pysmell\subject_raw\django\django\django\views\generic\edit.py,266,2
django,1.8.2,E:\my code\pysmell\subject_raw\django\django\django\views\generic\edit.py,281,2
django,1.8.2,E:\my code\pysmell\subject_raw\django\django\django\views\generic\edit.py,327,2
django,1.8.2,E:\my code\pysmell\subject_raw\django\django\django\views\generic\edit.py,335,2
django,1.8.2,E:\my code\pysmell\subject_raw\django\django\django\views\generic\list.py,154,2
django,1.8.2,E:\my code\pysmell\subject_raw\django\django\django\views\generic\list.py,207,2
django,1.8.2,E:\my code\pysmell\subject_raw\django\django\tests\admin_docs\tests.py,56,2
django,1.8.2,E:\my code\pysmell\subject_raw\django\django\tests\admin_docs\tests.py,141,2
django,1.8.2,E:\my code\pysmell\subject_raw\django\django\tests\admin_docs\tests.py,216,2
django,1.8.2,E:\my code\pysmell\subject_raw\django\django\tests\admin_inlines\tests.py,40,2
django,1.8.2,E:\my code\pysmell\subject_raw\django\django\tests\admin_inlines\tests.py,367,2
django,1.8.2,E:\my code\pysmell\subject_raw\django\django\tests\admin_inlines\tests.py,442,2
django,1.8.2,E:\my code\pysmell\subject_raw\django\django\tests\admin_scripts\tests.py,1771,2
django,1.8.2,E:\my code\pysmell\subject_raw\django\django\tests\admin_widgets\tests.py,195,2
django,1.8.2,E:\my code\pysmell\subject_raw\django\django\tests\admin_widgets\tests.py,209,2
django,1.8.2,E:\my code\pysmell\subject_raw\django\django\tests\admin_widgets\tests.py,221,2
django,1.8.2,E:\my code\pysmell\subject_raw\django\django\tests\admin_widgets\tests.py,381,2
django,1.8.2,E:\my code\pysmell\subject_raw\django\django\tests\admin_widgets\tests.py,604,2
django,1.8.2,E:\my code\pysmell\subject_raw\django\django\tests\admin_widgets\tests.py,779,2
django,1.8.2,E:\my code\pysmell\subject_raw\django\django\tests\admin_widgets\tests.py,848,2
django,1.8.2,E:\my code\pysmell\subject_raw\django\django\tests\admin_widgets\tests.py,1102,2
django,1.8.2,E:\my code\pysmell\subject_raw\django\django\tests\admin_widgets\tests.py,1192,2
django,1.8.2,E:\my code\pysmell\subject_raw\django\django\tests\auth_tests\test_auth_backends.py,199,2
django,1.8.2,E:\my code\pysmell\subject_raw\django\django\tests\auth_tests\test_auth_backends.py,218,2
django,1.8.2,E:\my code\pysmell\subject_raw\django\django\tests\auth_tests\test_auth_backends.py,253,2
django,1.8.2,E:\my code\pysmell\subject_raw\django\django\tests\auth_tests\test_forms.py,67,2
django,1.8.2,E:\my code\pysmell\subject_raw\django\django\tests\auth_tests\test_forms.py,132,2
django,1.8.2,E:\my code\pysmell\subject_raw\django\django\tests\auth_tests\test_forms.py,242,2
django,1.8.2,E:\my code\pysmell\subject_raw\django\django\tests\auth_tests\test_forms.py,267,2
django,1.8.2,E:\my code\pysmell\subject_raw\django\django\tests\auth_tests\test_forms.py,313,2
django,1.8.2,E:\my code\pysmell\subject_raw\django\django\tests\auth_tests\test_forms.py,389,2
django,1.8.2,E:\my code\pysmell\subject_raw\django\django\tests\auth_tests\models\custom_permissions.py,23,2
django,1.8.2,E:\my code\pysmell\subject_raw\django\django\tests\builtin_server\tests.py,15,2
django,1.8.2,E:\my code\pysmell\subject_raw\django\django\tests\cache\closeable_cache.py,11,2
django,1.8.2,E:\my code\pysmell\subject_raw\django\django\tests\cache\liberal_backend.py,9,2
django,1.8.2,E:\my code\pysmell\subject_raw\django\django\tests\cache\tests.py,911,2
django,1.8.2,E:\my code\pysmell\subject_raw\django\django\tests\cache\tests.py,1050,2
django,1.8.2,E:\my code\pysmell\subject_raw\django\django\tests\cache\tests.py,1122,2
django,1.8.2,E:\my code\pysmell\subject_raw\django\django\tests\cache\tests.py,1191,2
django,1.8.2,E:\my code\pysmell\subject_raw\django\django\tests\check_framework\tests.py,269,2
django,1.8.2,E:\my code\pysmell\subject_raw\django\django\tests\check_framework\test_model_field_deprecation.py,8,2
django,1.8.2,E:\my code\pysmell\subject_raw\django\django\tests\check_framework\test_model_field_deprecation.py,48,2
django,1.8.2,E:\my code\pysmell\subject_raw\django\django\tests\defer\tests.py,25,2
django,1.8.2,E:\my code\pysmell\subject_raw\django\django\tests\defer\tests.py,167,2
django,1.8.2,E:\my code\pysmell\subject_raw\django\django\tests\defer\tests.py,207,2
django,1.8.2,E:\my code\pysmell\subject_raw\django\django\tests\fixtures\tests.py,75,2
django,1.8.2,E:\my code\pysmell\subject_raw\django\django\tests\fixtures\tests.py,414,2
django,1.8.2,E:\my code\pysmell\subject_raw\django\django\tests\flatpages_tests\test_middleware.py,40,2
django,1.8.2,E:\my code\pysmell\subject_raw\django\django\tests\flatpages_tests\test_middleware.py,115,2
django,1.8.2,E:\my code\pysmell\subject_raw\django\django\tests\flatpages_tests\test_views.py,40,2
django,1.8.2,E:\my code\pysmell\subject_raw\django\django\tests\flatpages_tests\test_views.py,104,2
django,1.8.2,E:\my code\pysmell\subject_raw\django\django\tests\forms_tests\tests\test_error_messages.py,26,2
django,1.8.2,E:\my code\pysmell\subject_raw\django\django\tests\forms_tests\tests\test_error_messages.py,238,2
django,1.8.2,E:\my code\pysmell\subject_raw\django\django\tests\forms_tests\tests\test_fields.py,87,2
django,1.8.2,E:\my code\pysmell\subject_raw\django\django\tests\forms_tests\tests\test_forms.py,1555,2
django,1.8.2,E:\my code\pysmell\subject_raw\django\django\tests\generic_inline_admin\tests.py,37,2
django,1.8.2,E:\my code\pysmell\subject_raw\django\django\tests\generic_inline_admin\tests.py,146,2
django,1.8.2,E:\my code\pysmell\subject_raw\django\django\tests\generic_inline_admin\tests.py,292,2
django,1.8.2,E:\my code\pysmell\subject_raw\django\django\tests\generic_views\test_dates.py,40,2
django,1.8.2,E:\my code\pysmell\subject_raw\django\django\tests\generic_views\test_dates.py,157,2
django,1.8.2,E:\my code\pysmell\subject_raw\django\django\tests\generic_views\test_dates.py,261,2
django,1.8.2,E:\my code\pysmell\subject_raw\django\django\tests\generic_views\test_dates.py,387,2
django,1.8.2,E:\my code\pysmell\subject_raw\django\django\tests\generic_views\test_dates.py,483,2
django,1.8.2,E:\my code\pysmell\subject_raw\django\django\tests\generic_views\test_dates.py,600,2
django,1.8.2,E:\my code\pysmell\subject_raw\django\django\tests\generic_views\views.py,100,2
django,1.8.2,E:\my code\pysmell\subject_raw\django\django\tests\generic_views\views.py,183,2
django,1.8.2,E:\my code\pysmell\subject_raw\django\django\tests\generic_views\views.py,187,2
django,1.8.2,E:\my code\pysmell\subject_raw\django\django\tests\generic_views\views.py,191,2
django,1.8.2,E:\my code\pysmell\subject_raw\django\django\tests\generic_views\views.py,195,2
django,1.8.2,E:\my code\pysmell\subject_raw\django\django\tests\generic_views\views.py,199,2
django,1.8.2,E:\my code\pysmell\subject_raw\django\django\tests\generic_views\views.py,203,2
django,1.8.2,E:\my code\pysmell\subject_raw\django\django\tests\generic_views\views.py,207,2
django,1.8.2,E:\my code\pysmell\subject_raw\django\django\tests\generic_views\views.py,224,2
django,1.8.2,E:\my code\pysmell\subject_raw\django\django\tests\generic_views\views.py,234,2
django,1.8.2,E:\my code\pysmell\subject_raw\django\django\tests\generic_views\views.py,250,2
django,1.8.2,E:\my code\pysmell\subject_raw\django\django\tests\generic_views\views.py,264,2
django,1.8.2,E:\my code\pysmell\subject_raw\django\django\tests\generic_views\views.py,268,2
django,1.8.2,E:\my code\pysmell\subject_raw\django\django\tests\generic_views\views.py,272,2
django,1.8.2,E:\my code\pysmell\subject_raw\django\django\tests\generic_views\views.py,276,2
django,1.8.2,E:\my code\pysmell\subject_raw\django\django\tests\generic_views\views.py,280,2
django,1.8.2,E:\my code\pysmell\subject_raw\django\django\tests\generic_views\views.py,284,2
django,1.8.2,E:\my code\pysmell\subject_raw\django\django\tests\generic_views\views.py,288,2
django,1.8.2,E:\my code\pysmell\subject_raw\django\django\tests\gis_tests\gdal_tests\test_geom.py,23,2
django,1.8.2,E:\my code\pysmell\subject_raw\django\django\tests\gis_tests\geo3d\tests.py,106,2
django,1.8.2,E:\my code\pysmell\subject_raw\django\django\tests\gis_tests\geo3d\tests.py,319,2
django,1.8.2,E:\my code\pysmell\subject_raw\django\django\tests\gis_tests\geos_tests\test_geos.py,27,2
django,1.8.2,E:\my code\pysmell\subject_raw\django\django\tests\invalid_models_tests\test_models.py,436,2
django,1.8.2,E:\my code\pysmell\subject_raw\django\django\tests\invalid_models_tests\test_ordinary_fields.py,68,2
django,1.8.2,E:\my code\pysmell\subject_raw\django\django\tests\invalid_models_tests\test_ordinary_fields.py,219,2
django,1.8.2,E:\my code\pysmell\subject_raw\django\django\tests\invalid_models_tests\test_ordinary_fields.py,285,2
django,1.8.2,E:\my code\pysmell\subject_raw\django\django\tests\invalid_models_tests\test_ordinary_fields.py,552,2
django,1.8.2,E:\my code\pysmell\subject_raw\django\django\tests\logging_tests\tests.py,68,2
django,1.8.2,E:\my code\pysmell\subject_raw\django\django\tests\mail\tests.py,53,2
django,1.8.2,E:\my code\pysmell\subject_raw\django\django\tests\mail\tests.py,470,2
django,1.8.2,E:\my code\pysmell\subject_raw\django\django\tests\mail\tests.py,725,2
django,1.8.2,E:\my code\pysmell\subject_raw\django\django\tests\mail\tests.py,755,2
django,1.8.2,E:\my code\pysmell\subject_raw\django\django\tests\mail\tests.py,812,2
django,1.8.2,E:\my code\pysmell\subject_raw\django\django\tests\mail\tests.py,862,2
django,1.8.2,E:\my code\pysmell\subject_raw\django\django\tests\mail\tests.py,937,2
django,1.8.2,E:\my code\pysmell\subject_raw\django\django\tests\managers_regress\models.py,79,2
django,1.8.2,E:\my code\pysmell\subject_raw\django\django\tests\managers_regress\models.py,87,2
django,1.8.2,E:\my code\pysmell\subject_raw\django\django\tests\messages_tests\test_cookie.py,45,2
django,1.8.2,E:\my code\pysmell\subject_raw\django\django\tests\messages_tests\test_fallback.py,12,2
django,1.8.2,E:\my code\pysmell\subject_raw\django\django\tests\messages_tests\test_session.py,25,2
django,1.8.2,E:\my code\pysmell\subject_raw\django\django\tests\messages_tests\urls.py,67,2
django,1.8.2,E:\my code\pysmell\subject_raw\django\django\tests\migrations\test_state.py,283,2
django,1.8.2,E:\my code\pysmell\subject_raw\django\django\tests\model_fields\test_imagefield.py,98,2
django,1.8.2,E:\my code\pysmell\subject_raw\django\django\tests\model_fields\test_imagefield.py,185,2
django,1.8.2,E:\my code\pysmell\subject_raw\django\django\tests\model_fields\test_imagefield.py,338,2
django,1.8.2,E:\my code\pysmell\subject_raw\django\django\tests\model_forms\models.py,297,2
django,1.8.2,E:\my code\pysmell\subject_raw\django\django\tests\model_forms\tests.py,448,2
django,1.8.2,E:\my code\pysmell\subject_raw\django\django\tests\model_forms\tests.py,2410,2
django,1.8.2,E:\my code\pysmell\subject_raw\django\django\tests\model_formsets_regress\tests.py,393,2
django,1.8.2,E:\my code\pysmell\subject_raw\django\django\tests\model_inheritance\models.py,106,2
django,1.8.2,E:\my code\pysmell\subject_raw\django\django\tests\model_inheritance\models.py,180,2
django,1.8.2,E:\my code\pysmell\subject_raw\django\django\tests\model_inheritance_regress\models.py,68,2
django,1.8.2,E:\my code\pysmell\subject_raw\django\django\tests\model_inheritance_regress\models.py,72,2
django,1.8.2,E:\my code\pysmell\subject_raw\django\django\tests\model_inheritance_regress\models.py,249,2
django,1.8.2,E:\my code\pysmell\subject_raw\django\django\tests\model_meta\models.py,137,2
django,1.8.2,E:\my code\pysmell\subject_raw\django\django\tests\proxy_models\models.py,73,2
django,1.8.2,E:\my code\pysmell\subject_raw\django\django\tests\proxy_models\tests.py,137,2
django,1.8.2,E:\my code\pysmell\subject_raw\django\django\tests\select_related_onetoone\models.py,82,2
django,1.8.2,E:\my code\pysmell\subject_raw\django\django\tests\serializers\tests.py,307,2
django,1.8.2,E:\my code\pysmell\subject_raw\django\django\tests\serializers\tests.py,367,2
django,1.8.2,E:\my code\pysmell\subject_raw\django\django\tests\serializers\tests.py,388,2
django,1.8.2,E:\my code\pysmell\subject_raw\django\django\tests\serializers\tests.py,615,2
django,1.8.2,E:\my code\pysmell\subject_raw\django\django\tests\serializers\tests.py,709,2
django,1.8.2,E:\my code\pysmell\subject_raw\django\django\tests\serializers\tests.py,780,2
django,1.8.2,E:\my code\pysmell\subject_raw\django\django\tests\sessions_tests\tests.py,320,2
django,1.8.2,E:\my code\pysmell\subject_raw\django\django\tests\sessions_tests\tests.py,391,2
django,1.8.2,E:\my code\pysmell\subject_raw\django\django\tests\sessions_tests\tests.py,421,2
django,1.8.2,E:\my code\pysmell\subject_raw\django\django\tests\sessions_tests\tests.py,491,2
django,1.8.2,E:\my code\pysmell\subject_raw\django\django\tests\sessions_tests\tests.py,648,2
django,1.8.2,E:\my code\pysmell\subject_raw\django\django\tests\staticfiles_tests\tests.py,87,2
django,1.8.2,E:\my code\pysmell\subject_raw\django\django\tests\staticfiles_tests\tests.py,127,2
django,1.8.2,E:\my code\pysmell\subject_raw\django\django\tests\staticfiles_tests\tests.py,174,2
django,1.8.2,E:\my code\pysmell\subject_raw\django\django\tests\staticfiles_tests\tests.py,272,2
django,1.8.2,E:\my code\pysmell\subject_raw\django\django\tests\staticfiles_tests\tests.py,309,2
django,1.8.2,E:\my code\pysmell\subject_raw\django\django\tests\staticfiles_tests\tests.py,338,2
django,1.8.2,E:\my code\pysmell\subject_raw\django\django\tests\staticfiles_tests\tests.py,402,2
django,1.8.2,E:\my code\pysmell\subject_raw\django\django\tests\staticfiles_tests\tests.py,735,2
django,1.8.2,E:\my code\pysmell\subject_raw\django\django\tests\staticfiles_tests\tests.py,790,2
django,1.8.2,E:\my code\pysmell\subject_raw\django\django\tests\staticfiles_tests\tests.py,797,2
django,1.8.2,E:\my code\pysmell\subject_raw\django\django\tests\staticfiles_tests\tests.py,825,2
django,1.8.2,E:\my code\pysmell\subject_raw\django\django\tests\staticfiles_tests\tests.py,837,2
django,1.8.2,E:\my code\pysmell\subject_raw\django\django\tests\staticfiles_tests\tests.py,849,2
django,1.8.2,E:\my code\pysmell\subject_raw\django\django\tests\staticfiles_tests\tests.py,927,2
django,1.8.2,E:\my code\pysmell\subject_raw\django\django\tests\test_client_regress\tests.py,220,2
django,1.8.2,E:\my code\pysmell\subject_raw\django\django\tests\test_client_regress\tests.py,844,2
django,1.8.2,E:\my code\pysmell\subject_raw\django\django\tests\test_client_regress\tests.py,865,2
django,1.8.2,E:\my code\pysmell\subject_raw\django\django\tests\test_client_regress\tests.py,911,2
django,1.8.2,E:\my code\pysmell\subject_raw\django\django\tests\test_client_regress\tests.py,979,2
django,1.8.2,E:\my code\pysmell\subject_raw\django\django\tests\test_client_regress\tests.py,1053,2
django,1.8.2,E:\my code\pysmell\subject_raw\django\django\tests\utils_tests\test_archive.py,63,2
django,1.8.2,E:\my code\pysmell\subject_raw\django\django\tests\utils_tests\test_archive.py,67,2
django,1.8.2,E:\my code\pysmell\subject_raw\django\django\tests\utils_tests\test_archive.py,71,2
django,1.8.2,E:\my code\pysmell\subject_raw\django\django\tests\utils_tests\test_archive.py,75,2
django,1.8.2,E:\my code\pysmell\subject_raw\django\django\tests\view_tests\tests\test_debug.py,51,2
