subject,file,lineno,CLOC,experience-based,statistics-based,tuning machine
celery,C:\Users\Zhifei Chen\Desktop\pysmell\subjects_for_metrics\celery\celery\beat.py,50,1,0,0,0
celery,C:\Users\Zhifei Chen\Desktop\pysmell\subjects_for_metrics\celery\celery\beat.py,54,19,0,0,0
celery,C:\Users\Zhifei Chen\Desktop\pysmell\subjects_for_metrics\celery\celery\beat.py,152,34,1,0,0
celery,C:\Users\Zhifei Chen\Desktop\pysmell\subjects_for_metrics\celery\celery\beat.py,389,13,0,0,0
celery,C:\Users\Zhifei Chen\Desktop\pysmell\subjects_for_metrics\celery\celery\beat.py,471,9,0,0,0
celery,C:\Users\Zhifei Chen\Desktop\pysmell\subjects_for_metrics\celery\celery\beat.py,537,4,0,0,0
celery,C:\Users\Zhifei Chen\Desktop\pysmell\subjects_for_metrics\celery\celery\bootsteps.py,47,11,0,0,0
celery,C:\Users\Zhifei Chen\Desktop\pysmell\subjects_for_metrics\celery\celery\bootsteps.py,81,31,1,0,0
celery,C:\Users\Zhifei Chen\Desktop\pysmell\subjects_for_metrics\celery\celery\bootsteps.py,279,4,0,0,0
celery,C:\Users\Zhifei Chen\Desktop\pysmell\subjects_for_metrics\celery\celery\bootsteps.py,298,17,0,0,0
celery,C:\Users\Zhifei Chen\Desktop\pysmell\subjects_for_metrics\celery\celery\bootsteps.py,365,7,0,0,0
celery,C:\Users\Zhifei Chen\Desktop\pysmell\subjects_for_metrics\celery\celery\bootsteps.py,395,8,0,0,0
celery,C:\Users\Zhifei Chen\Desktop\pysmell\subjects_for_metrics\celery\celery\canvas.py,36,5,0,0,0
celery,C:\Users\Zhifei Chen\Desktop\pysmell\subjects_for_metrics\celery\celery\canvas.py,114,43,1,0,1
celery,C:\Users\Zhifei Chen\Desktop\pysmell\subjects_for_metrics\celery\celery\canvas.py,363,13,0,0,0
celery,C:\Users\Zhifei Chen\Desktop\pysmell\subjects_for_metrics\celery\celery\canvas.py,522,6,0,0,0
celery,C:\Users\Zhifei Chen\Desktop\pysmell\subjects_for_metrics\celery\celery\canvas.py,547,4,0,0,0
celery,C:\Users\Zhifei Chen\Desktop\pysmell\subjects_for_metrics\celery\celery\canvas.py,557,4,0,0,0
celery,C:\Users\Zhifei Chen\Desktop\pysmell\subjects_for_metrics\celery\celery\canvas.py,567,9,0,0,0
celery,C:\Users\Zhifei Chen\Desktop\pysmell\subjects_for_metrics\celery\celery\canvas.py,616,21,0,0,0
celery,C:\Users\Zhifei Chen\Desktop\pysmell\subjects_for_metrics\celery\celery\canvas.py,787,21,0,0,0
celery,C:\Users\Zhifei Chen\Desktop\pysmell\subjects_for_metrics\celery\celery\datastructures.py,55,33,1,0,0
celery,C:\Users\Zhifei Chen\Desktop\pysmell\subjects_for_metrics\celery\celery\datastructures.py,141,1,0,0,0
celery,C:\Users\Zhifei Chen\Desktop\pysmell\subjects_for_metrics\celery\celery\datastructures.py,145,21,0,0,0
celery,C:\Users\Zhifei Chen\Desktop\pysmell\subjects_for_metrics\celery\celery\datastructures.py,339,3,0,0,0
celery,C:\Users\Zhifei Chen\Desktop\pysmell\subjects_for_metrics\celery\celery\datastructures.py,360,2,0,0,0
celery,C:\Users\Zhifei Chen\Desktop\pysmell\subjects_for_metrics\celery\celery\datastructures.py,365,24,1,0,0
celery,C:\Users\Zhifei Chen\Desktop\pysmell\subjects_for_metrics\celery\celery\datastructures.py,442,33,1,0,0
celery,C:\Users\Zhifei Chen\Desktop\pysmell\subjects_for_metrics\celery\celery\datastructures.py,554,17,0,0,0
celery,C:\Users\Zhifei Chen\Desktop\pysmell\subjects_for_metrics\celery\celery\exceptions.py,37,2,0,0,0
celery,C:\Users\Zhifei Chen\Desktop\pysmell\subjects_for_metrics\celery\celery\exceptions.py,41,2,0,0,0
celery,C:\Users\Zhifei Chen\Desktop\pysmell\subjects_for_metrics\celery\celery\exceptions.py,45,1,0,0,0
celery,C:\Users\Zhifei Chen\Desktop\pysmell\subjects_for_metrics\celery\celery\exceptions.py,53,2,0,0,0
celery,C:\Users\Zhifei Chen\Desktop\pysmell\subjects_for_metrics\celery\celery\exceptions.py,57,8,0,0,0
celery,C:\Users\Zhifei Chen\Desktop\pysmell\subjects_for_metrics\celery\celery\exceptions.py,97,1,0,0,0
celery,C:\Users\Zhifei Chen\Desktop\pysmell\subjects_for_metrics\celery\celery\exceptions.py,101,3,0,0,0
celery,C:\Users\Zhifei Chen\Desktop\pysmell\subjects_for_metrics\celery\celery\exceptions.py,113,1,0,0,0
celery,C:\Users\Zhifei Chen\Desktop\pysmell\subjects_for_metrics\celery\celery\exceptions.py,118,1,0,0,0
celery,C:\Users\Zhifei Chen\Desktop\pysmell\subjects_for_metrics\celery\celery\exceptions.py,122,1,0,0,0
celery,C:\Users\Zhifei Chen\Desktop\pysmell\subjects_for_metrics\celery\celery\exceptions.py,126,1,0,0,0
celery,C:\Users\Zhifei Chen\Desktop\pysmell\subjects_for_metrics\celery\celery\exceptions.py,130,2,0,0,0
celery,C:\Users\Zhifei Chen\Desktop\pysmell\subjects_for_metrics\celery\celery\exceptions.py,137,1,0,0,0
celery,C:\Users\Zhifei Chen\Desktop\pysmell\subjects_for_metrics\celery\celery\exceptions.py,141,1,0,0,0
celery,C:\Users\Zhifei Chen\Desktop\pysmell\subjects_for_metrics\celery\celery\exceptions.py,145,1,0,0,0
celery,C:\Users\Zhifei Chen\Desktop\pysmell\subjects_for_metrics\celery\celery\exceptions.py,149,1,0,0,0
celery,C:\Users\Zhifei Chen\Desktop\pysmell\subjects_for_metrics\celery\celery\exceptions.py,153,1,0,0,0
celery,C:\Users\Zhifei Chen\Desktop\pysmell\subjects_for_metrics\celery\celery\exceptions.py,157,1,0,0,0
celery,C:\Users\Zhifei Chen\Desktop\pysmell\subjects_for_metrics\celery\celery\exceptions.py,161,1,0,0,0
celery,C:\Users\Zhifei Chen\Desktop\pysmell\subjects_for_metrics\celery\celery\exceptions.py,165,1,0,0,0
celery,C:\Users\Zhifei Chen\Desktop\pysmell\subjects_for_metrics\celery\celery\exceptions.py,169,1,0,0,0
celery,C:\Users\Zhifei Chen\Desktop\pysmell\subjects_for_metrics\celery\celery\exceptions.py,173,2,0,0,0
celery,C:\Users\Zhifei Chen\Desktop\pysmell\subjects_for_metrics\celery\celery\exceptions.py,177,2,0,0,0
celery,C:\Users\Zhifei Chen\Desktop\pysmell\subjects_for_metrics\celery\celery\exceptions.py,181,2,0,0,0
celery,C:\Users\Zhifei Chen\Desktop\pysmell\subjects_for_metrics\celery\celery\exceptions.py,185,1,0,0,0
celery,C:\Users\Zhifei Chen\Desktop\pysmell\subjects_for_metrics\celery\celery\five.py,109,5,0,0,0
celery,C:\Users\Zhifei Chen\Desktop\pysmell\subjects_for_metrics\celery\celery\five.py,142,8,0,0,0
celery,C:\Users\Zhifei Chen\Desktop\pysmell\subjects_for_metrics\celery\celery\local.py,56,67,1,1,1
celery,C:\Users\Zhifei Chen\Desktop\pysmell\subjects_for_metrics\celery\celery\local.py,297,7,0,0,0
celery,C:\Users\Zhifei Chen\Desktop\pysmell\subjects_for_metrics\celery\celery\platforms.py,109,1,0,0,0
celery,C:\Users\Zhifei Chen\Desktop\pysmell\subjects_for_metrics\celery\celery\platforms.py,113,12,0,0,0
celery,C:\Users\Zhifei Chen\Desktop\pysmell\subjects_for_metrics\celery\celery\platforms.py,251,9,0,0,0
celery,C:\Users\Zhifei Chen\Desktop\pysmell\subjects_for_metrics\celery\celery\platforms.py,510,18,0,0,0
celery,C:\Users\Zhifei Chen\Desktop\pysmell\subjects_for_metrics\celery\celery\result.py,57,2,0,0,0
celery,C:\Users\Zhifei Chen\Desktop\pysmell\subjects_for_metrics\celery\celery\result.py,64,44,1,0,1
celery,C:\Users\Zhifei Chen\Desktop\pysmell\subjects_for_metrics\celery\celery\result.py,410,34,1,0,0
celery,C:\Users\Zhifei Chen\Desktop\pysmell\subjects_for_metrics\celery\celery\result.py,757,15,0,0,0
celery,C:\Users\Zhifei Chen\Desktop\pysmell\subjects_for_metrics\celery\celery\result.py,831,6,0,0,0
celery,C:\Users\Zhifei Chen\Desktop\pysmell\subjects_for_metrics\celery\celery\result.py,860,18,0,0,0
celery,C:\Users\Zhifei Chen\Desktop\pysmell\subjects_for_metrics\celery\celery\schedules.py,67,1,0,0,0
celery,C:\Users\Zhifei Chen\Desktop\pysmell\subjects_for_metrics\celery\celery\schedules.py,71,18,0,0,0
celery,C:\Users\Zhifei Chen\Desktop\pysmell\subjects_for_metrics\celery\celery\schedules.py,183,13,0,0,0
celery,C:\Users\Zhifei Chen\Desktop\pysmell\subjects_for_metrics\celery\celery\schedules.py,299,12,0,0,0
celery,C:\Users\Zhifei Chen\Desktop\pysmell\subjects_for_metrics\celery\celery\schedules.py,606,49,1,0,1
celery,C:\Users\Zhifei Chen\Desktop\pysmell\subjects_for_metrics\celery\celery\states.py,95,5,0,0,0
celery,C:\Users\Zhifei Chen\Desktop\pysmell\subjects_for_metrics\celery\celery\_state.py,60,2,0,0,0
celery,C:\Users\Zhifei Chen\Desktop\pysmell\subjects_for_metrics\celery\celery\app\amqp.py,43,18,0,0,0
celery,C:\Users\Zhifei Chen\Desktop\pysmell\subjects_for_metrics\celery\celery\app\amqp.py,204,29,1,0,0
celery,C:\Users\Zhifei Chen\Desktop\pysmell\subjects_for_metrics\celery\celery\app\annotations.py,25,3,0,0,0
celery,C:\Users\Zhifei Chen\Desktop\pysmell\subjects_for_metrics\celery\celery\app\base.py,110,96,1,1,1
celery,C:\Users\Zhifei Chen\Desktop\pysmell\subjects_for_metrics\celery\celery\app\control.py,42,22,0,0,0
celery,C:\Users\Zhifei Chen\Desktop\pysmell\subjects_for_metrics\celery\celery\app\control.py,124,18,0,0,0
celery,C:\Users\Zhifei Chen\Desktop\pysmell\subjects_for_metrics\celery\celery\app\defaults.py,50,8,0,0,0
celery,C:\Users\Zhifei Chen\Desktop\pysmell\subjects_for_metrics\celery\celery\app\log.py,40,2,0,0,0
celery,C:\Users\Zhifei Chen\Desktop\pysmell\subjects_for_metrics\celery\celery\app\log.py,53,19,0,0,0
celery,C:\Users\Zhifei Chen\Desktop\pysmell\subjects_for_metrics\celery\celery\app\registry.py,22,8,0,0,0
celery,C:\Users\Zhifei Chen\Desktop\pysmell\subjects_for_metrics\celery\celery\app\routes.py,25,3,0,0,0
celery,C:\Users\Zhifei Chen\Desktop\pysmell\subjects_for_metrics\celery\celery\app\routes.py,38,5,0,0,0
celery,C:\Users\Zhifei Chen\Desktop\pysmell\subjects_for_metrics\celery\celery\app\task.py,68,33,1,0,0
celery,C:\Users\Zhifei Chen\Desktop\pysmell\subjects_for_metrics\celery\celery\app\task.py,120,88,1,1,1
celery,C:\Users\Zhifei Chen\Desktop\pysmell\subjects_for_metrics\celery\celery\app\trace.py,136,9,0,0,0
celery,C:\Users\Zhifei Chen\Desktop\pysmell\subjects_for_metrics\celery\celery\app\utils.py,53,13,0,0,0
celery,C:\Users\Zhifei Chen\Desktop\pysmell\subjects_for_metrics\celery\celery\app\utils.py,142,6,0,0,0
celery,C:\Users\Zhifei Chen\Desktop\pysmell\subjects_for_metrics\celery\celery\apps\beat.py,40,12,0,0,0
celery,C:\Users\Zhifei Chen\Desktop\pysmell\subjects_for_metrics\celery\celery\apps\worker.py,112,14,0,0,0
celery,C:\Users\Zhifei Chen\Desktop\pysmell\subjects_for_metrics\celery\celery\backends\amqp.py,34,1,0,0,0
celery,C:\Users\Zhifei Chen\Desktop\pysmell\subjects_for_metrics\celery\celery\backends\amqp.py,45,2,0,0,0
celery,C:\Users\Zhifei Chen\Desktop\pysmell\subjects_for_metrics\celery\celery\backends\amqp.py,49,35,1,0,0
celery,C:\Users\Zhifei Chen\Desktop\pysmell\subjects_for_metrics\celery\celery\backends\base.py,57,3,0,0,0
celery,C:\Users\Zhifei Chen\Desktop\pysmell\subjects_for_metrics\celery\celery\backends\base.py,64,57,1,0,1
celery,C:\Users\Zhifei Chen\Desktop\pysmell\subjects_for_metrics\celery\celery\backends\base.py,376,29,1,0,0
celery,C:\Users\Zhifei Chen\Desktop\pysmell\subjects_for_metrics\celery\celery\backends\base.py,611,6,0,0,0
celery,C:\Users\Zhifei Chen\Desktop\pysmell\subjects_for_metrics\celery\celery\backends\cache.py,66,7,0,0,0
celery,C:\Users\Zhifei Chen\Desktop\pysmell\subjects_for_metrics\celery\celery\backends\cache.py,94,14,0,0,0
celery,C:\Users\Zhifei Chen\Desktop\pysmell\subjects_for_metrics\celery\celery\backends\cassandra.py,34,15,0,0,0
celery,C:\Users\Zhifei Chen\Desktop\pysmell\subjects_for_metrics\celery\celery\backends\couchbase.py,30,19,0,0,0
celery,C:\Users\Zhifei Chen\Desktop\pysmell\subjects_for_metrics\celery\celery\backends\couchdb.py,29,14,0,0,0
celery,C:\Users\Zhifei Chen\Desktop\pysmell\subjects_for_metrics\celery\celery\backends\mongodb.py,40,2,0,0,0
celery,C:\Users\Zhifei Chen\Desktop\pysmell\subjects_for_metrics\celery\celery\backends\mongodb.py,46,32,1,0,0
celery,C:\Users\Zhifei Chen\Desktop\pysmell\subjects_for_metrics\celery\celery\backends\new_cassandra.py,68,9,0,0,0
celery,C:\Users\Zhifei Chen\Desktop\pysmell\subjects_for_metrics\celery\celery\backends\redis.py,46,29,1,0,0
celery,C:\Users\Zhifei Chen\Desktop\pysmell\subjects_for_metrics\celery\celery\backends\riak.py,52,14,0,0,0
celery,C:\Users\Zhifei Chen\Desktop\pysmell\subjects_for_metrics\celery\celery\backends\rpc.py,21,12,0,0,0
celery,C:\Users\Zhifei Chen\Desktop\pysmell\subjects_for_metrics\celery\celery\backends\rpc.py,24,2,0,0,0
celery,C:\Users\Zhifei Chen\Desktop\pysmell\subjects_for_metrics\celery\celery\backends\database\models.py,23,12,0,0,0
celery,C:\Users\Zhifei Chen\Desktop\pysmell\subjects_for_metrics\celery\celery\backends\database\models.py,52,10,0,0,0
celery,C:\Users\Zhifei Chen\Desktop\pysmell\subjects_for_metrics\celery\celery\backends\database\session.py,26,7,0,0,0
celery,C:\Users\Zhifei Chen\Desktop\pysmell\subjects_for_metrics\celery\celery\backends\database\__init__.py,70,12,0,0,0
celery,C:\Users\Zhifei Chen\Desktop\pysmell\subjects_for_metrics\celery\celery\bin\amqp.py,44,7,0,0,0
celery,C:\Users\Zhifei Chen\Desktop\pysmell\subjects_for_metrics\celery\celery\bin\amqp.py,119,57,1,0,1
celery,C:\Users\Zhifei Chen\Desktop\pysmell\subjects_for_metrics\celery\celery\bin\amqp.py,320,6,0,0,0
celery,C:\Users\Zhifei Chen\Desktop\pysmell\subjects_for_metrics\celery\celery\bin\amqp.py,354,2,0,0,0
celery,C:\Users\Zhifei Chen\Desktop\pysmell\subjects_for_metrics\celery\celery\bin\base.py,118,5,0,0,0
celery,C:\Users\Zhifei Chen\Desktop\pysmell\subjects_for_metrics\celery\celery\bin\base.py,131,2,0,0,0
celery,C:\Users\Zhifei Chen\Desktop\pysmell\subjects_for_metrics\celery\celery\bin\base.py,135,4,0,0,0
celery,C:\Users\Zhifei Chen\Desktop\pysmell\subjects_for_metrics\celery\celery\bin\base.py,164,3,0,0,0
celery,C:\Users\Zhifei Chen\Desktop\pysmell\subjects_for_metrics\celery\celery\bin\base.py,176,72,1,1,1
celery,C:\Users\Zhifei Chen\Desktop\pysmell\subjects_for_metrics\celery\celery\bin\beat.py,52,6,0,0,0
celery,C:\Users\Zhifei Chen\Desktop\pysmell\subjects_for_metrics\celery\celery\bin\celery.py,88,4,0,0,0
celery,C:\Users\Zhifei Chen\Desktop\pysmell\subjects_for_metrics\celery\celery\bin\celery.py,103,4,0,0,0
celery,C:\Users\Zhifei Chen\Desktop\pysmell\subjects_for_metrics\celery\celery\bin\celery.py,142,13,0,0,0
celery,C:\Users\Zhifei Chen\Desktop\pysmell\subjects_for_metrics\celery\celery\bin\celery.py,197,9,0,0,0
celery,C:\Users\Zhifei Chen\Desktop\pysmell\subjects_for_metrics\celery\celery\bin\celery.py,234,6,0,0,0
celery,C:\Users\Zhifei Chen\Desktop\pysmell\subjects_for_metrics\celery\celery\bin\celery.py,266,16,0,0,0
celery,C:\Users\Zhifei Chen\Desktop\pysmell\subjects_for_metrics\celery\celery\bin\celery.py,364,20,0,0,0
celery,C:\Users\Zhifei Chen\Desktop\pysmell\subjects_for_metrics\celery\celery\bin\celery.py,405,22,0,0,0
celery,C:\Users\Zhifei Chen\Desktop\pysmell\subjects_for_metrics\celery\celery\bin\celery.py,472,3,0,0,0
celery,C:\Users\Zhifei Chen\Desktop\pysmell\subjects_for_metrics\celery\celery\bin\celery.py,493,12,0,0,0
celery,C:\Users\Zhifei Chen\Desktop\pysmell\subjects_for_metrics\celery\celery\bin\celery.py,534,13,0,0,0
celery,C:\Users\Zhifei Chen\Desktop\pysmell\subjects_for_metrics\celery\celery\bin\celery.py,638,3,0,0,0
celery,C:\Users\Zhifei Chen\Desktop\pysmell\subjects_for_metrics\celery\celery\bin\celery.py,654,2,0,0,0
celery,C:\Users\Zhifei Chen\Desktop\pysmell\subjects_for_metrics\celery\celery\bin\celery.py,662,36,1,0,0
celery,C:\Users\Zhifei Chen\Desktop\pysmell\subjects_for_metrics\celery\celery\bin\celeryd_detach.py,60,4,0,0,0
celery,C:\Users\Zhifei Chen\Desktop\pysmell\subjects_for_metrics\celery\celery\bin\celeryd_detach.py,116,14,0,0,0
celery,C:\Users\Zhifei Chen\Desktop\pysmell\subjects_for_metrics\celery\celery\bin\events.py,50,9,0,0,0
celery,C:\Users\Zhifei Chen\Desktop\pysmell\subjects_for_metrics\celery\celery\bin\graph.py,21,6,0,0,0
celery,C:\Users\Zhifei Chen\Desktop\pysmell\subjects_for_metrics\celery\celery\bin\graph.py,61,6,0,0,0
celery,C:\Users\Zhifei Chen\Desktop\pysmell\subjects_for_metrics\celery\celery\bin\graph.py,75,5,0,0,0
celery,C:\Users\Zhifei Chen\Desktop\pysmell\subjects_for_metrics\celery\celery\bin\graph.py,85,5,0,0,0
celery,C:\Users\Zhifei Chen\Desktop\pysmell\subjects_for_metrics\celery\celery\bin\graph.py,113,2,0,0,0
celery,C:\Users\Zhifei Chen\Desktop\pysmell\subjects_for_metrics\celery\celery\bin\graph.py,116,5,0,0,0
celery,C:\Users\Zhifei Chen\Desktop\pysmell\subjects_for_metrics\celery\celery\bin\graph.py,124,4,0,0,0
celery,C:\Users\Zhifei Chen\Desktop\pysmell\subjects_for_metrics\celery\celery\bin\logtool.py,42,2,0,0,0
celery,C:\Users\Zhifei Chen\Desktop\pysmell\subjects_for_metrics\celery\celery\bin\logtool.py,54,9,0,0,0
celery,C:\Users\Zhifei Chen\Desktop\pysmell\subjects_for_metrics\celery\celery\bin\logtool.py,124,10,0,0,0
celery,C:\Users\Zhifei Chen\Desktop\pysmell\subjects_for_metrics\celery\celery\bin\multi.py,166,33,1,0,0
celery,C:\Users\Zhifei Chen\Desktop\pysmell\subjects_for_metrics\celery\celery\bin\multi.py,528,7,0,0,0
celery,C:\Users\Zhifei Chen\Desktop\pysmell\subjects_for_metrics\celery\celery\bin\worker.py,154,10,0,0,0
celery,C:\Users\Zhifei Chen\Desktop\pysmell\subjects_for_metrics\celery\celery\concurrency\asynpool.py,192,2,0,0,0
celery,C:\Users\Zhifei Chen\Desktop\pysmell\subjects_for_metrics\celery\celery\concurrency\asynpool.py,202,8,0,0,0
celery,C:\Users\Zhifei Chen\Desktop\pysmell\subjects_for_metrics\celery\celery\concurrency\asynpool.py,360,37,1,0,1
celery,C:\Users\Zhifei Chen\Desktop\pysmell\subjects_for_metrics\celery\celery\concurrency\base.py,53,36,1,0,0
celery,C:\Users\Zhifei Chen\Desktop\pysmell\subjects_for_metrics\celery\celery\concurrency\eventlet.py,46,7,0,0,0
celery,C:\Users\Zhifei Chen\Desktop\pysmell\subjects_for_metrics\celery\celery\concurrency\eventlet.py,97,12,0,0,0
celery,C:\Users\Zhifei Chen\Desktop\pysmell\subjects_for_metrics\celery\celery\concurrency\gevent.py,38,6,0,0,0
celery,C:\Users\Zhifei Chen\Desktop\pysmell\subjects_for_metrics\celery\celery\concurrency\gevent.py,43,2,0,0,0
celery,C:\Users\Zhifei Chen\Desktop\pysmell\subjects_for_metrics\celery\celery\concurrency\gevent.py,81,12,0,0,0
celery,C:\Users\Zhifei Chen\Desktop\pysmell\subjects_for_metrics\celery\celery\concurrency\prefork.py,94,14,0,0,0
celery,C:\Users\Zhifei Chen\Desktop\pysmell\subjects_for_metrics\celery\celery\concurrency\solo.py,18,4,0,0,0
celery,C:\Users\Zhifei Chen\Desktop\pysmell\subjects_for_metrics\celery\celery\concurrency\threads.py,18,2,0,0,0
celery,C:\Users\Zhifei Chen\Desktop\pysmell\subjects_for_metrics\celery\celery\concurrency\threads.py,24,5,0,0,0
celery,C:\Users\Zhifei Chen\Desktop\pysmell\subjects_for_metrics\celery\celery\contrib\abortable.py,111,3,0,0,0
celery,C:\Users\Zhifei Chen\Desktop\pysmell\subjects_for_metrics\celery\celery\contrib\abortable.py,140,4,0,0,0
celery,C:\Users\Zhifei Chen\Desktop\pysmell\subjects_for_metrics\celery\celery\contrib\batches.py,138,9,0,0,0
celery,C:\Users\Zhifei Chen\Desktop\pysmell\subjects_for_metrics\celery\celery\contrib\batches.py,173,10,0,0,0
celery,C:\Users\Zhifei Chen\Desktop\pysmell\subjects_for_metrics\celery\celery\contrib\migrate.py,35,2,0,0,0
celery,C:\Users\Zhifei Chen\Desktop\pysmell\subjects_for_metrics\celery\celery\contrib\migrate.py,39,6,0,0,0
celery,C:\Users\Zhifei Chen\Desktop\pysmell\subjects_for_metrics\celery\celery\contrib\rdb.py,81,13,0,0,0
celery,C:\Users\Zhifei Chen\Desktop\pysmell\subjects_for_metrics\celery\celery\contrib\sphinx.py,46,6,0,0,0
celery,C:\Users\Zhifei Chen\Desktop\pysmell\subjects_for_metrics\celery\celery\contrib\sphinx.py,67,2,0,0,0
celery,C:\Users\Zhifei Chen\Desktop\pysmell\subjects_for_metrics\celery\celery\events\cursesmon.py,45,46,1,0,1
celery,C:\Users\Zhifei Chen\Desktop\pysmell\subjects_for_metrics\celery\celery\events\cursesmon.py,490,3,0,0,0
celery,C:\Users\Zhifei Chen\Desktop\pysmell\subjects_for_metrics\celery\celery\events\dumper.py,41,5,0,0,0
celery,C:\Users\Zhifei Chen\Desktop\pysmell\subjects_for_metrics\celery\celery\events\snapshot.py,30,17,0,0,0
celery,C:\Users\Zhifei Chen\Desktop\pysmell\subjects_for_metrics\celery\celery\events\state.py,112,23,1,0,0
celery,C:\Users\Zhifei Chen\Desktop\pysmell\subjects_for_metrics\celery\celery\events\state.py,226,38,1,0,1
celery,C:\Users\Zhifei Chen\Desktop\pysmell\subjects_for_metrics\celery\celery\events\state.py,391,29,1,0,0
celery,C:\Users\Zhifei Chen\Desktop\pysmell\subjects_for_metrics\celery\celery\events\__init__.py,80,19,0,0,0
celery,C:\Users\Zhifei Chen\Desktop\pysmell\subjects_for_metrics\celery\celery\events\__init__.py,285,13,0,0,0
celery,C:\Users\Zhifei Chen\Desktop\pysmell\subjects_for_metrics\celery\celery\events\__init__.py,408,6,0,0,0
celery,C:\Users\Zhifei Chen\Desktop\pysmell\subjects_for_metrics\celery\celery\fixups\django.py,49,11,0,0,0
celery,C:\Users\Zhifei Chen\Desktop\pysmell\subjects_for_metrics\celery\celery\fixups\django.py,108,12,0,0,0
celery,C:\Users\Zhifei Chen\Desktop\pysmell\subjects_for_metrics\celery\celery\loaders\app.py,16,2,0,0,0
celery,C:\Users\Zhifei Chen\Desktop\pysmell\subjects_for_metrics\celery\celery\loaders\base.py,44,30,1,0,0
celery,C:\Users\Zhifei Chen\Desktop\pysmell\subjects_for_metrics\celery\celery\loaders\default.py,28,3,0,0,0
celery,C:\Users\Zhifei Chen\Desktop\pysmell\subjects_for_metrics\celery\celery\security\certificate.py,24,7,0,0,0
celery,C:\Users\Zhifei Chen\Desktop\pysmell\subjects_for_metrics\celery\celery\security\certificate.py,55,5,0,0,0
celery,C:\Users\Zhifei Chen\Desktop\pysmell\subjects_for_metrics\celery\celery\security\certificate.py,80,2,0,0,0
celery,C:\Users\Zhifei Chen\Desktop\pysmell\subjects_for_metrics\celery\celery\security\key.py,18,3,0,0,0
celery,C:\Users\Zhifei Chen\Desktop\pysmell\subjects_for_metrics\celery\celery\security\serialization.py,22,6,0,0,0
celery,C:\Users\Zhifei Chen\Desktop\pysmell\subjects_for_metrics\celery\celery\task\base.py,33,5,0,0,0
celery,C:\Users\Zhifei Chen\Desktop\pysmell\subjects_for_metrics\celery\celery\task\base.py,49,4,0,0,0
celery,C:\Users\Zhifei Chen\Desktop\pysmell\subjects_for_metrics\celery\celery\task\base.py,126,27,1,0,0
celery,C:\Users\Zhifei Chen\Desktop\pysmell\subjects_for_metrics\celery\celery\task\base.py,245,8,0,0,0
celery,C:\Users\Zhifei Chen\Desktop\pysmell\subjects_for_metrics\celery\celery\task\http.py,54,1,0,0,0
celery,C:\Users\Zhifei Chen\Desktop\pysmell\subjects_for_metrics\celery\celery\task\http.py,58,1,0,0,0
celery,C:\Users\Zhifei Chen\Desktop\pysmell\subjects_for_metrics\celery\celery\task\http.py,62,1,0,0,0
celery,C:\Users\Zhifei Chen\Desktop\pysmell\subjects_for_metrics\celery\celery\task\http.py,85,4,0,0,0
celery,C:\Users\Zhifei Chen\Desktop\pysmell\subjects_for_metrics\celery\celery\task\http.py,122,7,0,0,0
celery,C:\Users\Zhifei Chen\Desktop\pysmell\subjects_for_metrics\celery\celery\task\http.py,193,5,0,0,0
celery,C:\Users\Zhifei Chen\Desktop\pysmell\subjects_for_metrics\celery\celery\task\sets.py,26,9,0,0,0
celery,C:\Users\Zhifei Chen\Desktop\pysmell\subjects_for_metrics\celery\celery\task\__init__.py,35,2,0,0,0
celery,C:\Users\Zhifei Chen\Desktop\pysmell\subjects_for_metrics\celery\celery\tests\case.py,114,2,0,0,0
celery,C:\Users\Zhifei Chen\Desktop\pysmell\subjects_for_metrics\celery\celery\tests\case.py,120,2,0,0,0
celery,C:\Users\Zhifei Chen\Desktop\pysmell\subjects_for_metrics\celery\celery\tests\case.py,137,2,0,0,0
celery,C:\Users\Zhifei Chen\Desktop\pysmell\subjects_for_metrics\celery\celery\tests\case.py,146,3,0,0,0
celery,C:\Users\Zhifei Chen\Desktop\pysmell\subjects_for_metrics\celery\celery\tests\case.py,184,2,0,0,0
celery,C:\Users\Zhifei Chen\Desktop\pysmell\subjects_for_metrics\celery\celery\tests\case.py,217,2,0,0,0
celery,C:\Users\Zhifei Chen\Desktop\pysmell\subjects_for_metrics\celery\celery\tests\case.py,246,3,0,0,0
celery,C:\Users\Zhifei Chen\Desktop\pysmell\subjects_for_metrics\celery\celery\tests\case.py,310,7,0,0,0
celery,C:\Users\Zhifei Chen\Desktop\pysmell\subjects_for_metrics\celery\celery\tests\case.py,396,13,0,0,0
celery,C:\Users\Zhifei Chen\Desktop\pysmell\subjects_for_metrics\celery\celery\tests\case.py,431,2,0,0,0
celery,C:\Users\Zhifei Chen\Desktop\pysmell\subjects_for_metrics\celery\celery\tests\case.py,751,2,0,0,0
celery,C:\Users\Zhifei Chen\Desktop\pysmell\subjects_for_metrics\celery\celery\tests\app\test_amqp.py,10,2,0,0,0
celery,C:\Users\Zhifei Chen\Desktop\pysmell\subjects_for_metrics\celery\celery\tests\app\test_amqp.py,25,3,0,0,0
celery,C:\Users\Zhifei Chen\Desktop\pysmell\subjects_for_metrics\celery\celery\tests\app\test_amqp.py,68,11,0,0,0
celery,C:\Users\Zhifei Chen\Desktop\pysmell\subjects_for_metrics\celery\celery\tests\app\test_annotations.py,9,2,0,0,0
celery,C:\Users\Zhifei Chen\Desktop\pysmell\subjects_for_metrics\celery\celery\tests\app\test_annotations.py,13,2,0,0,0
celery,C:\Users\Zhifei Chen\Desktop\pysmell\subjects_for_metrics\celery\celery\tests\app\test_annotations.py,27,3,0,0,0
celery,C:\Users\Zhifei Chen\Desktop\pysmell\subjects_for_metrics\celery\celery\tests\app\test_annotations.py,42,4,0,0,0
celery,C:\Users\Zhifei Chen\Desktop\pysmell\subjects_for_metrics\celery\celery\tests\app\test_app.py,41,3,0,0,0
celery,C:\Users\Zhifei Chen\Desktop\pysmell\subjects_for_metrics\celery\celery\tests\app\test_app.py,49,6,0,0,0
celery,C:\Users\Zhifei Chen\Desktop\pysmell\subjects_for_metrics\celery\celery\tests\app\test_app.py,57,2,0,0,0
celery,C:\Users\Zhifei Chen\Desktop\pysmell\subjects_for_metrics\celery\celery\tests\app\test_app.py,69,3,0,0,0
celery,C:\Users\Zhifei Chen\Desktop\pysmell\subjects_for_metrics\celery\celery\tests\app\test_app.py,78,54,1,0,1
celery,C:\Users\Zhifei Chen\Desktop\pysmell\subjects_for_metrics\celery\celery\tests\app\test_app.py,312,3,0,0,0
celery,C:\Users\Zhifei Chen\Desktop\pysmell\subjects_for_metrics\celery\celery\tests\app\test_app.py,392,2,0,0,0
celery,C:\Users\Zhifei Chen\Desktop\pysmell\subjects_for_metrics\celery\celery\tests\app\test_app.py,534,2,0,0,0
celery,C:\Users\Zhifei Chen\Desktop\pysmell\subjects_for_metrics\celery\celery\tests\app\test_app.py,610,3,0,0,0
celery,C:\Users\Zhifei Chen\Desktop\pysmell\subjects_for_metrics\celery\celery\tests\app\test_app.py,661,2,0,0,0
celery,C:\Users\Zhifei Chen\Desktop\pysmell\subjects_for_metrics\celery\celery\tests\app\test_app.py,672,2,0,0,0
celery,C:\Users\Zhifei Chen\Desktop\pysmell\subjects_for_metrics\celery\celery\tests\app\test_app.py,684,5,0,0,0
celery,C:\Users\Zhifei Chen\Desktop\pysmell\subjects_for_metrics\celery\celery\tests\app\test_app.py,710,2,0,0,0
celery,C:\Users\Zhifei Chen\Desktop\pysmell\subjects_for_metrics\celery\celery\tests\app\test_beat.py,15,2,0,0,0
celery,C:\Users\Zhifei Chen\Desktop\pysmell\subjects_for_metrics\celery\celery\tests\app\test_beat.py,19,5,0,0,0
celery,C:\Users\Zhifei Chen\Desktop\pysmell\subjects_for_metrics\celery\celery\tests\app\test_beat.py,30,6,0,0,0
celery,C:\Users\Zhifei Chen\Desktop\pysmell\subjects_for_metrics\celery\celery\tests\app\test_beat.py,44,7,0,0,0
celery,C:\Users\Zhifei Chen\Desktop\pysmell\subjects_for_metrics\celery\celery\tests\app\test_beat.py,104,3,0,0,0
celery,C:\Users\Zhifei Chen\Desktop\pysmell\subjects_for_metrics\celery\celery\tests\app\test_beat.py,118,2,0,0,0
celery,C:\Users\Zhifei Chen\Desktop\pysmell\subjects_for_metrics\celery\celery\tests\app\test_beat.py,124,2,0,0,0
celery,C:\Users\Zhifei Chen\Desktop\pysmell\subjects_for_metrics\celery\celery\tests\app\test_beat.py,130,3,0,0,0
celery,C:\Users\Zhifei Chen\Desktop\pysmell\subjects_for_metrics\celery\celery\tests\app\test_beat.py,146,20,0,0,0
celery,C:\Users\Zhifei Chen\Desktop\pysmell\subjects_for_metrics\celery\celery\tests\app\test_beat.py,338,7,0,0,0
celery,C:\Users\Zhifei Chen\Desktop\pysmell\subjects_for_metrics\celery\celery\tests\app\test_beat.py,355,4,0,0,0
celery,C:\Users\Zhifei Chen\Desktop\pysmell\subjects_for_metrics\celery\celery\tests\app\test_beat.py,412,8,0,0,0
celery,C:\Users\Zhifei Chen\Desktop\pysmell\subjects_for_metrics\celery\celery\tests\app\test_beat.py,471,3,0,0,0
celery,C:\Users\Zhifei Chen\Desktop\pysmell\subjects_for_metrics\celery\celery\tests\app\test_beat.py,486,3,0,0,0
celery,C:\Users\Zhifei Chen\Desktop\pysmell\subjects_for_metrics\celery\celery\tests\app\test_beat.py,515,3,0,0,0
celery,C:\Users\Zhifei Chen\Desktop\pysmell\subjects_for_metrics\celery\celery\tests\app\test_builtins.py,11,2,0,0,0
celery,C:\Users\Zhifei Chen\Desktop\pysmell\subjects_for_metrics\celery\celery\tests\app\test_builtins.py,25,2,0,0,0
celery,C:\Users\Zhifei Chen\Desktop\pysmell\subjects_for_metrics\celery\celery\tests\app\test_builtins.py,35,2,0,0,0
celery,C:\Users\Zhifei Chen\Desktop\pysmell\subjects_for_metrics\celery\celery\tests\app\test_builtins.py,49,2,0,0,0
celery,C:\Users\Zhifei Chen\Desktop\pysmell\subjects_for_metrics\celery\celery\tests\app\test_builtins.py,63,2,0,0,0
celery,C:\Users\Zhifei Chen\Desktop\pysmell\subjects_for_metrics\celery\celery\tests\app\test_builtins.py,78,7,0,0,0
celery,C:\Users\Zhifei Chen\Desktop\pysmell\subjects_for_metrics\celery\celery\tests\app\test_builtins.py,123,5,0,0,0
celery,C:\Users\Zhifei Chen\Desktop\pysmell\subjects_for_metrics\celery\celery\tests\app\test_builtins.py,154,2,0,0,0
celery,C:\Users\Zhifei Chen\Desktop\pysmell\subjects_for_metrics\celery\celery\tests\app\test_builtins.py,180,6,0,0,0
celery,C:\Users\Zhifei Chen\Desktop\pysmell\subjects_for_metrics\celery\celery\tests\app\test_celery.py,7,3,0,0,0
celery,C:\Users\Zhifei Chen\Desktop\pysmell\subjects_for_metrics\celery\celery\tests\app\test_control.py,14,5,0,0,0
celery,C:\Users\Zhifei Chen\Desktop\pysmell\subjects_for_metrics\celery\celery\tests\app\test_control.py,27,2,0,0,0
celery,C:\Users\Zhifei Chen\Desktop\pysmell\subjects_for_metrics\celery\celery\tests\app\test_control.py,43,2,0,0,0
celery,C:\Users\Zhifei Chen\Desktop\pysmell\subjects_for_metrics\celery\celery\tests\app\test_control.py,61,18,0,0,0
celery,C:\Users\Zhifei Chen\Desktop\pysmell\subjects_for_metrics\celery\celery\tests\app\test_control.py,153,19,0,0,0
celery,C:\Users\Zhifei Chen\Desktop\pysmell\subjects_for_metrics\celery\celery\tests\app\test_defaults.py,14,11,0,0,0
celery,C:\Users\Zhifei Chen\Desktop\pysmell\subjects_for_metrics\celery\celery\tests\app\test_exceptions.py,12,3,0,0,0
celery,C:\Users\Zhifei Chen\Desktop\pysmell\subjects_for_metrics\celery\celery\tests\app\test_exceptions.py,23,4,0,0,0
celery,C:\Users\Zhifei Chen\Desktop\pysmell\subjects_for_metrics\celery\celery\tests\app\test_loaders.py,22,2,0,0,0
celery,C:\Users\Zhifei Chen\Desktop\pysmell\subjects_for_metrics\celery\celery\tests\app\test_loaders.py,28,4,0,0,0
celery,C:\Users\Zhifei Chen\Desktop\pysmell\subjects_for_metrics\celery\celery\tests\app\test_loaders.py,45,25,1,0,0
celery,C:\Users\Zhifei Chen\Desktop\pysmell\subjects_for_metrics\celery\celery\tests\app\test_loaders.py,151,7,0,0,0
celery,C:\Users\Zhifei Chen\Desktop\pysmell\subjects_for_metrics\celery\celery\tests\app\test_loaders.py,181,2,0,0,0
celery,C:\Users\Zhifei Chen\Desktop\pysmell\subjects_for_metrics\celery\celery\tests\app\test_loaders.py,224,2,0,0,0
celery,C:\Users\Zhifei Chen\Desktop\pysmell\subjects_for_metrics\celery\celery\tests\app\test_loaders.py,236,3,0,0,0
celery,C:\Users\Zhifei Chen\Desktop\pysmell\subjects_for_metrics\celery\celery\tests\app\test_loaders.py,248,3,0,0,0
celery,C:\Users\Zhifei Chen\Desktop\pysmell\subjects_for_metrics\celery\celery\tests\app\test_log.py,29,2,0,0,0
celery,C:\Users\Zhifei Chen\Desktop\pysmell\subjects_for_metrics\celery\celery\tests\app\test_log.py,32,6,0,0,0
celery,C:\Users\Zhifei Chen\Desktop\pysmell\subjects_for_metrics\celery\celery\tests\app\test_log.py,47,3,0,0,0
celery,C:\Users\Zhifei Chen\Desktop\pysmell\subjects_for_metrics\celery\celery\tests\app\test_log.py,94,6,0,0,0
celery,C:\Users\Zhifei Chen\Desktop\pysmell\subjects_for_metrics\celery\celery\tests\app\test_log.py,138,8,0,0,0
celery,C:\Users\Zhifei Chen\Desktop\pysmell\subjects_for_metrics\celery\celery\tests\app\test_log.py,171,19,0,0,0
celery,C:\Users\Zhifei Chen\Desktop\pysmell\subjects_for_metrics\celery\celery\tests\app\test_log.py,334,5,0,0,0
celery,C:\Users\Zhifei Chen\Desktop\pysmell\subjects_for_metrics\celery\celery\tests\app\test_log.py,361,5,0,0,0
celery,C:\Users\Zhifei Chen\Desktop\pysmell\subjects_for_metrics\celery\celery\tests\app\test_registry.py,11,3,0,0,0
celery,C:\Users\Zhifei Chen\Desktop\pysmell\subjects_for_metrics\celery\celery\tests\app\test_registry.py,25,7,0,0,0
celery,C:\Users\Zhifei Chen\Desktop\pysmell\subjects_for_metrics\celery\celery\tests\app\test_routes.py,28,2,0,0,0
celery,C:\Users\Zhifei Chen\Desktop\pysmell\subjects_for_metrics\celery\celery\tests\app\test_routes.py,53,4,0,0,0
celery,C:\Users\Zhifei Chen\Desktop\pysmell\subjects_for_metrics\celery\celery\tests\app\test_routes.py,83,6,0,0,0
celery,C:\Users\Zhifei Chen\Desktop\pysmell\subjects_for_metrics\celery\celery\tests\app\test_routes.py,142,3,0,0,0
celery,C:\Users\Zhifei Chen\Desktop\pysmell\subjects_for_metrics\celery\celery\tests\app\test_schedules.py,24,20,0,0,0
celery,C:\Users\Zhifei Chen\Desktop\pysmell\subjects_for_metrics\celery\celery\tests\app\test_schedules.py,187,27,1,0,0
celery,C:\Users\Zhifei Chen\Desktop\pysmell\subjects_for_metrics\celery\celery\tests\app\test_schedules.py,371,41,1,0,1
celery,C:\Users\Zhifei Chen\Desktop\pysmell\subjects_for_metrics\celery\celery\tests\app\test_utils.py,10,3,0,0,0
celery,C:\Users\Zhifei Chen\Desktop\pysmell\subjects_for_metrics\celery\celery\tests\app\test_utils.py,23,2,0,0,0
celery,C:\Users\Zhifei Chen\Desktop\pysmell\subjects_for_metrics\celery\celery\tests\app\test_utils.py,39,2,0,0,0
celery,C:\Users\Zhifei Chen\Desktop\pysmell\subjects_for_metrics\celery\celery\tests\backends\test_amqp.py,24,2,0,0,0
celery,C:\Users\Zhifei Chen\Desktop\pysmell\subjects_for_metrics\celery\celery\tests\backends\test_amqp.py,30,32,1,0,0
celery,C:\Users\Zhifei Chen\Desktop\pysmell\subjects_for_metrics\celery\celery\tests\backends\test_amqp.py,136,6,0,0,0
celery,C:\Users\Zhifei Chen\Desktop\pysmell\subjects_for_metrics\celery\celery\tests\backends\test_amqp.py,153,6,0,0,0
celery,C:\Users\Zhifei Chen\Desktop\pysmell\subjects_for_metrics\celery\celery\tests\backends\test_amqp.py,176,2,0,0,0
celery,C:\Users\Zhifei Chen\Desktop\pysmell\subjects_for_metrics\celery\celery\tests\backends\test_amqp.py,263,2,0,0,0
celery,C:\Users\Zhifei Chen\Desktop\pysmell\subjects_for_metrics\celery\celery\tests\backends\test_amqp.py,348,2,0,0,0
celery,C:\Users\Zhifei Chen\Desktop\pysmell\subjects_for_metrics\celery\celery\tests\backends\test_backends.py,9,6,0,0,0
celery,C:\Users\Zhifei Chen\Desktop\pysmell\subjects_for_metrics\celery\celery\tests\backends\test_base.py,29,2,0,0,0
celery,C:\Users\Zhifei Chen\Desktop\pysmell\subjects_for_metrics\celery\celery\tests\backends\test_base.py,43,2,0,0,0
celery,C:\Users\Zhifei Chen\Desktop\pysmell\subjects_for_metrics\celery\celery\tests\backends\test_base.py,51,6,0,0,0
celery,C:\Users\Zhifei Chen\Desktop\pysmell\subjects_for_metrics\celery\celery\tests\backends\test_base.py,76,5,0,0,0
celery,C:\Users\Zhifei Chen\Desktop\pysmell\subjects_for_metrics\celery\celery\tests\backends\test_base.py,95,5,0,0,0
celery,C:\Users\Zhifei Chen\Desktop\pysmell\subjects_for_metrics\celery\celery\tests\backends\test_base.py,127,7,0,0,0
celery,C:\Users\Zhifei Chen\Desktop\pysmell\subjects_for_metrics\celery\celery\tests\backends\test_base.py,150,5,0,0,0
celery,C:\Users\Zhifei Chen\Desktop\pysmell\subjects_for_metrics\celery\celery\tests\backends\test_base.py,168,13,0,0,0
celery,C:\Users\Zhifei Chen\Desktop\pysmell\subjects_for_metrics\celery\celery\tests\backends\test_base.py,251,19,0,0,0
celery,C:\Users\Zhifei Chen\Desktop\pysmell\subjects_for_metrics\celery\celery\tests\backends\test_base.py,419,8,0,0,0
celery,C:\Users\Zhifei Chen\Desktop\pysmell\subjects_for_metrics\celery\celery\tests\backends\test_base.py,449,3,0,0,0
celery,C:\Users\Zhifei Chen\Desktop\pysmell\subjects_for_metrics\celery\celery\tests\backends\test_cache.py,25,2,0,0,0
celery,C:\Users\Zhifei Chen\Desktop\pysmell\subjects_for_metrics\celery\celery\tests\backends\test_cache.py,31,13,0,0,0
celery,C:\Users\Zhifei Chen\Desktop\pysmell\subjects_for_metrics\celery\celery\tests\backends\test_cache.py,122,2,0,0,0
celery,C:\Users\Zhifei Chen\Desktop\pysmell\subjects_for_metrics\celery\celery\tests\backends\test_cache.py,126,2,0,0,0
celery,C:\Users\Zhifei Chen\Desktop\pysmell\subjects_for_metrics\celery\celery\tests\backends\test_cache.py,141,3,0,0,0
celery,C:\Users\Zhifei Chen\Desktop\pysmell\subjects_for_metrics\celery\celery\tests\backends\test_cache.py,169,6,0,0,0
celery,C:\Users\Zhifei Chen\Desktop\pysmell\subjects_for_metrics\celery\celery\tests\backends\test_cache.py,212,5,0,0,0
celery,C:\Users\Zhifei Chen\Desktop\pysmell\subjects_for_metrics\celery\celery\tests\backends\test_cassandra.py,14,2,0,0,0
celery,C:\Users\Zhifei Chen\Desktop\pysmell\subjects_for_metrics\celery\celery\tests\backends\test_cassandra.py,21,2,0,0,0
celery,C:\Users\Zhifei Chen\Desktop\pysmell\subjects_for_metrics\celery\celery\tests\backends\test_cassandra.py,24,2,0,0,0
celery,C:\Users\Zhifei Chen\Desktop\pysmell\subjects_for_metrics\celery\celery\tests\backends\test_cassandra.py,27,2,0,0,0
celery,C:\Users\Zhifei Chen\Desktop\pysmell\subjects_for_metrics\celery\celery\tests\backends\test_cassandra.py,30,2,0,0,0
celery,C:\Users\Zhifei Chen\Desktop\pysmell\subjects_for_metrics\celery\celery\tests\backends\test_cassandra.py,33,2,0,0,0
celery,C:\Users\Zhifei Chen\Desktop\pysmell\subjects_for_metrics\celery\celery\tests\backends\test_cassandra.py,36,2,0,0,0
celery,C:\Users\Zhifei Chen\Desktop\pysmell\subjects_for_metrics\celery\celery\tests\backends\test_cassandra.py,47,9,0,0,0
celery,C:\Users\Zhifei Chen\Desktop\pysmell\subjects_for_metrics\celery\celery\tests\backends\test_couchbase.py,23,13,0,0,0
celery,C:\Users\Zhifei Chen\Desktop\pysmell\subjects_for_metrics\celery\celery\tests\backends\test_couchdb.py,19,8,0,0,0
celery,C:\Users\Zhifei Chen\Desktop\pysmell\subjects_for_metrics\celery\celery\tests\backends\test_database.py,28,2,0,0,0
celery,C:\Users\Zhifei Chen\Desktop\pysmell\subjects_for_metrics\celery\celery\tests\backends\test_database.py,34,19,0,0,0
celery,C:\Users\Zhifei Chen\Desktop\pysmell\subjects_for_metrics\celery\celery\tests\backends\test_mongodb.py,28,24,1,0,0
celery,C:\Users\Zhifei Chen\Desktop\pysmell\subjects_for_metrics\celery\celery\tests\backends\test_new_cassandra.py,15,2,0,0,0
celery,C:\Users\Zhifei Chen\Desktop\pysmell\subjects_for_metrics\celery\celery\tests\backends\test_new_cassandra.py,19,8,0,0,0
celery,C:\Users\Zhifei Chen\Desktop\pysmell\subjects_for_metrics\celery\celery\tests\backends\test_redis.py,20,3,0,0,0
celery,C:\Users\Zhifei Chen\Desktop\pysmell\subjects_for_metrics\celery\celery\tests\backends\test_redis.py,27,6,0,0,0
celery,C:\Users\Zhifei Chen\Desktop\pysmell\subjects_for_metrics\celery\celery\tests\backends\test_redis.py,50,14,0,0,0
celery,C:\Users\Zhifei Chen\Desktop\pysmell\subjects_for_metrics\celery\celery\tests\backends\test_redis.py,100,4,0,0,0
celery,C:\Users\Zhifei Chen\Desktop\pysmell\subjects_for_metrics\celery\celery\tests\backends\test_redis.py,103,2,0,0,0
celery,C:\Users\Zhifei Chen\Desktop\pysmell\subjects_for_metrics\celery\celery\tests\backends\test_redis.py,108,2,0,0,0
celery,C:\Users\Zhifei Chen\Desktop\pysmell\subjects_for_metrics\celery\celery\tests\backends\test_redis.py,114,23,1,0,0
celery,C:\Users\Zhifei Chen\Desktop\pysmell\subjects_for_metrics\celery\celery\tests\backends\test_redis.py,119,2,0,0,0
celery,C:\Users\Zhifei Chen\Desktop\pysmell\subjects_for_metrics\celery\celery\tests\backends\test_riak.py,16,14,0,0,0
celery,C:\Users\Zhifei Chen\Desktop\pysmell\subjects_for_metrics\celery\celery\tests\backends\test_rpc.py,9,10,0,0,0
celery,C:\Users\Zhifei Chen\Desktop\pysmell\subjects_for_metrics\celery\celery\tests\bin\test_amqp.py,14,27,1,0,0
celery,C:\Users\Zhifei Chen\Desktop\pysmell\subjects_for_metrics\celery\celery\tests\bin\test_base.py,16,2,0,0,0
celery,C:\Users\Zhifei Chen\Desktop\pysmell\subjects_for_metrics\celery\celery\tests\bin\test_base.py,20,2,0,0,0
celery,C:\Users\Zhifei Chen\Desktop\pysmell\subjects_for_metrics\celery\celery\tests\bin\test_base.py,26,4,0,0,0
celery,C:\Users\Zhifei Chen\Desktop\pysmell\subjects_for_metrics\celery\celery\tests\bin\test_base.py,39,2,0,0,0
celery,C:\Users\Zhifei Chen\Desktop\pysmell\subjects_for_metrics\celery\celery\tests\bin\test_base.py,68,3,0,0,0
celery,C:\Users\Zhifei Chen\Desktop\pysmell\subjects_for_metrics\celery\celery\tests\bin\test_base.py,80,29,1,0,0
celery,C:\Users\Zhifei Chen\Desktop\pysmell\subjects_for_metrics\celery\celery\tests\bin\test_base.py,89,2,0,0,0
celery,C:\Users\Zhifei Chen\Desktop\pysmell\subjects_for_metrics\celery\celery\tests\bin\test_beat.py,17,3,0,0,0
celery,C:\Users\Zhifei Chen\Desktop\pysmell\subjects_for_metrics\celery\celery\tests\bin\test_beat.py,25,6,0,0,0
celery,C:\Users\Zhifei Chen\Desktop\pysmell\subjects_for_metrics\celery\celery\tests\bin\test_beat.py,37,3,0,0,0
celery,C:\Users\Zhifei Chen\Desktop\pysmell\subjects_for_metrics\celery\celery\tests\bin\test_beat.py,44,3,0,0,0
celery,C:\Users\Zhifei Chen\Desktop\pysmell\subjects_for_metrics\celery\celery\tests\bin\test_beat.py,51,3,0,0,0
celery,C:\Users\Zhifei Chen\Desktop\pysmell\subjects_for_metrics\celery\celery\tests\bin\test_beat.py,58,11,0,0,0
celery,C:\Users\Zhifei Chen\Desktop\pysmell\subjects_for_metrics\celery\celery\tests\bin\test_beat.py,94,2,0,0,0
celery,C:\Users\Zhifei Chen\Desktop\pysmell\subjects_for_metrics\celery\celery\tests\bin\test_beat.py,149,8,0,0,0
celery,C:\Users\Zhifei Chen\Desktop\pysmell\subjects_for_metrics\celery\celery\tests\bin\test_beat.py,166,6,0,0,0
celery,C:\Users\Zhifei Chen\Desktop\pysmell\subjects_for_metrics\celery\celery\tests\bin\test_celery.py,37,6,0,0,0
celery,C:\Users\Zhifei Chen\Desktop\pysmell\subjects_for_metrics\celery\celery\tests\bin\test_celery.py,80,10,0,0,0
celery,C:\Users\Zhifei Chen\Desktop\pysmell\subjects_for_metrics\celery\celery\tests\bin\test_celery.py,139,3,0,0,0
celery,C:\Users\Zhifei Chen\Desktop\pysmell\subjects_for_metrics\celery\celery\tests\bin\test_celery.py,159,3,0,0,0
celery,C:\Users\Zhifei Chen\Desktop\pysmell\subjects_for_metrics\celery\celery\tests\bin\test_celery.py,192,2,0,0,0
celery,C:\Users\Zhifei Chen\Desktop\pysmell\subjects_for_metrics\celery\celery\tests\bin\test_celery.py,207,3,0,0,0
celery,C:\Users\Zhifei Chen\Desktop\pysmell\subjects_for_metrics\celery\celery\tests\bin\test_celery.py,233,2,0,0,0
celery,C:\Users\Zhifei Chen\Desktop\pysmell\subjects_for_metrics\celery\celery\tests\bin\test_celery.py,250,2,0,0,0
celery,C:\Users\Zhifei Chen\Desktop\pysmell\subjects_for_metrics\celery\celery\tests\bin\test_celery.py,270,2,0,0,0
celery,C:\Users\Zhifei Chen\Desktop\pysmell\subjects_for_metrics\celery\celery\tests\bin\test_celery.py,279,2,0,0,0
celery,C:\Users\Zhifei Chen\Desktop\pysmell\subjects_for_metrics\celery\celery\tests\bin\test_celery.py,291,10,0,0,0
celery,C:\Users\Zhifei Chen\Desktop\pysmell\subjects_for_metrics\celery\celery\tests\bin\test_celery.py,410,2,0,0,0
celery,C:\Users\Zhifei Chen\Desktop\pysmell\subjects_for_metrics\celery\celery\tests\bin\test_celery.py,417,8,0,0,0
celery,C:\Users\Zhifei Chen\Desktop\pysmell\subjects_for_metrics\celery\celery\tests\bin\test_celery.py,496,10,0,0,0
celery,C:\Users\Zhifei Chen\Desktop\pysmell\subjects_for_metrics\celery\celery\tests\bin\test_celery.py,552,3,0,0,0
celery,C:\Users\Zhifei Chen\Desktop\pysmell\subjects_for_metrics\celery\celery\tests\bin\test_celery.py,566,3,0,0,0
celery,C:\Users\Zhifei Chen\Desktop\pysmell\subjects_for_metrics\celery\celery\tests\bin\test_celery.py,582,2,0,0,0
celery,C:\Users\Zhifei Chen\Desktop\pysmell\subjects_for_metrics\celery\celery\tests\bin\test_celeryd_detach.py,14,2,0,0,0
celery,C:\Users\Zhifei Chen\Desktop\pysmell\subjects_for_metrics\celery\celery\tests\bin\test_celeryd_detach.py,42,2,0,0,0
celery,C:\Users\Zhifei Chen\Desktop\pysmell\subjects_for_metrics\celery\celery\tests\bin\test_celeryd_detach.py,67,7,0,0,0
celery,C:\Users\Zhifei Chen\Desktop\pysmell\subjects_for_metrics\celery\celery\tests\bin\test_celeryevdump.py,14,7,0,0,0
celery,C:\Users\Zhifei Chen\Desktop\pysmell\subjects_for_metrics\celery\celery\tests\bin\test_events.py,8,3,0,0,0
celery,C:\Users\Zhifei Chen\Desktop\pysmell\subjects_for_metrics\celery\celery\tests\bin\test_events.py,20,8,0,0,0
celery,C:\Users\Zhifei Chen\Desktop\pysmell\subjects_for_metrics\celery\celery\tests\bin\test_multi.py,22,5,0,0,0
celery,C:\Users\Zhifei Chen\Desktop\pysmell\subjects_for_metrics\celery\celery\tests\bin\test_multi.py,49,2,0,0,0
celery,C:\Users\Zhifei Chen\Desktop\pysmell\subjects_for_metrics\celery\celery\tests\bin\test_multi.py,68,2,0,0,0
celery,C:\Users\Zhifei Chen\Desktop\pysmell\subjects_for_metrics\celery\celery\tests\bin\test_multi.py,152,28,1,0,0
celery,C:\Users\Zhifei Chen\Desktop\pysmell\subjects_for_metrics\celery\celery\tests\bin\test_multi.py,282,3,0,0,0
celery,C:\Users\Zhifei Chen\Desktop\pysmell\subjects_for_metrics\celery\celery\tests\bin\test_worker.py,34,2,0,0,0
celery,C:\Users\Zhifei Chen\Desktop\pysmell\subjects_for_metrics\celery\celery\tests\bin\test_worker.py,60,3,0,0,0
celery,C:\Users\Zhifei Chen\Desktop\pysmell\subjects_for_metrics\celery\celery\tests\bin\test_worker.py,67,30,1,0,0
celery,C:\Users\Zhifei Chen\Desktop\pysmell\subjects_for_metrics\celery\celery\tests\bin\test_worker.py,150,2,0,0,0
celery,C:\Users\Zhifei Chen\Desktop\pysmell\subjects_for_metrics\celery\celery\tests\bin\test_worker.py,358,3,0,0,0
celery,C:\Users\Zhifei Chen\Desktop\pysmell\subjects_for_metrics\celery\celery\tests\bin\test_worker.py,369,2,0,0,0
celery,C:\Users\Zhifei Chen\Desktop\pysmell\subjects_for_metrics\celery\celery\tests\bin\test_worker.py,391,2,0,0,0
celery,C:\Users\Zhifei Chen\Desktop\pysmell\subjects_for_metrics\celery\celery\tests\bin\test_worker.py,416,5,0,0,0
celery,C:\Users\Zhifei Chen\Desktop\pysmell\subjects_for_metrics\celery\celery\tests\bin\test_worker.py,466,14,0,0,0
celery,C:\Users\Zhifei Chen\Desktop\pysmell\subjects_for_metrics\celery\celery\tests\bin\test_worker.py,468,5,0,0,0
celery,C:\Users\Zhifei Chen\Desktop\pysmell\subjects_for_metrics\celery\celery\tests\bin\test_worker.py,481,2,0,0,0
celery,C:\Users\Zhifei Chen\Desktop\pysmell\subjects_for_metrics\celery\celery\tests\bin\test_worker.py,500,2,0,0,0
celery,C:\Users\Zhifei Chen\Desktop\pysmell\subjects_for_metrics\celery\celery\tests\compat_modules\test_compat.py,14,9,0,0,0
celery,C:\Users\Zhifei Chen\Desktop\pysmell\subjects_for_metrics\celery\celery\tests\compat_modules\test_compat_utils.py,11,10,0,0,0
celery,C:\Users\Zhifei Chen\Desktop\pysmell\subjects_for_metrics\celery\celery\tests\compat_modules\test_compat_utils.py,23,2,0,0,0
celery,C:\Users\Zhifei Chen\Desktop\pysmell\subjects_for_metrics\celery\celery\tests\compat_modules\test_decorators.py,14,7,0,0,0
celery,C:\Users\Zhifei Chen\Desktop\pysmell\subjects_for_metrics\celery\celery\tests\compat_modules\test_http.py,53,2,0,0,0
celery,C:\Users\Zhifei Chen\Desktop\pysmell\subjects_for_metrics\celery\celery\tests\compat_modules\test_http.py,65,5,0,0,0
celery,C:\Users\Zhifei Chen\Desktop\pysmell\subjects_for_metrics\celery\celery\tests\compat_modules\test_http.py,99,7,0,0,0
celery,C:\Users\Zhifei Chen\Desktop\pysmell\subjects_for_metrics\celery\celery\tests\compat_modules\test_http.py,142,3,0,0,0
celery,C:\Users\Zhifei Chen\Desktop\pysmell\subjects_for_metrics\celery\celery\tests\compat_modules\test_messaging.py,7,3,0,0,0
celery,C:\Users\Zhifei Chen\Desktop\pysmell\subjects_for_metrics\celery\celery\tests\compat_modules\test_sets.py,16,2,0,0,0
celery,C:\Users\Zhifei Chen\Desktop\pysmell\subjects_for_metrics\celery\celery\tests\compat_modules\test_sets.py,25,6,0,0,0
celery,C:\Users\Zhifei Chen\Desktop\pysmell\subjects_for_metrics\celery\celery\tests\compat_modules\test_sets.py,42,6,0,0,0
celery,C:\Users\Zhifei Chen\Desktop\pysmell\subjects_for_metrics\celery\celery\tests\compat_modules\test_sets.py,67,2,0,0,0
celery,C:\Users\Zhifei Chen\Desktop\pysmell\subjects_for_metrics\celery\celery\tests\compat_modules\test_sets.py,76,10,0,0,0
celery,C:\Users\Zhifei Chen\Desktop\pysmell\subjects_for_metrics\celery\celery\tests\compat_modules\test_sets.py,153,8,0,0,0
celery,C:\Users\Zhifei Chen\Desktop\pysmell\subjects_for_metrics\celery\celery\tests\compat_modules\test_sets.py,163,3,0,0,0
celery,C:\Users\Zhifei Chen\Desktop\pysmell\subjects_for_metrics\celery\celery\tests\compat_modules\test_sets.py,186,2,0,0,0
celery,C:\Users\Zhifei Chen\Desktop\pysmell\subjects_for_metrics\celery\celery\tests\compat_modules\test_sets.py,196,2,0,0,0
celery,C:\Users\Zhifei Chen\Desktop\pysmell\subjects_for_metrics\celery\celery\tests\compat_modules\test_sets.py,222,2,0,0,0
celery,C:\Users\Zhifei Chen\Desktop\pysmell\subjects_for_metrics\celery\celery\tests\concurrency\test_concurrency.py,11,18,0,0,0
celery,C:\Users\Zhifei Chen\Desktop\pysmell\subjects_for_metrics\celery\celery\tests\concurrency\test_eventlet.py,17,3,0,0,0
celery,C:\Users\Zhifei Chen\Desktop\pysmell\subjects_for_metrics\celery\celery\tests\concurrency\test_eventlet.py,38,2,0,0,0
celery,C:\Users\Zhifei Chen\Desktop\pysmell\subjects_for_metrics\celery\celery\tests\concurrency\test_eventlet.py,56,2,0,0,0
celery,C:\Users\Zhifei Chen\Desktop\pysmell\subjects_for_metrics\celery\celery\tests\concurrency\test_eventlet.py,82,3,0,0,0
celery,C:\Users\Zhifei Chen\Desktop\pysmell\subjects_for_metrics\celery\celery\tests\concurrency\test_gevent.py,22,2,0,0,0
celery,C:\Users\Zhifei Chen\Desktop\pysmell\subjects_for_metrics\celery\celery\tests\concurrency\test_gevent.py,33,2,0,0,0
celery,C:\Users\Zhifei Chen\Desktop\pysmell\subjects_for_metrics\celery\celery\tests\concurrency\test_gevent.py,45,2,0,0,0
celery,C:\Users\Zhifei Chen\Desktop\pysmell\subjects_for_metrics\celery\celery\tests\concurrency\test_gevent.py,75,2,0,0,0
celery,C:\Users\Zhifei Chen\Desktop\pysmell\subjects_for_metrics\celery\celery\tests\concurrency\test_gevent.py,102,2,0,0,0
celery,C:\Users\Zhifei Chen\Desktop\pysmell\subjects_for_metrics\celery\celery\tests\concurrency\test_gevent.py,106,5,0,0,0
celery,C:\Users\Zhifei Chen\Desktop\pysmell\subjects_for_metrics\celery\celery\tests\concurrency\test_pool.py,26,4,0,0,0
celery,C:\Users\Zhifei Chen\Desktop\pysmell\subjects_for_metrics\celery\celery\tests\concurrency\test_prefork.py,38,2,0,0,0
celery,C:\Users\Zhifei Chen\Desktop\pysmell\subjects_for_metrics\celery\celery\tests\concurrency\test_prefork.py,44,4,0,0,0
celery,C:\Users\Zhifei Chen\Desktop\pysmell\subjects_for_metrics\celery\celery\tests\concurrency\test_prefork.py,57,18,0,0,0
celery,C:\Users\Zhifei Chen\Desktop\pysmell\subjects_for_metrics\celery\celery\tests\concurrency\test_prefork.py,110,2,0,0,0
celery,C:\Users\Zhifei Chen\Desktop\pysmell\subjects_for_metrics\celery\celery\tests\concurrency\test_prefork.py,119,2,0,0,0
celery,C:\Users\Zhifei Chen\Desktop\pysmell\subjects_for_metrics\celery\celery\tests\concurrency\test_prefork.py,123,2,0,0,0
celery,C:\Users\Zhifei Chen\Desktop\pysmell\subjects_for_metrics\celery\celery\tests\concurrency\test_prefork.py,127,2,0,0,0
celery,C:\Users\Zhifei Chen\Desktop\pysmell\subjects_for_metrics\celery\celery\tests\concurrency\test_prefork.py,136,5,0,0,0
celery,C:\Users\Zhifei Chen\Desktop\pysmell\subjects_for_metrics\celery\celery\tests\concurrency\test_prefork.py,241,2,0,0,0
celery,C:\Users\Zhifei Chen\Desktop\pysmell\subjects_for_metrics\celery\celery\tests\concurrency\test_prefork.py,267,7,0,0,0
celery,C:\Users\Zhifei Chen\Desktop\pysmell\subjects_for_metrics\celery\celery\tests\concurrency\test_prefork.py,305,6,0,0,0
celery,C:\Users\Zhifei Chen\Desktop\pysmell\subjects_for_metrics\celery\celery\tests\concurrency\test_solo.py,10,4,0,0,0
celery,C:\Users\Zhifei Chen\Desktop\pysmell\subjects_for_metrics\celery\celery\tests\concurrency\test_threads.py,8,2,0,0,0
celery,C:\Users\Zhifei Chen\Desktop\pysmell\subjects_for_metrics\celery\celery\tests\concurrency\test_threads.py,17,6,0,0,0
celery,C:\Users\Zhifei Chen\Desktop\pysmell\subjects_for_metrics\celery\celery\tests\contrib\test_abortable.py,7,6,0,0,0
celery,C:\Users\Zhifei Chen\Desktop\pysmell\subjects_for_metrics\celery\celery\tests\contrib\test_migrate.py,55,3,0,0,0
celery,C:\Users\Zhifei Chen\Desktop\pysmell\subjects_for_metrics\celery\celery\tests\contrib\test_migrate.py,70,7,0,0,0
celery,C:\Users\Zhifei Chen\Desktop\pysmell\subjects_for_metrics\celery\celery\tests\contrib\test_migrate.py,130,2,0,0,0
celery,C:\Users\Zhifei Chen\Desktop\pysmell\subjects_for_metrics\celery\celery\tests\contrib\test_migrate.py,181,2,0,0,0
celery,C:\Users\Zhifei Chen\Desktop\pysmell\subjects_for_metrics\celery\celery\tests\contrib\test_migrate.py,196,9,0,0,0
celery,C:\Users\Zhifei Chen\Desktop\pysmell\subjects_for_metrics\celery\celery\tests\contrib\test_migrate.py,246,2,0,0,0
celery,C:\Users\Zhifei Chen\Desktop\pysmell\subjects_for_metrics\celery\celery\tests\contrib\test_migrate.py,263,2,0,0,0
celery,C:\Users\Zhifei Chen\Desktop\pysmell\subjects_for_metrics\celery\celery\tests\contrib\test_rdb.py,14,2,0,0,0
celery,C:\Users\Zhifei Chen\Desktop\pysmell\subjects_for_metrics\celery\celery\tests\contrib\test_rdb.py,18,5,0,0,0
celery,C:\Users\Zhifei Chen\Desktop\pysmell\subjects_for_metrics\celery\celery\tests\events\test_cursesmon.py,6,2,0,0,0
celery,C:\Users\Zhifei Chen\Desktop\pysmell\subjects_for_metrics\celery\celery\tests\events\test_cursesmon.py,12,6,0,0,0
celery,C:\Users\Zhifei Chen\Desktop\pysmell\subjects_for_metrics\celery\celery\tests\events\test_events.py,9,6,0,0,0
celery,C:\Users\Zhifei Chen\Desktop\pysmell\subjects_for_metrics\celery\celery\tests\events\test_events.py,30,2,0,0,0
celery,C:\Users\Zhifei Chen\Desktop\pysmell\subjects_for_metrics\celery\celery\tests\events\test_events.py,38,9,0,0,0
celery,C:\Users\Zhifei Chen\Desktop\pysmell\subjects_for_metrics\celery\celery\tests\events\test_events.py,156,6,0,0,0
celery,C:\Users\Zhifei Chen\Desktop\pysmell\subjects_for_metrics\celery\celery\tests\events\test_events.py,249,3,0,0,0
celery,C:\Users\Zhifei Chen\Desktop\pysmell\subjects_for_metrics\celery\celery\tests\events\test_snapshot.py,8,5,0,0,0
celery,C:\Users\Zhifei Chen\Desktop\pysmell\subjects_for_metrics\celery\celery\tests\events\test_snapshot.py,19,3,0,0,0
celery,C:\Users\Zhifei Chen\Desktop\pysmell\subjects_for_metrics\celery\celery\tests\events\test_snapshot.py,28,7,0,0,0
celery,C:\Users\Zhifei Chen\Desktop\pysmell\subjects_for_metrics\celery\celery\tests\events\test_snapshot.py,98,6,0,0,0
celery,C:\Users\Zhifei Chen\Desktop\pysmell\subjects_for_metrics\celery\celery\tests\events\test_snapshot.py,100,3,0,0,0
celery,C:\Users\Zhifei Chen\Desktop\pysmell\subjects_for_metrics\celery\celery\tests\events\test_snapshot.py,107,2,0,0,0
celery,C:\Users\Zhifei Chen\Desktop\pysmell\subjects_for_metrics\celery\celery\tests\events\test_state.py,33,9,0,0,0
celery,C:\Users\Zhifei Chen\Desktop\pysmell\subjects_for_metrics\celery\celery\tests\events\test_state.py,72,2,0,0,0
celery,C:\Users\Zhifei Chen\Desktop\pysmell\subjects_for_metrics\celery\celery\tests\events\test_state.py,81,2,0,0,0
celery,C:\Users\Zhifei Chen\Desktop\pysmell\subjects_for_metrics\celery\celery\tests\events\test_state.py,91,2,0,0,0
celery,C:\Users\Zhifei Chen\Desktop\pysmell\subjects_for_metrics\celery\celery\tests\events\test_state.py,116,5,0,0,0
celery,C:\Users\Zhifei Chen\Desktop\pysmell\subjects_for_metrics\celery\celery\tests\events\test_state.py,152,2,0,0,0
celery,C:\Users\Zhifei Chen\Desktop\pysmell\subjects_for_metrics\celery\celery\tests\events\test_state.py,167,7,0,0,0
celery,C:\Users\Zhifei Chen\Desktop\pysmell\subjects_for_metrics\celery\celery\tests\events\test_state.py,220,7,0,0,0
celery,C:\Users\Zhifei Chen\Desktop\pysmell\subjects_for_metrics\celery\celery\tests\events\test_state.py,295,25,1,0,0
celery,C:\Users\Zhifei Chen\Desktop\pysmell\subjects_for_metrics\celery\celery\tests\fixups\test_django.py,19,3,0,0,0
celery,C:\Users\Zhifei Chen\Desktop\pysmell\subjects_for_metrics\celery\celery\tests\fixups\test_django.py,31,9,0,0,0
celery,C:\Users\Zhifei Chen\Desktop\pysmell\subjects_for_metrics\celery\celery\tests\fixups\test_django.py,99,15,0,0,0
celery,C:\Users\Zhifei Chen\Desktop\pysmell\subjects_for_metrics\celery\celery\tests\fixups\test_django.py,224,2,0,0,0
celery,C:\Users\Zhifei Chen\Desktop\pysmell\subjects_for_metrics\celery\celery\tests\functional\case.py,38,13,0,0,0
celery,C:\Users\Zhifei Chen\Desktop\pysmell\subjects_for_metrics\celery\celery\tests\functional\case.py,113,15,0,0,0
celery,C:\Users\Zhifei Chen\Desktop\pysmell\subjects_for_metrics\celery\celery\tests\security\case.py,8,2,0,0,0
celery,C:\Users\Zhifei Chen\Desktop\pysmell\subjects_for_metrics\celery\celery\tests\security\test_certificate.py,12,4,0,0,0
celery,C:\Users\Zhifei Chen\Desktop\pysmell\subjects_for_metrics\celery\celery\tests\security\test_certificate.py,30,3,0,0,0
celery,C:\Users\Zhifei Chen\Desktop\pysmell\subjects_for_metrics\celery\celery\tests\security\test_certificate.py,50,2,0,0,0
celery,C:\Users\Zhifei Chen\Desktop\pysmell\subjects_for_metrics\celery\celery\tests\security\test_key.py,10,4,0,0,0
celery,C:\Users\Zhifei Chen\Desktop\pysmell\subjects_for_metrics\celery\celery\tests\security\test_security.py,31,7,0,0,0
celery,C:\Users\Zhifei Chen\Desktop\pysmell\subjects_for_metrics\celery\celery\tests\security\test_serialization.py,17,10,0,0,0
celery,C:\Users\Zhifei Chen\Desktop\pysmell\subjects_for_metrics\celery\celery\tests\tasks\test_canvas.py,26,2,0,0,0
celery,C:\Users\Zhifei Chen\Desktop\pysmell\subjects_for_metrics\celery\celery\tests\tasks\test_canvas.py,46,16,0,0,0
celery,C:\Users\Zhifei Chen\Desktop\pysmell\subjects_for_metrics\celery\celery\tests\tasks\test_canvas.py,163,2,0,0,0
celery,C:\Users\Zhifei Chen\Desktop\pysmell\subjects_for_metrics\celery\celery\tests\tasks\test_canvas.py,181,2,0,0,0
celery,C:\Users\Zhifei Chen\Desktop\pysmell\subjects_for_metrics\celery\celery\tests\tasks\test_canvas.py,205,10,0,0,0
celery,C:\Users\Zhifei Chen\Desktop\pysmell\subjects_for_metrics\celery\celery\tests\tasks\test_canvas.py,259,8,0,0,0
celery,C:\Users\Zhifei Chen\Desktop\pysmell\subjects_for_metrics\celery\celery\tests\tasks\test_canvas.py,300,5,0,0,0
celery,C:\Users\Zhifei Chen\Desktop\pysmell\subjects_for_metrics\celery\celery\tests\tasks\test_canvas.py,335,4,0,0,0
celery,C:\Users\Zhifei Chen\Desktop\pysmell\subjects_for_metrics\celery\celery\tests\tasks\test_chord.py,18,2,0,0,0
celery,C:\Users\Zhifei Chen\Desktop\pysmell\subjects_for_metrics\celery\celery\tests\tasks\test_chord.py,28,7,0,0,0
celery,C:\Users\Zhifei Chen\Desktop\pysmell\subjects_for_metrics\celery\celery\tests\tasks\test_chord.py,49,2,0,0,0
celery,C:\Users\Zhifei Chen\Desktop\pysmell\subjects_for_metrics\celery\celery\tests\tasks\test_chord.py,67,8,0,0,0
celery,C:\Users\Zhifei Chen\Desktop\pysmell\subjects_for_metrics\celery\celery\tests\tasks\test_chord.py,71,3,0,0,0
celery,C:\Users\Zhifei Chen\Desktop\pysmell\subjects_for_metrics\celery\celery\tests\tasks\test_chord.py,84,3,0,0,0
celery,C:\Users\Zhifei Chen\Desktop\pysmell\subjects_for_metrics\celery\celery\tests\tasks\test_chord.py,102,3,0,0,0
celery,C:\Users\Zhifei Chen\Desktop\pysmell\subjects_for_metrics\celery\celery\tests\tasks\test_chord.py,120,3,0,0,0
celery,C:\Users\Zhifei Chen\Desktop\pysmell\subjects_for_metrics\celery\celery\tests\tasks\test_chord.py,171,2,0,0,0
celery,C:\Users\Zhifei Chen\Desktop\pysmell\subjects_for_metrics\celery\celery\tests\tasks\test_chord.py,184,3,0,0,0
celery,C:\Users\Zhifei Chen\Desktop\pysmell\subjects_for_metrics\celery\celery\tests\tasks\test_chord.py,224,3,0,0,0
celery,C:\Users\Zhifei Chen\Desktop\pysmell\subjects_for_metrics\celery\celery\tests\tasks\test_chord.py,275,2,0,0,0
celery,C:\Users\Zhifei Chen\Desktop\pysmell\subjects_for_metrics\celery\celery\tests\tasks\test_context.py,23,6,0,0,0
celery,C:\Users\Zhifei Chen\Desktop\pysmell\subjects_for_metrics\celery\celery\tests\tasks\test_result.py,44,19,0,0,0
celery,C:\Users\Zhifei Chen\Desktop\pysmell\subjects_for_metrics\celery\celery\tests\tasks\test_result.py,261,11,0,0,0
celery,C:\Users\Zhifei Chen\Desktop\pysmell\subjects_for_metrics\celery\celery\tests\tasks\test_result.py,367,4,0,0,0
celery,C:\Users\Zhifei Chen\Desktop\pysmell\subjects_for_metrics\celery\celery\tests\tasks\test_result.py,383,6,0,0,0
celery,C:\Users\Zhifei Chen\Desktop\pysmell\subjects_for_metrics\celery\celery\tests\tasks\test_result.py,401,4,0,0,0
celery,C:\Users\Zhifei Chen\Desktop\pysmell\subjects_for_metrics\celery\celery\tests\tasks\test_result.py,412,6,0,0,0
celery,C:\Users\Zhifei Chen\Desktop\pysmell\subjects_for_metrics\celery\celery\tests\tasks\test_result.py,437,28,1,0,0
celery,C:\Users\Zhifei Chen\Desktop\pysmell\subjects_for_metrics\celery\celery\tests\tasks\test_result.py,609,3,0,0,0
celery,C:\Users\Zhifei Chen\Desktop\pysmell\subjects_for_metrics\celery\celery\tests\tasks\test_result.py,618,7,0,0,0
celery,C:\Users\Zhifei Chen\Desktop\pysmell\subjects_for_metrics\celery\celery\tests\tasks\test_result.py,653,7,0,0,0
celery,C:\Users\Zhifei Chen\Desktop\pysmell\subjects_for_metrics\celery\celery\tests\tasks\test_result.py,678,6,0,0,0
celery,C:\Users\Zhifei Chen\Desktop\pysmell\subjects_for_metrics\celery\celery\tests\tasks\test_result.py,708,5,0,0,0
celery,C:\Users\Zhifei Chen\Desktop\pysmell\subjects_for_metrics\celery\celery\tests\tasks\test_states.py,8,3,0,0,0
celery,C:\Users\Zhifei Chen\Desktop\pysmell\subjects_for_metrics\celery\celery\tests\tasks\test_tasks.py,27,5,0,0,0
celery,C:\Users\Zhifei Chen\Desktop\pysmell\subjects_for_metrics\celery\celery\tests\tasks\test_tasks.py,38,2,0,0,0
celery,C:\Users\Zhifei Chen\Desktop\pysmell\subjects_for_metrics\celery\celery\tests\tasks\test_tasks.py,118,1,0,0,0
celery,C:\Users\Zhifei Chen\Desktop\pysmell\subjects_for_metrics\celery\celery\tests\tasks\test_tasks.py,122,12,0,0,0
celery,C:\Users\Zhifei Chen\Desktop\pysmell\subjects_for_metrics\celery\celery\tests\tasks\test_tasks.py,239,6,0,0,0
celery,C:\Users\Zhifei Chen\Desktop\pysmell\subjects_for_metrics\celery\celery\tests\tasks\test_tasks.py,258,17,0,0,0
celery,C:\Users\Zhifei Chen\Desktop\pysmell\subjects_for_metrics\celery\celery\tests\tasks\test_tasks.py,298,3,0,0,0
celery,C:\Users\Zhifei Chen\Desktop\pysmell\subjects_for_metrics\celery\celery\tests\tasks\test_tasks.py,459,4,0,0,0
celery,C:\Users\Zhifei Chen\Desktop\pysmell\subjects_for_metrics\celery\celery\tests\tasks\test_trace.py,25,3,0,0,0
celery,C:\Users\Zhifei Chen\Desktop\pysmell\subjects_for_metrics\celery\celery\tests\tasks\test_trace.py,47,15,0,0,0
celery,C:\Users\Zhifei Chen\Desktop\pysmell\subjects_for_metrics\celery\celery\tests\tasks\test_trace.py,167,3,0,0,0
celery,C:\Users\Zhifei Chen\Desktop\pysmell\subjects_for_metrics\celery\celery\tests\tasks\test_trace.py,169,2,0,0,0
celery,C:\Users\Zhifei Chen\Desktop\pysmell\subjects_for_metrics\celery\celery\tests\tasks\test_trace.py,182,2,0,0,0
celery,C:\Users\Zhifei Chen\Desktop\pysmell\subjects_for_metrics\celery\celery\tests\utils\test_datastructures.py,21,2,0,0,0
celery,C:\Users\Zhifei Chen\Desktop\pysmell\subjects_for_metrics\celery\celery\tests\utils\test_datastructures.py,25,5,0,0,0
celery,C:\Users\Zhifei Chen\Desktop\pysmell\subjects_for_metrics\celery\celery\tests\utils\test_datastructures.py,65,15,0,0,0
celery,C:\Users\Zhifei Chen\Desktop\pysmell\subjects_for_metrics\celery\celery\tests\utils\test_datastructures.py,150,2,0,0,0
celery,C:\Users\Zhifei Chen\Desktop\pysmell\subjects_for_metrics\celery\celery\tests\utils\test_datastructures.py,169,11,0,0,0
celery,C:\Users\Zhifei Chen\Desktop\pysmell\subjects_for_metrics\celery\celery\tests\utils\test_datastructures.py,289,2,0,0,0
celery,C:\Users\Zhifei Chen\Desktop\pysmell\subjects_for_metrics\celery\celery\tests\utils\test_datastructures.py,300,11,0,0,0
celery,C:\Users\Zhifei Chen\Desktop\pysmell\subjects_for_metrics\celery\celery\tests\utils\test_dispatcher.py,37,3,0,0,0
celery,C:\Users\Zhifei Chen\Desktop\pysmell\subjects_for_metrics\celery\celery\tests\utils\test_dispatcher.py,48,9,0,0,0
celery,C:\Users\Zhifei Chen\Desktop\pysmell\subjects_for_metrics\celery\celery\tests\utils\test_encoding.py,7,3,0,0,0
celery,C:\Users\Zhifei Chen\Desktop\pysmell\subjects_for_metrics\celery\celery\tests\utils\test_encoding.py,16,2,0,0,0
celery,C:\Users\Zhifei Chen\Desktop\pysmell\subjects_for_metrics\celery\celery\tests\utils\test_functional.py,21,10,0,0,0
celery,C:\Users\Zhifei Chen\Desktop\pysmell\subjects_for_metrics\celery\celery\tests\utils\test_functional.py,74,4,0,0,0
celery,C:\Users\Zhifei Chen\Desktop\pysmell\subjects_for_metrics\celery\celery\tests\utils\test_functional.py,118,6,0,0,0
celery,C:\Users\Zhifei Chen\Desktop\pysmell\subjects_for_metrics\celery\celery\tests\utils\test_functional.py,139,3,0,0,0
celery,C:\Users\Zhifei Chen\Desktop\pysmell\subjects_for_metrics\celery\celery\tests\utils\test_functional.py,174,2,0,0,0
celery,C:\Users\Zhifei Chen\Desktop\pysmell\subjects_for_metrics\celery\celery\tests\utils\test_imports.py,14,6,0,0,0
celery,C:\Users\Zhifei Chen\Desktop\pysmell\subjects_for_metrics\celery\celery\tests\utils\test_local.py,17,3,0,0,0
celery,C:\Users\Zhifei Chen\Desktop\pysmell\subjects_for_metrics\celery\celery\tests\utils\test_local.py,27,19,0,0,0
celery,C:\Users\Zhifei Chen\Desktop\pysmell\subjects_for_metrics\celery\celery\tests\utils\test_local.py,60,3,0,0,0
celery,C:\Users\Zhifei Chen\Desktop\pysmell\subjects_for_metrics\celery\celery\tests\utils\test_local.py,71,2,0,0,0
celery,C:\Users\Zhifei Chen\Desktop\pysmell\subjects_for_metrics\celery\celery\tests\utils\test_local.py,80,4,0,0,0
celery,C:\Users\Zhifei Chen\Desktop\pysmell\subjects_for_metrics\celery\celery\tests\utils\test_local.py,97,2,0,0,0
celery,C:\Users\Zhifei Chen\Desktop\pysmell\subjects_for_metrics\celery\celery\tests\utils\test_local.py,105,2,0,0,0
celery,C:\Users\Zhifei Chen\Desktop\pysmell\subjects_for_metrics\celery\celery\tests\utils\test_local.py,114,5,0,0,0
celery,C:\Users\Zhifei Chen\Desktop\pysmell\subjects_for_metrics\celery\celery\tests\utils\test_local.py,170,2,0,0,0
celery,C:\Users\Zhifei Chen\Desktop\pysmell\subjects_for_metrics\celery\celery\tests\utils\test_local.py,180,2,0,0,0
celery,C:\Users\Zhifei Chen\Desktop\pysmell\subjects_for_metrics\celery\celery\tests\utils\test_local.py,190,2,0,0,0
celery,C:\Users\Zhifei Chen\Desktop\pysmell\subjects_for_metrics\celery\celery\tests\utils\test_local.py,270,2,0,0,0
celery,C:\Users\Zhifei Chen\Desktop\pysmell\subjects_for_metrics\celery\celery\tests\utils\test_local.py,279,2,0,0,0
celery,C:\Users\Zhifei Chen\Desktop\pysmell\subjects_for_metrics\celery\celery\tests\utils\test_local.py,288,4,0,0,0
celery,C:\Users\Zhifei Chen\Desktop\pysmell\subjects_for_metrics\celery\celery\tests\utils\test_local.py,307,2,0,0,0
celery,C:\Users\Zhifei Chen\Desktop\pysmell\subjects_for_metrics\celery\celery\tests\utils\test_local.py,316,4,0,0,0
celery,C:\Users\Zhifei Chen\Desktop\pysmell\subjects_for_metrics\celery\celery\tests\utils\test_local.py,320,4,0,0,0
celery,C:\Users\Zhifei Chen\Desktop\pysmell\subjects_for_metrics\celery\celery\tests\utils\test_mail.py,12,3,0,0,0
celery,C:\Users\Zhifei Chen\Desktop\pysmell\subjects_for_metrics\celery\celery\tests\utils\test_mail.py,21,4,0,0,0
celery,C:\Users\Zhifei Chen\Desktop\pysmell\subjects_for_metrics\celery\celery\tests\utils\test_pickle.py,7,2,0,0,0
celery,C:\Users\Zhifei Chen\Desktop\pysmell\subjects_for_metrics\celery\celery\tests\utils\test_pickle.py,11,2,0,0,0
celery,C:\Users\Zhifei Chen\Desktop\pysmell\subjects_for_metrics\celery\celery\tests\utils\test_pickle.py,18,3,0,0,0
celery,C:\Users\Zhifei Chen\Desktop\pysmell\subjects_for_metrics\celery\celery\tests\utils\test_platforms.py,43,3,0,0,0
celery,C:\Users\Zhifei Chen\Desktop\pysmell\subjects_for_metrics\celery\celery\tests\utils\test_platforms.py,58,2,0,0,0
celery,C:\Users\Zhifei Chen\Desktop\pysmell\subjects_for_metrics\celery\celery\tests\utils\test_platforms.py,73,3,0,0,0
celery,C:\Users\Zhifei Chen\Desktop\pysmell\subjects_for_metrics\celery\celery\tests\utils\test_platforms.py,89,2,0,0,0
celery,C:\Users\Zhifei Chen\Desktop\pysmell\subjects_for_metrics\celery\celery\tests\utils\test_platforms.py,99,9,0,0,0
celery,C:\Users\Zhifei Chen\Desktop\pysmell\subjects_for_metrics\celery\celery\tests\utils\test_platforms.py,153,3,0,0,0
celery,C:\Users\Zhifei Chen\Desktop\pysmell\subjects_for_metrics\celery\celery\tests\utils\test_platforms.py,170,4,0,0,0
celery,C:\Users\Zhifei Chen\Desktop\pysmell\subjects_for_metrics\celery\celery\tests\utils\test_platforms.py,180,2,0,0,0
celery,C:\Users\Zhifei Chen\Desktop\pysmell\subjects_for_metrics\celery\celery\tests\utils\test_platforms.py,235,9,0,0,0
celery,C:\Users\Zhifei Chen\Desktop\pysmell\subjects_for_metrics\celery\celery\tests\utils\test_platforms.py,259,2,0,0,0
celery,C:\Users\Zhifei Chen\Desktop\pysmell\subjects_for_metrics\celery\celery\tests\utils\test_platforms.py,278,2,0,0,0
celery,C:\Users\Zhifei Chen\Desktop\pysmell\subjects_for_metrics\celery\celery\tests\utils\test_platforms.py,291,3,0,0,0
celery,C:\Users\Zhifei Chen\Desktop\pysmell\subjects_for_metrics\celery\celery\tests\utils\test_platforms.py,312,3,0,0,0
celery,C:\Users\Zhifei Chen\Desktop\pysmell\subjects_for_metrics\celery\celery\tests\utils\test_platforms.py,325,3,0,0,0
celery,C:\Users\Zhifei Chen\Desktop\pysmell\subjects_for_metrics\celery\celery\tests\utils\test_platforms.py,363,2,0,0,0
celery,C:\Users\Zhifei Chen\Desktop\pysmell\subjects_for_metrics\celery\celery\tests\utils\test_platforms.py,413,20,0,0,0
celery,C:\Users\Zhifei Chen\Desktop\pysmell\subjects_for_metrics\celery\celery\tests\utils\test_platforms.py,621,7,0,0,0
celery,C:\Users\Zhifei Chen\Desktop\pysmell\subjects_for_metrics\celery\celery\tests\utils\test_saferef.py,8,2,0,0,0
celery,C:\Users\Zhifei Chen\Desktop\pysmell\subjects_for_metrics\celery\celery\tests\utils\test_saferef.py,18,2,0,0,0
celery,C:\Users\Zhifei Chen\Desktop\pysmell\subjects_for_metrics\celery\celery\tests\utils\test_saferef.py,24,8,0,0,0
celery,C:\Users\Zhifei Chen\Desktop\pysmell\subjects_for_metrics\celery\celery\tests\utils\test_saferepr.py,72,2,0,0,0
celery,C:\Users\Zhifei Chen\Desktop\pysmell\subjects_for_metrics\celery\celery\tests\utils\test_saferepr.py,76,2,0,0,0
celery,C:\Users\Zhifei Chen\Desktop\pysmell\subjects_for_metrics\celery\celery\tests\utils\test_saferepr.py,82,2,0,0,0
celery,C:\Users\Zhifei Chen\Desktop\pysmell\subjects_for_metrics\celery\celery\tests\utils\test_saferepr.py,86,2,0,0,0
celery,C:\Users\Zhifei Chen\Desktop\pysmell\subjects_for_metrics\celery\celery\tests\utils\test_saferepr.py,92,2,0,0,0
celery,C:\Users\Zhifei Chen\Desktop\pysmell\subjects_for_metrics\celery\celery\tests\utils\test_saferepr.py,96,2,0,0,0
celery,C:\Users\Zhifei Chen\Desktop\pysmell\subjects_for_metrics\celery\celery\tests\utils\test_saferepr.py,102,2,0,0,0
celery,C:\Users\Zhifei Chen\Desktop\pysmell\subjects_for_metrics\celery\celery\tests\utils\test_saferepr.py,106,2,0,0,0
celery,C:\Users\Zhifei Chen\Desktop\pysmell\subjects_for_metrics\celery\celery\tests\utils\test_saferepr.py,112,2,0,0,0
celery,C:\Users\Zhifei Chen\Desktop\pysmell\subjects_for_metrics\celery\celery\tests\utils\test_saferepr.py,116,2,0,0,0
celery,C:\Users\Zhifei Chen\Desktop\pysmell\subjects_for_metrics\celery\celery\tests\utils\test_saferepr.py,122,1,0,0,0
celery,C:\Users\Zhifei Chen\Desktop\pysmell\subjects_for_metrics\celery\celery\tests\utils\test_saferepr.py,128,8,0,0,0
celery,C:\Users\Zhifei Chen\Desktop\pysmell\subjects_for_metrics\celery\celery\tests\utils\test_serialization.py,13,2,0,0,0
celery,C:\Users\Zhifei Chen\Desktop\pysmell\subjects_for_metrics\celery\celery\tests\utils\test_serialization.py,26,2,0,0,0
celery,C:\Users\Zhifei Chen\Desktop\pysmell\subjects_for_metrics\celery\celery\tests\utils\test_serialization.py,34,2,0,0,0
celery,C:\Users\Zhifei Chen\Desktop\pysmell\subjects_for_metrics\celery\celery\tests\utils\test_serialization.py,38,2,0,0,0
celery,C:\Users\Zhifei Chen\Desktop\pysmell\subjects_for_metrics\celery\celery\tests\utils\test_sysinfo.py,10,2,0,0,0
celery,C:\Users\Zhifei Chen\Desktop\pysmell\subjects_for_metrics\celery\celery\tests\utils\test_sysinfo.py,22,2,0,0,0
celery,C:\Users\Zhifei Chen\Desktop\pysmell\subjects_for_metrics\celery\celery\tests\utils\test_term.py,13,4,0,0,0
celery,C:\Users\Zhifei Chen\Desktop\pysmell\subjects_for_metrics\celery\celery\tests\utils\test_text.py,46,4,0,0,0
celery,C:\Users\Zhifei Chen\Desktop\pysmell\subjects_for_metrics\celery\celery\tests\utils\test_text.py,65,5,0,0,0
celery,C:\Users\Zhifei Chen\Desktop\pysmell\subjects_for_metrics\celery\celery\tests\utils\test_threads.py,14,3,0,0,0
celery,C:\Users\Zhifei Chen\Desktop\pysmell\subjects_for_metrics\celery\celery\tests\utils\test_threads.py,18,2,0,0,0
celery,C:\Users\Zhifei Chen\Desktop\pysmell\subjects_for_metrics\celery\celery\tests\utils\test_threads.py,37,2,0,0,0
celery,C:\Users\Zhifei Chen\Desktop\pysmell\subjects_for_metrics\celery\celery\tests\utils\test_threads.py,53,2,0,0,0
celery,C:\Users\Zhifei Chen\Desktop\pysmell\subjects_for_metrics\celery\celery\tests\utils\test_threads.py,72,2,0,0,0
celery,C:\Users\Zhifei Chen\Desktop\pysmell\subjects_for_metrics\celery\celery\tests\utils\test_threads.py,86,2,0,0,0
celery,C:\Users\Zhifei Chen\Desktop\pysmell\subjects_for_metrics\celery\celery\tests\utils\test_timer2.py,12,4,0,0,0
celery,C:\Users\Zhifei Chen\Desktop\pysmell\subjects_for_metrics\celery\celery\tests\utils\test_timer2.py,35,3,0,0,0
celery,C:\Users\Zhifei Chen\Desktop\pysmell\subjects_for_metrics\celery\celery\tests\utils\test_timer2.py,69,13,0,0,0
celery,C:\Users\Zhifei Chen\Desktop\pysmell\subjects_for_metrics\celery\celery\tests\utils\test_timeutils.py,27,2,0,0,0
celery,C:\Users\Zhifei Chen\Desktop\pysmell\subjects_for_metrics\celery\celery\tests\utils\test_timeutils.py,55,2,0,0,0
celery,C:\Users\Zhifei Chen\Desktop\pysmell\subjects_for_metrics\celery\celery\tests\utils\test_timeutils.py,73,6,0,0,0
celery,C:\Users\Zhifei Chen\Desktop\pysmell\subjects_for_metrics\celery\celery\tests\utils\test_timeutils.py,119,5,0,0,0
celery,C:\Users\Zhifei Chen\Desktop\pysmell\subjects_for_metrics\celery\celery\tests\utils\test_timeutils.py,146,4,0,0,0
celery,C:\Users\Zhifei Chen\Desktop\pysmell\subjects_for_metrics\celery\celery\tests\utils\test_timeutils.py,156,3,0,0,0
celery,C:\Users\Zhifei Chen\Desktop\pysmell\subjects_for_metrics\celery\celery\tests\utils\test_timeutils.py,183,3,0,0,0
celery,C:\Users\Zhifei Chen\Desktop\pysmell\subjects_for_metrics\celery\celery\tests\utils\test_timeutils.py,192,3,0,0,0
celery,C:\Users\Zhifei Chen\Desktop\pysmell\subjects_for_metrics\celery\celery\tests\utils\test_timeutils.py,219,2,0,0,0
celery,C:\Users\Zhifei Chen\Desktop\pysmell\subjects_for_metrics\celery\celery\tests\utils\test_timeutils.py,235,3,0,0,0
celery,C:\Users\Zhifei Chen\Desktop\pysmell\subjects_for_metrics\celery\celery\tests\utils\test_timeutils.py,246,2,0,0,0
celery,C:\Users\Zhifei Chen\Desktop\pysmell\subjects_for_metrics\celery\celery\tests\utils\test_utils.py,25,2,0,0,0
celery,C:\Users\Zhifei Chen\Desktop\pysmell\subjects_for_metrics\celery\celery\tests\utils\test_utils.py,32,2,0,0,0
celery,C:\Users\Zhifei Chen\Desktop\pysmell\subjects_for_metrics\celery\celery\tests\utils\test_utils.py,40,2,0,0,0
celery,C:\Users\Zhifei Chen\Desktop\pysmell\subjects_for_metrics\celery\celery\tests\utils\test_utils.py,61,2,0,0,0
celery,C:\Users\Zhifei Chen\Desktop\pysmell\subjects_for_metrics\celery\celery\tests\utils\test_utils.py,87,4,0,0,0
celery,C:\Users\Zhifei Chen\Desktop\pysmell\subjects_for_metrics\celery\celery\tests\worker\test_autoreload.py,24,3,0,0,0
celery,C:\Users\Zhifei Chen\Desktop\pysmell\subjects_for_metrics\celery\celery\tests\worker\test_autoreload.py,52,2,0,0,0
celery,C:\Users\Zhifei Chen\Desktop\pysmell\subjects_for_metrics\celery\celery\tests\worker\test_autoreload.py,66,2,0,0,0
celery,C:\Users\Zhifei Chen\Desktop\pysmell\subjects_for_metrics\celery\celery\tests\worker\test_autoreload.py,80,3,0,0,0
celery,C:\Users\Zhifei Chen\Desktop\pysmell\subjects_for_metrics\celery\celery\tests\worker\test_autoreload.py,85,2,0,0,0
celery,C:\Users\Zhifei Chen\Desktop\pysmell\subjects_for_metrics\celery\celery\tests\worker\test_autoreload.py,109,6,0,0,0
celery,C:\Users\Zhifei Chen\Desktop\pysmell\subjects_for_metrics\celery\celery\tests\worker\test_autoreload.py,174,4,0,0,0
celery,C:\Users\Zhifei Chen\Desktop\pysmell\subjects_for_metrics\celery\celery\tests\worker\test_autoreload.py,200,2,0,0,0
celery,C:\Users\Zhifei Chen\Desktop\pysmell\subjects_for_metrics\celery\celery\tests\worker\test_autoreload.py,221,3,0,0,0
celery,C:\Users\Zhifei Chen\Desktop\pysmell\subjects_for_metrics\celery\celery\tests\worker\test_autoreload.py,249,8,0,0,0
celery,C:\Users\Zhifei Chen\Desktop\pysmell\subjects_for_metrics\celery\celery\tests\worker\test_autoscale.py,12,2,0,0,0
celery,C:\Users\Zhifei Chen\Desktop\pysmell\subjects_for_metrics\celery\celery\tests\worker\test_autoscale.py,16,7,0,0,0
celery,C:\Users\Zhifei Chen\Desktop\pysmell\subjects_for_metrics\celery\celery\tests\worker\test_autoscale.py,40,2,0,0,0
celery,C:\Users\Zhifei Chen\Desktop\pysmell\subjects_for_metrics\celery\celery\tests\worker\test_autoscale.py,68,10,0,0,0
celery,C:\Users\Zhifei Chen\Desktop\pysmell\subjects_for_metrics\celery\celery\tests\worker\test_autoscale.py,75,5,0,0,0
celery,C:\Users\Zhifei Chen\Desktop\pysmell\subjects_for_metrics\celery\celery\tests\worker\test_autoscale.py,117,3,0,0,0
celery,C:\Users\Zhifei Chen\Desktop\pysmell\subjects_for_metrics\celery\celery\tests\worker\test_autoscale.py,183,2,0,0,0
celery,C:\Users\Zhifei Chen\Desktop\pysmell\subjects_for_metrics\celery\celery\tests\worker\test_bootsteps.py,8,4,0,0,0
celery,C:\Users\Zhifei Chen\Desktop\pysmell\subjects_for_metrics\celery\celery\tests\worker\test_bootsteps.py,54,11,0,0,0
celery,C:\Users\Zhifei Chen\Desktop\pysmell\subjects_for_metrics\celery\celery\tests\worker\test_bootsteps.py,56,2,0,0,0
celery,C:\Users\Zhifei Chen\Desktop\pysmell\subjects_for_metrics\celery\celery\tests\worker\test_bootsteps.py,64,3,0,0,0
celery,C:\Users\Zhifei Chen\Desktop\pysmell\subjects_for_metrics\celery\celery\tests\worker\test_bootsteps.py,69,2,0,0,0
celery,C:\Users\Zhifei Chen\Desktop\pysmell\subjects_for_metrics\celery\celery\tests\worker\test_bootsteps.py,113,4,0,0,0
celery,C:\Users\Zhifei Chen\Desktop\pysmell\subjects_for_metrics\celery\celery\tests\worker\test_bootsteps.py,124,2,0,0,0
celery,C:\Users\Zhifei Chen\Desktop\pysmell\subjects_for_metrics\celery\celery\tests\worker\test_bootsteps.py,143,2,0,0,0
celery,C:\Users\Zhifei Chen\Desktop\pysmell\subjects_for_metrics\celery\celery\tests\worker\test_bootsteps.py,152,6,0,0,0
celery,C:\Users\Zhifei Chen\Desktop\pysmell\subjects_for_metrics\celery\celery\tests\worker\test_bootsteps.py,154,2,0,0,0
celery,C:\Users\Zhifei Chen\Desktop\pysmell\subjects_for_metrics\celery\celery\tests\worker\test_bootsteps.py,196,11,0,0,0
celery,C:\Users\Zhifei Chen\Desktop\pysmell\subjects_for_metrics\celery\celery\tests\worker\test_bootsteps.py,198,2,0,0,0
celery,C:\Users\Zhifei Chen\Desktop\pysmell\subjects_for_metrics\celery\celery\tests\worker\test_bootsteps.py,203,2,0,0,0
celery,C:\Users\Zhifei Chen\Desktop\pysmell\subjects_for_metrics\celery\celery\tests\worker\test_bootsteps.py,206,2,0,0,0
celery,C:\Users\Zhifei Chen\Desktop\pysmell\subjects_for_metrics\celery\celery\tests\worker\test_bootsteps.py,209,2,0,0,0
celery,C:\Users\Zhifei Chen\Desktop\pysmell\subjects_for_metrics\celery\celery\tests\worker\test_bootsteps.py,212,2,0,0,0
celery,C:\Users\Zhifei Chen\Desktop\pysmell\subjects_for_metrics\celery\celery\tests\worker\test_bootsteps.py,253,2,0,0,0
celery,C:\Users\Zhifei Chen\Desktop\pysmell\subjects_for_metrics\celery\celery\tests\worker\test_bootsteps.py,256,2,0,0,0
celery,C:\Users\Zhifei Chen\Desktop\pysmell\subjects_for_metrics\celery\celery\tests\worker\test_bootsteps.py,259,2,0,0,0
celery,C:\Users\Zhifei Chen\Desktop\pysmell\subjects_for_metrics\celery\celery\tests\worker\test_bootsteps.py,262,2,0,0,0
celery,C:\Users\Zhifei Chen\Desktop\pysmell\subjects_for_metrics\celery\celery\tests\worker\test_bootsteps.py,280,2,0,0,0
celery,C:\Users\Zhifei Chen\Desktop\pysmell\subjects_for_metrics\celery\celery\tests\worker\test_bootsteps.py,300,3,0,0,0
celery,C:\Users\Zhifei Chen\Desktop\pysmell\subjects_for_metrics\celery\celery\tests\worker\test_bootsteps.py,306,2,0,0,0
celery,C:\Users\Zhifei Chen\Desktop\pysmell\subjects_for_metrics\celery\celery\tests\worker\test_bootsteps.py,309,3,0,0,0
celery,C:\Users\Zhifei Chen\Desktop\pysmell\subjects_for_metrics\celery\celery\tests\worker\test_bootsteps.py,313,3,0,0,0
celery,C:\Users\Zhifei Chen\Desktop\pysmell\subjects_for_metrics\celery\celery\tests\worker\test_bootsteps.py,317,3,0,0,0
celery,C:\Users\Zhifei Chen\Desktop\pysmell\subjects_for_metrics\celery\celery\tests\worker\test_bootsteps.py,333,2,0,0,0
celery,C:\Users\Zhifei Chen\Desktop\pysmell\subjects_for_metrics\celery\celery\tests\worker\test_components.py,13,3,0,0,0
celery,C:\Users\Zhifei Chen\Desktop\pysmell\subjects_for_metrics\celery\celery\tests\worker\test_consumer.py,24,15,0,0,0
celery,C:\Users\Zhifei Chen\Desktop\pysmell\subjects_for_metrics\celery\celery\tests\worker\test_consumer.py,167,3,0,0,0
celery,C:\Users\Zhifei Chen\Desktop\pysmell\subjects_for_metrics\celery\celery\tests\worker\test_consumer.py,204,3,0,0,0
celery,C:\Users\Zhifei Chen\Desktop\pysmell\subjects_for_metrics\celery\celery\tests\worker\test_consumer.py,221,2,0,0,0
celery,C:\Users\Zhifei Chen\Desktop\pysmell\subjects_for_metrics\celery\celery\tests\worker\test_consumer.py,232,3,0,0,0
celery,C:\Users\Zhifei Chen\Desktop\pysmell\subjects_for_metrics\celery\celery\tests\worker\test_consumer.py,289,17,0,0,0
celery,C:\Users\Zhifei Chen\Desktop\pysmell\subjects_for_metrics\celery\celery\tests\worker\test_control.py,29,3,0,0,0
celery,C:\Users\Zhifei Chen\Desktop\pysmell\subjects_for_metrics\celery\celery\tests\worker\test_control.py,36,2,0,0,0
celery,C:\Users\Zhifei Chen\Desktop\pysmell\subjects_for_metrics\celery\celery\tests\worker\test_control.py,54,2,0,0,0
celery,C:\Users\Zhifei Chen\Desktop\pysmell\subjects_for_metrics\celery\celery\tests\worker\test_control.py,69,4,0,0,0
celery,C:\Users\Zhifei Chen\Desktop\pysmell\subjects_for_metrics\celery\celery\tests\worker\test_control.py,117,37,1,0,1
celery,C:\Users\Zhifei Chen\Desktop\pysmell\subjects_for_metrics\celery\celery\tests\worker\test_control.py,265,5,0,0,0
celery,C:\Users\Zhifei Chen\Desktop\pysmell\subjects_for_metrics\celery\celery\tests\worker\test_control.py,305,8,0,0,0
celery,C:\Users\Zhifei Chen\Desktop\pysmell\subjects_for_metrics\celery\celery\tests\worker\test_control.py,382,3,0,0,0
celery,C:\Users\Zhifei Chen\Desktop\pysmell\subjects_for_metrics\celery\celery\tests\worker\test_control.py,489,2,0,0,0
celery,C:\Users\Zhifei Chen\Desktop\pysmell\subjects_for_metrics\celery\celery\tests\worker\test_heartbeat.py,7,5,0,0,0
celery,C:\Users\Zhifei Chen\Desktop\pysmell\subjects_for_metrics\celery\celery\tests\worker\test_heartbeat.py,25,2,0,0,0
celery,C:\Users\Zhifei Chen\Desktop\pysmell\subjects_for_metrics\celery\celery\tests\worker\test_heartbeat.py,32,3,0,0,0
celery,C:\Users\Zhifei Chen\Desktop\pysmell\subjects_for_metrics\celery\celery\tests\worker\test_heartbeat.py,36,3,0,0,0
celery,C:\Users\Zhifei Chen\Desktop\pysmell\subjects_for_metrics\celery\celery\tests\worker\test_heartbeat.py,48,4,0,0,0
celery,C:\Users\Zhifei Chen\Desktop\pysmell\subjects_for_metrics\celery\celery\tests\worker\test_hub.py,11,5,0,0,0
celery,C:\Users\Zhifei Chen\Desktop\pysmell\subjects_for_metrics\celery\celery\tests\worker\test_hub.py,28,2,0,0,0
celery,C:\Users\Zhifei Chen\Desktop\pysmell\subjects_for_metrics\celery\celery\tests\worker\test_hub.py,36,5,0,0,0
celery,C:\Users\Zhifei Chen\Desktop\pysmell\subjects_for_metrics\celery\celery\tests\worker\test_hub.py,122,16,0,0,0
celery,C:\Users\Zhifei Chen\Desktop\pysmell\subjects_for_metrics\celery\celery\tests\worker\test_loops.py,18,6,0,0,0
celery,C:\Users\Zhifei Chen\Desktop\pysmell\subjects_for_metrics\celery\celery\tests\worker\test_loops.py,117,27,1,0,0
celery,C:\Users\Zhifei Chen\Desktop\pysmell\subjects_for_metrics\celery\celery\tests\worker\test_loops.py,398,4,0,0,0
celery,C:\Users\Zhifei Chen\Desktop\pysmell\subjects_for_metrics\celery\celery\tests\worker\test_request.py,54,2,0,0,0
celery,C:\Users\Zhifei Chen\Desktop\pysmell\subjects_for_metrics\celery\celery\tests\worker\test_request.py,58,2,0,0,0
celery,C:\Users\Zhifei Chen\Desktop\pysmell\subjects_for_metrics\celery\celery\tests\worker\test_request.py,61,2,0,0,0
celery,C:\Users\Zhifei Chen\Desktop\pysmell\subjects_for_metrics\celery\celery\tests\worker\test_request.py,64,2,0,0,0
celery,C:\Users\Zhifei Chen\Desktop\pysmell\subjects_for_metrics\celery\celery\tests\worker\test_request.py,67,2,0,0,0
celery,C:\Users\Zhifei Chen\Desktop\pysmell\subjects_for_metrics\celery\celery\tests\worker\test_request.py,92,4,0,0,0
celery,C:\Users\Zhifei Chen\Desktop\pysmell\subjects_for_metrics\celery\celery\tests\worker\test_request.py,118,2,0,0,0
celery,C:\Users\Zhifei Chen\Desktop\pysmell\subjects_for_metrics\celery\celery\tests\worker\test_request.py,128,8,0,0,0
celery,C:\Users\Zhifei Chen\Desktop\pysmell\subjects_for_metrics\celery\celery\tests\worker\test_request.py,200,3,0,0,0
celery,C:\Users\Zhifei Chen\Desktop\pysmell\subjects_for_metrics\celery\celery\tests\worker\test_request.py,210,62,1,1,1
celery,C:\Users\Zhifei Chen\Desktop\pysmell\subjects_for_metrics\celery\celery\tests\worker\test_request.py,842,6,0,0,0
celery,C:\Users\Zhifei Chen\Desktop\pysmell\subjects_for_metrics\celery\celery\tests\worker\test_revoke.py,7,2,0,0,0
celery,C:\Users\Zhifei Chen\Desktop\pysmell\subjects_for_metrics\celery\celery\tests\worker\test_state.py,14,4,0,0,0
celery,C:\Users\Zhifei Chen\Desktop\pysmell\subjects_for_metrics\celery\celery\tests\worker\test_state.py,28,7,0,0,0
celery,C:\Users\Zhifei Chen\Desktop\pysmell\subjects_for_metrics\celery\celery\tests\worker\test_state.py,44,2,0,0,0
celery,C:\Users\Zhifei Chen\Desktop\pysmell\subjects_for_metrics\celery\celery\tests\worker\test_state.py,48,4,0,0,0
celery,C:\Users\Zhifei Chen\Desktop\pysmell\subjects_for_metrics\celery\celery\tests\worker\test_state.py,94,10,0,0,0
celery,C:\Users\Zhifei Chen\Desktop\pysmell\subjects_for_metrics\celery\celery\tests\worker\test_state.py,163,2,0,0,0
celery,C:\Users\Zhifei Chen\Desktop\pysmell\subjects_for_metrics\celery\celery\tests\worker\test_state.py,169,3,0,0,0
celery,C:\Users\Zhifei Chen\Desktop\pysmell\subjects_for_metrics\celery\celery\tests\worker\test_strategy.py,14,12,0,0,0
celery,C:\Users\Zhifei Chen\Desktop\pysmell\subjects_for_metrics\celery\celery\tests\worker\test_strategy.py,23,8,0,0,0
celery,C:\Users\Zhifei Chen\Desktop\pysmell\subjects_for_metrics\celery\celery\tests\worker\test_worker.py,53,2,0,0,0
celery,C:\Users\Zhifei Chen\Desktop\pysmell\subjects_for_metrics\celery\celery\tests\worker\test_worker.py,61,2,0,0,0
celery,C:\Users\Zhifei Chen\Desktop\pysmell\subjects_for_metrics\celery\celery\tests\worker\test_worker.py,70,5,0,0,0
celery,C:\Users\Zhifei Chen\Desktop\pysmell\subjects_for_metrics\celery\celery\tests\worker\test_worker.py,82,2,0,0,0
celery,C:\Users\Zhifei Chen\Desktop\pysmell\subjects_for_metrics\celery\celery\tests\worker\test_worker.py,88,3,0,0,0
celery,C:\Users\Zhifei Chen\Desktop\pysmell\subjects_for_metrics\celery\celery\tests\worker\test_worker.py,95,8,0,0,0
celery,C:\Users\Zhifei Chen\Desktop\pysmell\subjects_for_metrics\celery\celery\tests\worker\test_worker.py,111,3,0,0,0
celery,C:\Users\Zhifei Chen\Desktop\pysmell\subjects_for_metrics\celery\celery\tests\worker\test_worker.py,136,33,1,0,0
celery,C:\Users\Zhifei Chen\Desktop\pysmell\subjects_for_metrics\celery\celery\tests\worker\test_worker.py,278,4,0,0,0
celery,C:\Users\Zhifei Chen\Desktop\pysmell\subjects_for_metrics\celery\celery\tests\worker\test_worker.py,323,3,0,0,0
celery,C:\Users\Zhifei Chen\Desktop\pysmell\subjects_for_metrics\celery\celery\tests\worker\test_worker.py,343,3,0,0,0
celery,C:\Users\Zhifei Chen\Desktop\pysmell\subjects_for_metrics\celery\celery\tests\worker\test_worker.py,363,3,0,0,0
celery,C:\Users\Zhifei Chen\Desktop\pysmell\subjects_for_metrics\celery\celery\tests\worker\test_worker.py,379,3,0,0,0
celery,C:\Users\Zhifei Chen\Desktop\pysmell\subjects_for_metrics\celery\celery\tests\worker\test_worker.py,401,3,0,0,0
celery,C:\Users\Zhifei Chen\Desktop\pysmell\subjects_for_metrics\celery\celery\tests\worker\test_worker.py,659,3,0,0,0
celery,C:\Users\Zhifei Chen\Desktop\pysmell\subjects_for_metrics\celery\celery\tests\worker\test_worker.py,671,9,0,0,0
celery,C:\Users\Zhifei Chen\Desktop\pysmell\subjects_for_metrics\celery\celery\tests\worker\test_worker.py,739,4,0,0,0
celery,C:\Users\Zhifei Chen\Desktop\pysmell\subjects_for_metrics\celery\celery\tests\worker\test_worker.py,746,3,0,0,0
celery,C:\Users\Zhifei Chen\Desktop\pysmell\subjects_for_metrics\celery\celery\tests\worker\test_worker.py,799,34,1,0,0
celery,C:\Users\Zhifei Chen\Desktop\pysmell\subjects_for_metrics\celery\celery\tests\worker\test_worker.py,1171,3,0,0,0
celery,C:\Users\Zhifei Chen\Desktop\pysmell\subjects_for_metrics\celery\celery\utils\abstract.py,23,4,0,0,0
celery,C:\Users\Zhifei Chen\Desktop\pysmell\subjects_for_metrics\celery\celery\utils\abstract.py,35,7,0,0,0
celery,C:\Users\Zhifei Chen\Desktop\pysmell\subjects_for_metrics\celery\celery\utils\abstract.py,57,22,0,0,0
celery,C:\Users\Zhifei Chen\Desktop\pysmell\subjects_for_metrics\celery\celery\utils\functional.py,38,3,0,0,0
celery,C:\Users\Zhifei Chen\Desktop\pysmell\subjects_for_metrics\celery\celery\utils\functional.py,47,23,1,0,0
celery,C:\Users\Zhifei Chen\Desktop\pysmell\subjects_for_metrics\celery\celery\utils\functional.py,183,4,0,0,0
celery,C:\Users\Zhifei Chen\Desktop\pysmell\subjects_for_metrics\celery\celery\utils\functional.py,307,5,0,0,0
celery,C:\Users\Zhifei Chen\Desktop\pysmell\subjects_for_metrics\celery\celery\utils\imports.py,28,2,0,0,0
celery,C:\Users\Zhifei Chen\Desktop\pysmell\subjects_for_metrics\celery\celery\utils\log.py,122,7,0,0,0
celery,C:\Users\Zhifei Chen\Desktop\pysmell\subjects_for_metrics\celery\celery\utils\log.py,173,13,0,0,0
celery,C:\Users\Zhifei Chen\Desktop\pysmell\subjects_for_metrics\celery\celery\utils\log.py,198,2,0,0,0
celery,C:\Users\Zhifei Chen\Desktop\pysmell\subjects_for_metrics\celery\celery\utils\mail.py,38,1,0,0,0
celery,C:\Users\Zhifei Chen\Desktop\pysmell\subjects_for_metrics\celery\celery\utils\mail.py,42,4,0,0,0
celery,C:\Users\Zhifei Chen\Desktop\pysmell\subjects_for_metrics\celery\celery\utils\mail.py,63,4,0,0,0
celery,C:\Users\Zhifei Chen\Desktop\pysmell\subjects_for_metrics\celery\celery\utils\mail.py,107,11,0,0,0
celery,C:\Users\Zhifei Chen\Desktop\pysmell\subjects_for_metrics\celery\celery\utils\objects.py,40,4,0,0,0
celery,C:\Users\Zhifei Chen\Desktop\pysmell\subjects_for_metrics\celery\celery\utils\saferepr.py,42,2,0,0,0
celery,C:\Users\Zhifei Chen\Desktop\pysmell\subjects_for_metrics\celery\celery\utils\serialization.py,80,8,0,0,0
celery,C:\Users\Zhifei Chen\Desktop\pysmell\subjects_for_metrics\celery\celery\utils\sysinfo.py,24,6,0,0,0
celery,C:\Users\Zhifei Chen\Desktop\pysmell\subjects_for_metrics\celery\celery\utils\term.py,32,32,1,0,0
celery,C:\Users\Zhifei Chen\Desktop\pysmell\subjects_for_metrics\celery\celery\utils\threads.py,37,7,0,0,0
celery,C:\Users\Zhifei Chen\Desktop\pysmell\subjects_for_metrics\celery\celery\utils\threads.py,127,9,0,0,0
celery,C:\Users\Zhifei Chen\Desktop\pysmell\subjects_for_metrics\celery\celery\utils\threads.py,165,13,0,0,0
celery,C:\Users\Zhifei Chen\Desktop\pysmell\subjects_for_metrics\celery\celery\utils\threads.py,258,5,0,0,0
celery,C:\Users\Zhifei Chen\Desktop\pysmell\subjects_for_metrics\celery\celery\utils\threads.py,305,4,0,0,0
celery,C:\Users\Zhifei Chen\Desktop\pysmell\subjects_for_metrics\celery\celery\utils\timer2.py,26,28,1,0,0
celery,C:\Users\Zhifei Chen\Desktop\pysmell\subjects_for_metrics\celery\celery\utils\timeutils.py,57,10,0,0,0
celery,C:\Users\Zhifei Chen\Desktop\pysmell\subjects_for_metrics\celery\celery\utils\timeutils.py,113,10,0,0,0
celery,C:\Users\Zhifei Chen\Desktop\pysmell\subjects_for_metrics\celery\celery\utils\timeutils.py,316,5,0,0,0
celery,C:\Users\Zhifei Chen\Desktop\pysmell\subjects_for_metrics\celery\celery\utils\__init__.py,133,7,0,0,0
celery,C:\Users\Zhifei Chen\Desktop\pysmell\subjects_for_metrics\celery\celery\utils\dispatch\saferef.py,45,13,0,0,0
celery,C:\Users\Zhifei Chen\Desktop\pysmell\subjects_for_metrics\celery\celery\utils\dispatch\saferef.py,209,3,0,0,0
celery,C:\Users\Zhifei Chen\Desktop\pysmell\subjects_for_metrics\celery\celery\utils\dispatch\signal.py,24,11,0,0,0
celery,C:\Users\Zhifei Chen\Desktop\pysmell\subjects_for_metrics\celery\celery\worker\autoreload.py,46,7,0,0,0
celery,C:\Users\Zhifei Chen\Desktop\pysmell\subjects_for_metrics\celery\celery\worker\autoreload.py,72,6,0,0,0
celery,C:\Users\Zhifei Chen\Desktop\pysmell\subjects_for_metrics\celery\celery\worker\autoreload.py,96,7,0,0,0
celery,C:\Users\Zhifei Chen\Desktop\pysmell\subjects_for_metrics\celery\celery\worker\autoreload.py,129,9,0,0,0
celery,C:\Users\Zhifei Chen\Desktop\pysmell\subjects_for_metrics\celery\celery\worker\autoreload.py,177,11,0,0,0
celery,C:\Users\Zhifei Chen\Desktop\pysmell\subjects_for_metrics\celery\celery\worker\autoreload.py,244,11,0,0,0
celery,C:\Users\Zhifei Chen\Desktop\pysmell\subjects_for_metrics\celery\celery\worker\autoscale.py,39,7,0,0,0
celery,C:\Users\Zhifei Chen\Desktop\pysmell\subjects_for_metrics\celery\celery\worker\autoscale.py,63,15,0,0,0
celery,C:\Users\Zhifei Chen\Desktop\pysmell\subjects_for_metrics\celery\celery\worker\components.py,40,4,0,0,0
celery,C:\Users\Zhifei Chen\Desktop\pysmell\subjects_for_metrics\celery\celery\worker\components.py,64,9,0,0,0
celery,C:\Users\Zhifei Chen\Desktop\pysmell\subjects_for_metrics\celery\celery\worker\components.py,101,8,0,0,0
celery,C:\Users\Zhifei Chen\Desktop\pysmell\subjects_for_metrics\celery\celery\worker\components.py,180,5,0,0,0
celery,C:\Users\Zhifei Chen\Desktop\pysmell\subjects_for_metrics\celery\celery\worker\components.py,204,3,0,0,0
celery,C:\Users\Zhifei Chen\Desktop\pysmell\subjects_for_metrics\celery\celery\worker\components.py,216,3,0,0,0
celery,C:\Users\Zhifei Chen\Desktop\pysmell\subjects_for_metrics\celery\celery\worker\consumer.py,129,36,1,0,0
celery,C:\Users\Zhifei Chen\Desktop\pysmell\subjects_for_metrics\celery\celery\worker\consumer.py,148,13,0,0,0
celery,C:\Users\Zhifei Chen\Desktop\pysmell\subjects_for_metrics\celery\celery\worker\consumer.py,501,5,0,0,0
celery,C:\Users\Zhifei Chen\Desktop\pysmell\subjects_for_metrics\celery\celery\worker\consumer.py,524,7,0,0,0
celery,C:\Users\Zhifei Chen\Desktop\pysmell\subjects_for_metrics\celery\celery\worker\consumer.py,565,6,0,0,0
celery,C:\Users\Zhifei Chen\Desktop\pysmell\subjects_for_metrics\celery\celery\worker\consumer.py,585,7,0,0,0
celery,C:\Users\Zhifei Chen\Desktop\pysmell\subjects_for_metrics\celery\celery\worker\consumer.py,619,7,0,0,0
celery,C:\Users\Zhifei Chen\Desktop\pysmell\subjects_for_metrics\celery\celery\worker\consumer.py,665,5,0,0,0
celery,C:\Users\Zhifei Chen\Desktop\pysmell\subjects_for_metrics\celery\celery\worker\consumer.py,677,4,0,0,0
celery,C:\Users\Zhifei Chen\Desktop\pysmell\subjects_for_metrics\celery\celery\worker\consumer.py,691,20,0,0,0
celery,C:\Users\Zhifei Chen\Desktop\pysmell\subjects_for_metrics\celery\celery\worker\consumer.py,849,5,0,0,0
celery,C:\Users\Zhifei Chen\Desktop\pysmell\subjects_for_metrics\celery\celery\worker\control.py,33,3,0,0,0
celery,C:\Users\Zhifei Chen\Desktop\pysmell\subjects_for_metrics\celery\celery\worker\heartbeat.py,19,5,0,0,0
celery,C:\Users\Zhifei Chen\Desktop\pysmell\subjects_for_metrics\celery\celery\worker\pidbox.py,20,10,0,0,0
celery,C:\Users\Zhifei Chen\Desktop\pysmell\subjects_for_metrics\celery\celery\worker\pidbox.py,74,9,0,0,0
celery,C:\Users\Zhifei Chen\Desktop\pysmell\subjects_for_metrics\celery\celery\worker\request.py,66,45,1,0,1
celery,C:\Users\Zhifei Chen\Desktop\pysmell\subjects_for_metrics\celery\celery\worker\request.py,467,3,0,0,0
celery,C:\Users\Zhifei Chen\Desktop\pysmell\subjects_for_metrics\celery\celery\worker\state.py,143,22,0,0,0
celery,C:\Users\Zhifei Chen\Desktop\pysmell\subjects_for_metrics\celery\celery\worker\__init__.py,67,39,1,0,1
celery,C:\Users\Zhifei Chen\Desktop\pysmell\subjects_for_metrics\celery\celery\worker\__init__.py,79,11,0,0,0
celery,C:\Users\Zhifei Chen\Desktop\pysmell\subjects_for_metrics\celery\docs\_ext\githubsphinx.py,30,2,0,0,0
celery,C:\Users\Zhifei Chen\Desktop\pysmell\subjects_for_metrics\celery\docs\_ext\githubsphinx.py,34,3,0,0,0
celery,C:\Users\Zhifei Chen\Desktop\pysmell\subjects_for_metrics\celery\examples\django\demoapp\tests.py,11,2,0,0,0
celery,C:\Users\Zhifei Chen\Desktop\pysmell\subjects_for_metrics\celery\examples\eventlet\bulk_task_producer.py,9,5,0,0,0
celery,C:\Users\Zhifei Chen\Desktop\pysmell\subjects_for_metrics\celery\examples\eventlet\bulk_task_producer.py,27,6,0,0,0
celery,C:\Users\Zhifei Chen\Desktop\pysmell\subjects_for_metrics\celery\examples\resultgraph\tasks.py,95,3,0,0,0
celery,C:\Users\Zhifei Chen\Desktop\pysmell\subjects_for_metrics\celery\extra\release\bump_version.py,35,3,0,0,0
celery,C:\Users\Zhifei Chen\Desktop\pysmell\subjects_for_metrics\celery\extra\release\bump_version.py,52,3,0,0,0
celery,C:\Users\Zhifei Chen\Desktop\pysmell\subjects_for_metrics\celery\extra\release\bump_version.py,72,5,0,0,0
celery,C:\Users\Zhifei Chen\Desktop\pysmell\subjects_for_metrics\celery\extra\release\bump_version.py,106,4,0,0,0
celery,C:\Users\Zhifei Chen\Desktop\pysmell\subjects_for_metrics\celery\extra\release\bump_version.py,112,4,0,0,0
celery,C:\Users\Zhifei Chen\Desktop\pysmell\subjects_for_metrics\celery\extra\release\bump_version.py,118,4,0,0,0
celery,C:\Users\Zhifei Chen\Desktop\pysmell\subjects_for_metrics\celery\funtests\setup.py,21,2,0,0,0
celery,C:\Users\Zhifei Chen\Desktop\pysmell\subjects_for_metrics\celery\funtests\stress\stress\app.py,21,6,0,0,0
celery,C:\Users\Zhifei Chen\Desktop\pysmell\subjects_for_metrics\celery\funtests\stress\stress\data.py,21,8,0,0,0
celery,C:\Users\Zhifei Chen\Desktop\pysmell\subjects_for_metrics\celery\funtests\stress\stress\data.py,48,2,0,0,0
celery,C:\Users\Zhifei Chen\Desktop\pysmell\subjects_for_metrics\celery\funtests\stress\stress\fbi.py,11,8,0,0,0
celery,C:\Users\Zhifei Chen\Desktop\pysmell\subjects_for_metrics\celery\funtests\stress\stress\suite.py,53,2,0,0,0
celery,C:\Users\Zhifei Chen\Desktop\pysmell\subjects_for_metrics\celery\funtests\stress\stress\suite.py,65,4,0,0,0
celery,C:\Users\Zhifei Chen\Desktop\pysmell\subjects_for_metrics\celery\funtests\stress\stress\suite.py,85,11,0,0,0
celery,C:\Users\Zhifei Chen\Desktop\pysmell\subjects_for_metrics\celery\funtests\stress\stress\suite.py,263,16,0,0,0
celery,C:\Users\Zhifei Chen\Desktop\pysmell\subjects_for_metrics\celery\funtests\stress\stress\templates.py,51,22,0,0,0
celery,C:\Users\Zhifei Chen\Desktop\pysmell\subjects_for_metrics\celery\funtests\stress\stress\templates.py,81,8,0,0,0
celery,C:\Users\Zhifei Chen\Desktop\pysmell\subjects_for_metrics\celery\funtests\stress\stress\templates.py,93,3,0,0,0
celery,C:\Users\Zhifei Chen\Desktop\pysmell\subjects_for_metrics\celery\funtests\stress\stress\templates.py,98,3,0,0,0
celery,C:\Users\Zhifei Chen\Desktop\pysmell\subjects_for_metrics\celery\funtests\stress\stress\templates.py,103,5,0,0,0
celery,C:\Users\Zhifei Chen\Desktop\pysmell\subjects_for_metrics\celery\funtests\stress\stress\templates.py,110,4,0,0,0
celery,C:\Users\Zhifei Chen\Desktop\pysmell\subjects_for_metrics\celery\funtests\stress\stress\templates.py,116,4,0,0,0
celery,C:\Users\Zhifei Chen\Desktop\pysmell\subjects_for_metrics\celery\funtests\stress\stress\templates.py,122,3,0,0,0
celery,C:\Users\Zhifei Chen\Desktop\pysmell\subjects_for_metrics\celery\funtests\stress\stress\templates.py,127,5,0,0,0
celery,C:\Users\Zhifei Chen\Desktop\pysmell\subjects_for_metrics\celery\funtests\stress\stress\templates.py,135,3,0,0,0
celery,C:\Users\Zhifei Chen\Desktop\pysmell\subjects_for_metrics\celery\funtests\stress\stress\__main__.py,9,3,0,0,0
celery,C:\Users\Zhifei Chen\Desktop\pysmell\subjects_for_metrics\celery\funtests\suite\test_basic.py,14,6,0,0,0
celery,C:\Users\Zhifei Chen\Desktop\pysmell\subjects_for_metrics\celery\funtests\suite\test_leak.py,18,3,0,0,0
celery,C:\Users\Zhifei Chen\Desktop\pysmell\subjects_for_metrics\celery\funtests\suite\test_leak.py,28,6,0,0,0
celery,C:\Users\Zhifei Chen\Desktop\pysmell\subjects_for_metrics\celery\funtests\suite\test_leak.py,87,3,0,0,0
