subject,file,lineno,LMC,experience-based,statistics-based,tuning machine
jinja2,C:\Users\Zhifei Chen\Desktop\pysmell\subjects_for_metrics\jinja2\docs\cache_extension.py,30,2,0,0,0
jinja2,C:\Users\Zhifei Chen\Desktop\pysmell\subjects_for_metrics\jinja2\docs\cache_extension.py,46,2,0,0,0
jinja2,C:\Users\Zhifei Chen\Desktop\pysmell\subjects_for_metrics\jinja2\docs\cache_extension.py,51,3,0,0,0
jinja2,C:\Users\Zhifei Chen\Desktop\pysmell\subjects_for_metrics\jinja2\docs\cache_extension.py,55,3,0,0,0
jinja2,C:\Users\Zhifei Chen\Desktop\pysmell\subjects_for_metrics\jinja2\docs\conf.py,19,2,0,0,0
jinja2,C:\Users\Zhifei Chen\Desktop\pysmell\subjects_for_metrics\jinja2\docs\conf.py,19,2,0,0,0
jinja2,C:\Users\Zhifei Chen\Desktop\pysmell\subjects_for_metrics\jinja2\docs\conf.py,19,2,0,0,0
jinja2,C:\Users\Zhifei Chen\Desktop\pysmell\subjects_for_metrics\jinja2\docs\jinjaext.py,31,2,0,0,0
jinja2,C:\Users\Zhifei Chen\Desktop\pysmell\subjects_for_metrics\jinja2\docs\jinjaext.py,32,2,0,0,0
jinja2,C:\Users\Zhifei Chen\Desktop\pysmell\subjects_for_metrics\jinja2\docs\jinjaext.py,33,2,0,0,0
jinja2,C:\Users\Zhifei Chen\Desktop\pysmell\subjects_for_metrics\jinja2\docs\jinjaext.py,34,2,0,0,0
jinja2,C:\Users\Zhifei Chen\Desktop\pysmell\subjects_for_metrics\jinja2\docs\jinjaext.py,36,2,0,0,0
jinja2,C:\Users\Zhifei Chen\Desktop\pysmell\subjects_for_metrics\jinja2\docs\jinjaext.py,37,2,0,0,0
jinja2,C:\Users\Zhifei Chen\Desktop\pysmell\subjects_for_metrics\jinja2\docs\jinjaext.py,149,2,0,0,0
jinja2,C:\Users\Zhifei Chen\Desktop\pysmell\subjects_for_metrics\jinja2\docs\jinjaext.py,159,2,0,0,0
jinja2,C:\Users\Zhifei Chen\Desktop\pysmell\subjects_for_metrics\jinja2\docs\jinjaext.py,162,2,0,0,0
jinja2,C:\Users\Zhifei Chen\Desktop\pysmell\subjects_for_metrics\jinja2\docs\jinjaext.py,185,4,0,1,1
jinja2,C:\Users\Zhifei Chen\Desktop\pysmell\subjects_for_metrics\jinja2\docs\jinjaext.py,186,2,0,0,0
jinja2,C:\Users\Zhifei Chen\Desktop\pysmell\subjects_for_metrics\jinja2\docs\jinjaext.py,186,3,0,0,0
jinja2,C:\Users\Zhifei Chen\Desktop\pysmell\subjects_for_metrics\jinja2\examples\bench.py,408,2,0,0,0
jinja2,C:\Users\Zhifei Chen\Desktop\pysmell\subjects_for_metrics\jinja2\examples\bench.py,419,2,0,0,0
jinja2,C:\Users\Zhifei Chen\Desktop\pysmell\subjects_for_metrics\jinja2\examples\bench.py,423,2,0,0,0
jinja2,C:\Users\Zhifei Chen\Desktop\pysmell\subjects_for_metrics\jinja2\examples\bench.py,424,2,0,0,0
jinja2,C:\Users\Zhifei Chen\Desktop\pysmell\subjects_for_metrics\jinja2\examples\bench.py,425,2,0,0,0
jinja2,C:\Users\Zhifei Chen\Desktop\pysmell\subjects_for_metrics\jinja2\examples\bench.py,426,2,0,0,0
jinja2,C:\Users\Zhifei Chen\Desktop\pysmell\subjects_for_metrics\jinja2\examples\bench.py,427,2,0,0,0
jinja2,C:\Users\Zhifei Chen\Desktop\pysmell\subjects_for_metrics\jinja2\examples\profile.py,45,2,0,0,0
jinja2,C:\Users\Zhifei Chen\Desktop\pysmell\subjects_for_metrics\jinja2\examples\rwbench\djangoext.py,22,2,0,0,0
jinja2,C:\Users\Zhifei Chen\Desktop\pysmell\subjects_for_metrics\jinja2\examples\rwbench\djangoext.py,72,2,0,0,0
jinja2,C:\Users\Zhifei Chen\Desktop\pysmell\subjects_for_metrics\jinja2\examples\rwbench\djangoext.py,76,2,0,0,0
jinja2,C:\Users\Zhifei Chen\Desktop\pysmell\subjects_for_metrics\jinja2\examples\rwbench\djangoext.py,78,2,0,0,0
jinja2,C:\Users\Zhifei Chen\Desktop\pysmell\subjects_for_metrics\jinja2\examples\rwbench\djangoext.py,96,2,0,0,0
jinja2,C:\Users\Zhifei Chen\Desktop\pysmell\subjects_for_metrics\jinja2\examples\rwbench\djangoext.py,101,2,0,0,0
jinja2,C:\Users\Zhifei Chen\Desktop\pysmell\subjects_for_metrics\jinja2\examples\rwbench\djangoext.py,103,2,0,0,0
jinja2,C:\Users\Zhifei Chen\Desktop\pysmell\subjects_for_metrics\jinja2\examples\rwbench\djangoext.py,105,2,0,0,0
jinja2,C:\Users\Zhifei Chen\Desktop\pysmell\subjects_for_metrics\jinja2\examples\rwbench\djangoext.py,123,2,0,0,0
jinja2,C:\Users\Zhifei Chen\Desktop\pysmell\subjects_for_metrics\jinja2\examples\rwbench\djangoext.py,127,2,0,0,0
jinja2,C:\Users\Zhifei Chen\Desktop\pysmell\subjects_for_metrics\jinja2\examples\rwbench\djangoext.py,129,2,0,0,0
jinja2,C:\Users\Zhifei Chen\Desktop\pysmell\subjects_for_metrics\jinja2\examples\rwbench\rwbench.py,98,2,0,0,0
jinja2,C:\Users\Zhifei Chen\Desktop\pysmell\subjects_for_metrics\jinja2\examples\rwbench\rwbench.py,102,2,0,0,0
jinja2,C:\Users\Zhifei Chen\Desktop\pysmell\subjects_for_metrics\jinja2\examples\rwbench\rwbench.py,103,2,0,0,0
jinja2,C:\Users\Zhifei Chen\Desktop\pysmell\subjects_for_metrics\jinja2\examples\rwbench\rwbench.py,104,2,0,0,0
jinja2,C:\Users\Zhifei Chen\Desktop\pysmell\subjects_for_metrics\jinja2\ext\django2jinja\django2jinja.py,93,2,0,0,0
jinja2,C:\Users\Zhifei Chen\Desktop\pysmell\subjects_for_metrics\jinja2\ext\django2jinja\django2jinja.py,97,2,0,0,0
jinja2,C:\Users\Zhifei Chen\Desktop\pysmell\subjects_for_metrics\jinja2\ext\django2jinja\django2jinja.py,137,2,0,0,0
jinja2,C:\Users\Zhifei Chen\Desktop\pysmell\subjects_for_metrics\jinja2\ext\django2jinja\django2jinja.py,137,2,0,0,0
jinja2,C:\Users\Zhifei Chen\Desktop\pysmell\subjects_for_metrics\jinja2\ext\django2jinja\django2jinja.py,138,2,0,0,0
jinja2,C:\Users\Zhifei Chen\Desktop\pysmell\subjects_for_metrics\jinja2\ext\django2jinja\django2jinja.py,139,2,0,0,0
jinja2,C:\Users\Zhifei Chen\Desktop\pysmell\subjects_for_metrics\jinja2\ext\django2jinja\django2jinja.py,140,2,0,0,0
jinja2,C:\Users\Zhifei Chen\Desktop\pysmell\subjects_for_metrics\jinja2\ext\django2jinja\django2jinja.py,204,2,0,0,0
jinja2,C:\Users\Zhifei Chen\Desktop\pysmell\subjects_for_metrics\jinja2\ext\django2jinja\django2jinja.py,274,2,0,0,0
jinja2,C:\Users\Zhifei Chen\Desktop\pysmell\subjects_for_metrics\jinja2\ext\django2jinja\django2jinja.py,331,2,0,0,0
jinja2,C:\Users\Zhifei Chen\Desktop\pysmell\subjects_for_metrics\jinja2\ext\django2jinja\django2jinja.py,337,2,0,0,0
jinja2,C:\Users\Zhifei Chen\Desktop\pysmell\subjects_for_metrics\jinja2\ext\django2jinja\django2jinja.py,344,2,0,0,0
jinja2,C:\Users\Zhifei Chen\Desktop\pysmell\subjects_for_metrics\jinja2\ext\django2jinja\django2jinja.py,374,3,0,0,0
jinja2,C:\Users\Zhifei Chen\Desktop\pysmell\subjects_for_metrics\jinja2\ext\django2jinja\django2jinja.py,375,2,0,0,0
jinja2,C:\Users\Zhifei Chen\Desktop\pysmell\subjects_for_metrics\jinja2\ext\django2jinja\django2jinja.py,426,3,0,0,0
jinja2,C:\Users\Zhifei Chen\Desktop\pysmell\subjects_for_metrics\jinja2\ext\django2jinja\django2jinja.py,463,2,0,0,0
jinja2,C:\Users\Zhifei Chen\Desktop\pysmell\subjects_for_metrics\jinja2\ext\django2jinja\django2jinja.py,489,2,0,0,0
jinja2,C:\Users\Zhifei Chen\Desktop\pysmell\subjects_for_metrics\jinja2\ext\django2jinja\django2jinja.py,521,2,0,0,0
jinja2,C:\Users\Zhifei Chen\Desktop\pysmell\subjects_for_metrics\jinja2\ext\django2jinja\django2jinja.py,544,2,0,0,0
jinja2,C:\Users\Zhifei Chen\Desktop\pysmell\subjects_for_metrics\jinja2\ext\django2jinja\django2jinja.py,546,2,0,0,0
jinja2,C:\Users\Zhifei Chen\Desktop\pysmell\subjects_for_metrics\jinja2\ext\django2jinja\django2jinja.py,584,2,0,0,0
jinja2,C:\Users\Zhifei Chen\Desktop\pysmell\subjects_for_metrics\jinja2\ext\django2jinja\django2jinja.py,622,3,0,0,0
jinja2,C:\Users\Zhifei Chen\Desktop\pysmell\subjects_for_metrics\jinja2\ext\django2jinja\django2jinja.py,626,2,0,0,0
jinja2,C:\Users\Zhifei Chen\Desktop\pysmell\subjects_for_metrics\jinja2\ext\django2jinja\django2jinja.py,634,3,0,0,0
jinja2,C:\Users\Zhifei Chen\Desktop\pysmell\subjects_for_metrics\jinja2\ext\django2jinja\django2jinja.py,697,2,0,0,0
jinja2,C:\Users\Zhifei Chen\Desktop\pysmell\subjects_for_metrics\jinja2\ext\django2jinja\django2jinja.py,732,2,0,0,0
jinja2,C:\Users\Zhifei Chen\Desktop\pysmell\subjects_for_metrics\jinja2\ext\django2jinja\django2jinja.py,734,2,0,0,0
jinja2,C:\Users\Zhifei Chen\Desktop\pysmell\subjects_for_metrics\jinja2\jinja2\bccache.py,234,2,0,0,0
jinja2,C:\Users\Zhifei Chen\Desktop\pysmell\subjects_for_metrics\jinja2\jinja2\compiler.py,64,2,0,0,0
jinja2,C:\Users\Zhifei Chen\Desktop\pysmell\subjects_for_metrics\jinja2\jinja2\compiler.py,126,2,0,0,0
jinja2,C:\Users\Zhifei Chen\Desktop\pysmell\subjects_for_metrics\jinja2\jinja2\compiler.py,127,2,0,0,0
jinja2,C:\Users\Zhifei Chen\Desktop\pysmell\subjects_for_metrics\jinja2\jinja2\compiler.py,174,3,0,0,0
jinja2,C:\Users\Zhifei Chen\Desktop\pysmell\subjects_for_metrics\jinja2\jinja2\compiler.py,175,2,0,0,0
jinja2,C:\Users\Zhifei Chen\Desktop\pysmell\subjects_for_metrics\jinja2\jinja2\compiler.py,176,2,0,0,0
jinja2,C:\Users\Zhifei Chen\Desktop\pysmell\subjects_for_metrics\jinja2\jinja2\compiler.py,179,3,0,0,0
jinja2,C:\Users\Zhifei Chen\Desktop\pysmell\subjects_for_metrics\jinja2\jinja2\compiler.py,180,2,0,0,0
jinja2,C:\Users\Zhifei Chen\Desktop\pysmell\subjects_for_metrics\jinja2\jinja2\compiler.py,181,2,0,0,0
jinja2,C:\Users\Zhifei Chen\Desktop\pysmell\subjects_for_metrics\jinja2\jinja2\compiler.py,188,2,0,0,0
jinja2,C:\Users\Zhifei Chen\Desktop\pysmell\subjects_for_metrics\jinja2\jinja2\compiler.py,189,2,0,0,0
jinja2,C:\Users\Zhifei Chen\Desktop\pysmell\subjects_for_metrics\jinja2\jinja2\compiler.py,190,3,0,0,0
jinja2,C:\Users\Zhifei Chen\Desktop\pysmell\subjects_for_metrics\jinja2\jinja2\compiler.py,190,2,0,0,0
jinja2,C:\Users\Zhifei Chen\Desktop\pysmell\subjects_for_metrics\jinja2\jinja2\compiler.py,240,2,0,0,0
jinja2,C:\Users\Zhifei Chen\Desktop\pysmell\subjects_for_metrics\jinja2\jinja2\compiler.py,244,2,0,0,0
jinja2,C:\Users\Zhifei Chen\Desktop\pysmell\subjects_for_metrics\jinja2\jinja2\compiler.py,262,2,0,0,0
jinja2,C:\Users\Zhifei Chen\Desktop\pysmell\subjects_for_metrics\jinja2\jinja2\compiler.py,266,2,0,0,0
jinja2,C:\Users\Zhifei Chen\Desktop\pysmell\subjects_for_metrics\jinja2\jinja2\compiler.py,281,3,0,0,0
jinja2,C:\Users\Zhifei Chen\Desktop\pysmell\subjects_for_metrics\jinja2\jinja2\compiler.py,283,3,0,0,0
jinja2,C:\Users\Zhifei Chen\Desktop\pysmell\subjects_for_metrics\jinja2\jinja2\compiler.py,285,2,0,0,0
jinja2,C:\Users\Zhifei Chen\Desktop\pysmell\subjects_for_metrics\jinja2\jinja2\compiler.py,286,3,0,0,0
jinja2,C:\Users\Zhifei Chen\Desktop\pysmell\subjects_for_metrics\jinja2\jinja2\compiler.py,301,2,0,0,0
jinja2,C:\Users\Zhifei Chen\Desktop\pysmell\subjects_for_metrics\jinja2\jinja2\compiler.py,304,2,0,0,0
jinja2,C:\Users\Zhifei Chen\Desktop\pysmell\subjects_for_metrics\jinja2\jinja2\compiler.py,304,2,0,0,0
jinja2,C:\Users\Zhifei Chen\Desktop\pysmell\subjects_for_metrics\jinja2\jinja2\compiler.py,313,2,0,0,0
jinja2,C:\Users\Zhifei Chen\Desktop\pysmell\subjects_for_metrics\jinja2\jinja2\compiler.py,317,2,0,0,0
jinja2,C:\Users\Zhifei Chen\Desktop\pysmell\subjects_for_metrics\jinja2\jinja2\compiler.py,320,3,0,0,0
jinja2,C:\Users\Zhifei Chen\Desktop\pysmell\subjects_for_metrics\jinja2\jinja2\compiler.py,324,3,0,0,0
jinja2,C:\Users\Zhifei Chen\Desktop\pysmell\subjects_for_metrics\jinja2\jinja2\compiler.py,330,3,0,0,0
jinja2,C:\Users\Zhifei Chen\Desktop\pysmell\subjects_for_metrics\jinja2\jinja2\compiler.py,332,3,0,0,0
jinja2,C:\Users\Zhifei Chen\Desktop\pysmell\subjects_for_metrics\jinja2\jinja2\compiler.py,441,2,0,0,0
jinja2,C:\Users\Zhifei Chen\Desktop\pysmell\subjects_for_metrics\jinja2\jinja2\compiler.py,450,2,0,0,0
jinja2,C:\Users\Zhifei Chen\Desktop\pysmell\subjects_for_metrics\jinja2\jinja2\compiler.py,500,2,0,0,0
jinja2,C:\Users\Zhifei Chen\Desktop\pysmell\subjects_for_metrics\jinja2\jinja2\compiler.py,503,2,0,0,0
jinja2,C:\Users\Zhifei Chen\Desktop\pysmell\subjects_for_metrics\jinja2\jinja2\compiler.py,507,2,0,0,0
jinja2,C:\Users\Zhifei Chen\Desktop\pysmell\subjects_for_metrics\jinja2\jinja2\compiler.py,509,2,0,0,0
jinja2,C:\Users\Zhifei Chen\Desktop\pysmell\subjects_for_metrics\jinja2\jinja2\compiler.py,578,2,0,0,0
jinja2,C:\Users\Zhifei Chen\Desktop\pysmell\subjects_for_metrics\jinja2\jinja2\compiler.py,600,2,0,0,0
jinja2,C:\Users\Zhifei Chen\Desktop\pysmell\subjects_for_metrics\jinja2\jinja2\compiler.py,603,2,0,0,0
jinja2,C:\Users\Zhifei Chen\Desktop\pysmell\subjects_for_metrics\jinja2\jinja2\compiler.py,621,2,0,0,0
jinja2,C:\Users\Zhifei Chen\Desktop\pysmell\subjects_for_metrics\jinja2\jinja2\compiler.py,633,2,0,0,0
jinja2,C:\Users\Zhifei Chen\Desktop\pysmell\subjects_for_metrics\jinja2\jinja2\compiler.py,669,2,0,0,0
jinja2,C:\Users\Zhifei Chen\Desktop\pysmell\subjects_for_metrics\jinja2\jinja2\compiler.py,670,2,0,0,0
jinja2,C:\Users\Zhifei Chen\Desktop\pysmell\subjects_for_metrics\jinja2\jinja2\compiler.py,671,2,0,0,0
jinja2,C:\Users\Zhifei Chen\Desktop\pysmell\subjects_for_metrics\jinja2\jinja2\compiler.py,672,2,0,0,0
jinja2,C:\Users\Zhifei Chen\Desktop\pysmell\subjects_for_metrics\jinja2\jinja2\compiler.py,681,2,0,0,0
jinja2,C:\Users\Zhifei Chen\Desktop\pysmell\subjects_for_metrics\jinja2\jinja2\compiler.py,682,2,0,0,0
jinja2,C:\Users\Zhifei Chen\Desktop\pysmell\subjects_for_metrics\jinja2\jinja2\compiler.py,683,2,0,0,0
jinja2,C:\Users\Zhifei Chen\Desktop\pysmell\subjects_for_metrics\jinja2\jinja2\compiler.py,699,2,0,0,0
jinja2,C:\Users\Zhifei Chen\Desktop\pysmell\subjects_for_metrics\jinja2\jinja2\compiler.py,703,2,0,0,0
jinja2,C:\Users\Zhifei Chen\Desktop\pysmell\subjects_for_metrics\jinja2\jinja2\compiler.py,707,2,0,0,0
jinja2,C:\Users\Zhifei Chen\Desktop\pysmell\subjects_for_metrics\jinja2\jinja2\compiler.py,724,2,0,0,0
jinja2,C:\Users\Zhifei Chen\Desktop\pysmell\subjects_for_metrics\jinja2\jinja2\compiler.py,812,2,0,0,0
jinja2,C:\Users\Zhifei Chen\Desktop\pysmell\subjects_for_metrics\jinja2\jinja2\compiler.py,841,2,0,0,0
jinja2,C:\Users\Zhifei Chen\Desktop\pysmell\subjects_for_metrics\jinja2\jinja2\compiler.py,844,2,0,0,0
jinja2,C:\Users\Zhifei Chen\Desktop\pysmell\subjects_for_metrics\jinja2\jinja2\compiler.py,936,2,0,0,0
jinja2,C:\Users\Zhifei Chen\Desktop\pysmell\subjects_for_metrics\jinja2\jinja2\compiler.py,938,2,0,0,0
jinja2,C:\Users\Zhifei Chen\Desktop\pysmell\subjects_for_metrics\jinja2\jinja2\compiler.py,983,2,0,0,0
jinja2,C:\Users\Zhifei Chen\Desktop\pysmell\subjects_for_metrics\jinja2\jinja2\compiler.py,985,2,0,0,0
jinja2,C:\Users\Zhifei Chen\Desktop\pysmell\subjects_for_metrics\jinja2\jinja2\compiler.py,1022,2,0,0,0
jinja2,C:\Users\Zhifei Chen\Desktop\pysmell\subjects_for_metrics\jinja2\jinja2\compiler.py,1075,2,0,0,0
jinja2,C:\Users\Zhifei Chen\Desktop\pysmell\subjects_for_metrics\jinja2\jinja2\compiler.py,1184,2,0,0,0
jinja2,C:\Users\Zhifei Chen\Desktop\pysmell\subjects_for_metrics\jinja2\jinja2\compiler.py,1189,2,0,0,0
jinja2,C:\Users\Zhifei Chen\Desktop\pysmell\subjects_for_metrics\jinja2\jinja2\compiler.py,1223,2,0,0,0
jinja2,C:\Users\Zhifei Chen\Desktop\pysmell\subjects_for_metrics\jinja2\jinja2\compiler.py,1224,2,0,0,0
jinja2,C:\Users\Zhifei Chen\Desktop\pysmell\subjects_for_metrics\jinja2\jinja2\compiler.py,1230,2,0,0,0
jinja2,C:\Users\Zhifei Chen\Desktop\pysmell\subjects_for_metrics\jinja2\jinja2\compiler.py,1232,2,0,0,0
jinja2,C:\Users\Zhifei Chen\Desktop\pysmell\subjects_for_metrics\jinja2\jinja2\compiler.py,1296,2,0,0,0
jinja2,C:\Users\Zhifei Chen\Desktop\pysmell\subjects_for_metrics\jinja2\jinja2\compiler.py,1299,2,0,0,0
jinja2,C:\Users\Zhifei Chen\Desktop\pysmell\subjects_for_metrics\jinja2\jinja2\compiler.py,1303,2,0,0,0
jinja2,C:\Users\Zhifei Chen\Desktop\pysmell\subjects_for_metrics\jinja2\jinja2\compiler.py,1305,2,0,0,0
jinja2,C:\Users\Zhifei Chen\Desktop\pysmell\subjects_for_metrics\jinja2\jinja2\compiler.py,1334,2,0,0,0
jinja2,C:\Users\Zhifei Chen\Desktop\pysmell\subjects_for_metrics\jinja2\jinja2\compiler.py,1338,2,0,0,0
jinja2,C:\Users\Zhifei Chen\Desktop\pysmell\subjects_for_metrics\jinja2\jinja2\compiler.py,1341,2,0,0,0
jinja2,C:\Users\Zhifei Chen\Desktop\pysmell\subjects_for_metrics\jinja2\jinja2\compiler.py,1343,2,0,0,0
jinja2,C:\Users\Zhifei Chen\Desktop\pysmell\subjects_for_metrics\jinja2\jinja2\compiler.py,1346,2,0,0,0
jinja2,C:\Users\Zhifei Chen\Desktop\pysmell\subjects_for_metrics\jinja2\jinja2\compiler.py,1349,2,0,0,0
jinja2,C:\Users\Zhifei Chen\Desktop\pysmell\subjects_for_metrics\jinja2\jinja2\compiler.py,1422,2,0,0,0
jinja2,C:\Users\Zhifei Chen\Desktop\pysmell\subjects_for_metrics\jinja2\jinja2\compiler.py,1424,2,0,0,0
jinja2,C:\Users\Zhifei Chen\Desktop\pysmell\subjects_for_metrics\jinja2\jinja2\compiler.py,1469,2,0,0,0
jinja2,C:\Users\Zhifei Chen\Desktop\pysmell\subjects_for_metrics\jinja2\jinja2\compiler.py,1470,2,0,0,0
jinja2,C:\Users\Zhifei Chen\Desktop\pysmell\subjects_for_metrics\jinja2\jinja2\compiler.py,1485,2,0,0,0
jinja2,C:\Users\Zhifei Chen\Desktop\pysmell\subjects_for_metrics\jinja2\jinja2\compiler.py,1486,2,0,0,0
jinja2,C:\Users\Zhifei Chen\Desktop\pysmell\subjects_for_metrics\jinja2\jinja2\compiler.py,1510,2,0,0,0
jinja2,C:\Users\Zhifei Chen\Desktop\pysmell\subjects_for_metrics\jinja2\jinja2\compiler.py,1513,2,0,0,0
jinja2,C:\Users\Zhifei Chen\Desktop\pysmell\subjects_for_metrics\jinja2\jinja2\compiler.py,1563,3,0,0,0
jinja2,C:\Users\Zhifei Chen\Desktop\pysmell\subjects_for_metrics\jinja2\jinja2\compiler.py,1577,2,0,0,0
jinja2,C:\Users\Zhifei Chen\Desktop\pysmell\subjects_for_metrics\jinja2\jinja2\compiler.py,1581,2,0,0,0
jinja2,C:\Users\Zhifei Chen\Desktop\pysmell\subjects_for_metrics\jinja2\jinja2\compiler.py,1590,2,0,0,0
jinja2,C:\Users\Zhifei Chen\Desktop\pysmell\subjects_for_metrics\jinja2\jinja2\compiler.py,1613,2,0,0,0
jinja2,C:\Users\Zhifei Chen\Desktop\pysmell\subjects_for_metrics\jinja2\jinja2\compiler.py,1680,2,0,0,0
jinja2,C:\Users\Zhifei Chen\Desktop\pysmell\subjects_for_metrics\jinja2\jinja2\compiler.py,1685,2,0,0,0
jinja2,C:\Users\Zhifei Chen\Desktop\pysmell\subjects_for_metrics\jinja2\jinja2\debug.py,60,3,0,0,0
jinja2,C:\Users\Zhifei Chen\Desktop\pysmell\subjects_for_metrics\jinja2\jinja2\debug.py,171,2,0,0,0
jinja2,C:\Users\Zhifei Chen\Desktop\pysmell\subjects_for_metrics\jinja2\jinja2\debug.py,180,3,0,0,0
jinja2,C:\Users\Zhifei Chen\Desktop\pysmell\subjects_for_metrics\jinja2\jinja2\debug.py,204,3,0,0,0
jinja2,C:\Users\Zhifei Chen\Desktop\pysmell\subjects_for_metrics\jinja2\jinja2\environment.py,323,2,0,0,0
jinja2,C:\Users\Zhifei Chen\Desktop\pysmell\subjects_for_metrics\jinja2\jinja2\environment.py,358,2,0,0,0
jinja2,C:\Users\Zhifei Chen\Desktop\pysmell\subjects_for_metrics\jinja2\jinja2\environment.py,375,2,0,0,0
jinja2,C:\Users\Zhifei Chen\Desktop\pysmell\subjects_for_metrics\jinja2\jinja2\environment.py,383,2,0,0,0
jinja2,C:\Users\Zhifei Chen\Desktop\pysmell\subjects_for_metrics\jinja2\jinja2\environment.py,422,2,0,0,0
jinja2,C:\Users\Zhifei Chen\Desktop\pysmell\subjects_for_metrics\jinja2\jinja2\environment.py,447,2,0,0,0
jinja2,C:\Users\Zhifei Chen\Desktop\pysmell\subjects_for_metrics\jinja2\jinja2\environment.py,502,2,0,0,0
jinja2,C:\Users\Zhifei Chen\Desktop\pysmell\subjects_for_metrics\jinja2\jinja2\environment.py,663,2,0,0,0
jinja2,C:\Users\Zhifei Chen\Desktop\pysmell\subjects_for_metrics\jinja2\jinja2\environment.py,675,2,0,0,0
jinja2,C:\Users\Zhifei Chen\Desktop\pysmell\subjects_for_metrics\jinja2\jinja2\environment.py,681,2,0,0,0
jinja2,C:\Users\Zhifei Chen\Desktop\pysmell\subjects_for_metrics\jinja2\jinja2\environment.py,723,2,0,0,0
jinja2,C:\Users\Zhifei Chen\Desktop\pysmell\subjects_for_metrics\jinja2\jinja2\environment.py,782,2,0,0,0
jinja2,C:\Users\Zhifei Chen\Desktop\pysmell\subjects_for_metrics\jinja2\jinja2\environment.py,786,2,0,0,0
jinja2,C:\Users\Zhifei Chen\Desktop\pysmell\subjects_for_metrics\jinja2\jinja2\environment.py,989,2,0,0,0
jinja2,C:\Users\Zhifei Chen\Desktop\pysmell\subjects_for_metrics\jinja2\jinja2\environment.py,1013,2,0,0,0
jinja2,C:\Users\Zhifei Chen\Desktop\pysmell\subjects_for_metrics\jinja2\jinja2\environment.py,1072,2,0,0,0
jinja2,C:\Users\Zhifei Chen\Desktop\pysmell\subjects_for_metrics\jinja2\jinja2\environment.py,1079,2,0,0,0
jinja2,C:\Users\Zhifei Chen\Desktop\pysmell\subjects_for_metrics\jinja2\jinja2\environment.py,1091,2,0,0,0
jinja2,C:\Users\Zhifei Chen\Desktop\pysmell\subjects_for_metrics\jinja2\jinja2\environment.py,1105,2,0,0,0
jinja2,C:\Users\Zhifei Chen\Desktop\pysmell\subjects_for_metrics\jinja2\jinja2\environment.py,1119,2,0,0,0
jinja2,C:\Users\Zhifei Chen\Desktop\pysmell\subjects_for_metrics\jinja2\jinja2\environment.py,1120,2,0,0,0
jinja2,C:\Users\Zhifei Chen\Desktop\pysmell\subjects_for_metrics\jinja2\jinja2\ext.py,76,2,0,0,0
jinja2,C:\Users\Zhifei Chen\Desktop\pysmell\subjects_for_metrics\jinja2\jinja2\ext.py,139,2,0,0,0
jinja2,C:\Users\Zhifei Chen\Desktop\pysmell\subjects_for_metrics\jinja2\jinja2\ext.py,150,2,0,0,0
jinja2,C:\Users\Zhifei Chen\Desktop\pysmell\subjects_for_metrics\jinja2\jinja2\ext.py,197,2,0,0,0
jinja2,C:\Users\Zhifei Chen\Desktop\pysmell\subjects_for_metrics\jinja2\jinja2\ext.py,198,2,0,0,0
jinja2,C:\Users\Zhifei Chen\Desktop\pysmell\subjects_for_metrics\jinja2\jinja2\ext.py,201,3,0,0,0
jinja2,C:\Users\Zhifei Chen\Desktop\pysmell\subjects_for_metrics\jinja2\jinja2\ext.py,208,3,0,0,0
jinja2,C:\Users\Zhifei Chen\Desktop\pysmell\subjects_for_metrics\jinja2\jinja2\ext.py,212,2,0,0,0
jinja2,C:\Users\Zhifei Chen\Desktop\pysmell\subjects_for_metrics\jinja2\jinja2\ext.py,226,3,0,0,0
jinja2,C:\Users\Zhifei Chen\Desktop\pysmell\subjects_for_metrics\jinja2\jinja2\ext.py,228,2,0,0,0
jinja2,C:\Users\Zhifei Chen\Desktop\pysmell\subjects_for_metrics\jinja2\jinja2\ext.py,231,2,0,0,0
jinja2,C:\Users\Zhifei Chen\Desktop\pysmell\subjects_for_metrics\jinja2\jinja2\ext.py,234,2,0,0,0
jinja2,C:\Users\Zhifei Chen\Desktop\pysmell\subjects_for_metrics\jinja2\jinja2\ext.py,241,3,0,0,0
jinja2,C:\Users\Zhifei Chen\Desktop\pysmell\subjects_for_metrics\jinja2\jinja2\ext.py,257,2,0,0,0
jinja2,C:\Users\Zhifei Chen\Desktop\pysmell\subjects_for_metrics\jinja2\jinja2\ext.py,272,3,0,0,0
jinja2,C:\Users\Zhifei Chen\Desktop\pysmell\subjects_for_metrics\jinja2\jinja2\ext.py,275,3,0,0,0
jinja2,C:\Users\Zhifei Chen\Desktop\pysmell\subjects_for_metrics\jinja2\jinja2\ext.py,276,2,0,0,0
jinja2,C:\Users\Zhifei Chen\Desktop\pysmell\subjects_for_metrics\jinja2\jinja2\ext.py,283,2,0,0,0
jinja2,C:\Users\Zhifei Chen\Desktop\pysmell\subjects_for_metrics\jinja2\jinja2\ext.py,314,3,0,0,0
jinja2,C:\Users\Zhifei Chen\Desktop\pysmell\subjects_for_metrics\jinja2\jinja2\ext.py,315,4,0,1,1
jinja2,C:\Users\Zhifei Chen\Desktop\pysmell\subjects_for_metrics\jinja2\jinja2\ext.py,317,3,0,0,0
jinja2,C:\Users\Zhifei Chen\Desktop\pysmell\subjects_for_metrics\jinja2\jinja2\ext.py,319,2,0,0,0
jinja2,C:\Users\Zhifei Chen\Desktop\pysmell\subjects_for_metrics\jinja2\jinja2\ext.py,322,2,0,0,0
jinja2,C:\Users\Zhifei Chen\Desktop\pysmell\subjects_for_metrics\jinja2\jinja2\ext.py,323,3,0,0,0
jinja2,C:\Users\Zhifei Chen\Desktop\pysmell\subjects_for_metrics\jinja2\jinja2\ext.py,325,3,0,0,0
jinja2,C:\Users\Zhifei Chen\Desktop\pysmell\subjects_for_metrics\jinja2\jinja2\ext.py,327,3,0,0,0
jinja2,C:\Users\Zhifei Chen\Desktop\pysmell\subjects_for_metrics\jinja2\jinja2\ext.py,334,2,0,0,0
jinja2,C:\Users\Zhifei Chen\Desktop\pysmell\subjects_for_metrics\jinja2\jinja2\ext.py,346,2,0,0,0
jinja2,C:\Users\Zhifei Chen\Desktop\pysmell\subjects_for_metrics\jinja2\jinja2\ext.py,369,2,0,0,0
jinja2,C:\Users\Zhifei Chen\Desktop\pysmell\subjects_for_metrics\jinja2\jinja2\ext.py,375,2,0,0,0
jinja2,C:\Users\Zhifei Chen\Desktop\pysmell\subjects_for_metrics\jinja2\jinja2\ext.py,420,3,0,0,0
jinja2,C:\Users\Zhifei Chen\Desktop\pysmell\subjects_for_metrics\jinja2\jinja2\ext.py,421,3,0,0,0
jinja2,C:\Users\Zhifei Chen\Desktop\pysmell\subjects_for_metrics\jinja2\jinja2\ext.py,423,2,0,0,0
jinja2,C:\Users\Zhifei Chen\Desktop\pysmell\subjects_for_metrics\jinja2\jinja2\ext.py,425,2,0,0,0
jinja2,C:\Users\Zhifei Chen\Desktop\pysmell\subjects_for_metrics\jinja2\jinja2\ext.py,486,2,0,0,0
jinja2,C:\Users\Zhifei Chen\Desktop\pysmell\subjects_for_metrics\jinja2\jinja2\ext.py,513,2,0,0,0
jinja2,C:\Users\Zhifei Chen\Desktop\pysmell\subjects_for_metrics\jinja2\jinja2\filters.py,845,2,0,0,0
jinja2,C:\Users\Zhifei Chen\Desktop\pysmell\subjects_for_metrics\jinja2\jinja2\lexer.py,281,2,0,0,0
jinja2,C:\Users\Zhifei Chen\Desktop\pysmell\subjects_for_metrics\jinja2\jinja2\lexer.py,283,2,0,0,0
jinja2,C:\Users\Zhifei Chen\Desktop\pysmell\subjects_for_metrics\jinja2\jinja2\lexer.py,309,2,0,0,0
jinja2,C:\Users\Zhifei Chen\Desktop\pysmell\subjects_for_metrics\jinja2\jinja2\lexer.py,316,2,0,0,0
jinja2,C:\Users\Zhifei Chen\Desktop\pysmell\subjects_for_metrics\jinja2\jinja2\lexer.py,335,2,0,0,0
jinja2,C:\Users\Zhifei Chen\Desktop\pysmell\subjects_for_metrics\jinja2\jinja2\lexer.py,346,2,0,0,0
jinja2,C:\Users\Zhifei Chen\Desktop\pysmell\subjects_for_metrics\jinja2\jinja2\lexer.py,347,2,0,0,0
jinja2,C:\Users\Zhifei Chen\Desktop\pysmell\subjects_for_metrics\jinja2\jinja2\lexer.py,356,2,0,0,0
jinja2,C:\Users\Zhifei Chen\Desktop\pysmell\subjects_for_metrics\jinja2\jinja2\lexer.py,364,2,0,0,0
jinja2,C:\Users\Zhifei Chen\Desktop\pysmell\subjects_for_metrics\jinja2\jinja2\lexer.py,366,2,0,0,0
jinja2,C:\Users\Zhifei Chen\Desktop\pysmell\subjects_for_metrics\jinja2\jinja2\lexer.py,369,2,0,0,0
jinja2,C:\Users\Zhifei Chen\Desktop\pysmell\subjects_for_metrics\jinja2\jinja2\lexer.py,373,2,0,0,0
jinja2,C:\Users\Zhifei Chen\Desktop\pysmell\subjects_for_metrics\jinja2\jinja2\loaders.py,90,2,0,0,0
jinja2,C:\Users\Zhifei Chen\Desktop\pysmell\subjects_for_metrics\jinja2\jinja2\loaders.py,134,2,0,0,0
jinja2,C:\Users\Zhifei Chen\Desktop\pysmell\subjects_for_metrics\jinja2\jinja2\loaders.py,195,2,0,0,0
jinja2,C:\Users\Zhifei Chen\Desktop\pysmell\subjects_for_metrics\jinja2\jinja2\loaders.py,196,2,0,0,0
jinja2,C:\Users\Zhifei Chen\Desktop\pysmell\subjects_for_metrics\jinja2\jinja2\loaders.py,197,2,0,0,0
jinja2,C:\Users\Zhifei Chen\Desktop\pysmell\subjects_for_metrics\jinja2\jinja2\loaders.py,234,2,0,0,0
jinja2,C:\Users\Zhifei Chen\Desktop\pysmell\subjects_for_metrics\jinja2\jinja2\loaders.py,239,2,0,0,0
jinja2,C:\Users\Zhifei Chen\Desktop\pysmell\subjects_for_metrics\jinja2\jinja2\loaders.py,247,2,0,0,0
jinja2,C:\Users\Zhifei Chen\Desktop\pysmell\subjects_for_metrics\jinja2\jinja2\loaders.py,259,2,0,0,0
jinja2,C:\Users\Zhifei Chen\Desktop\pysmell\subjects_for_metrics\jinja2\jinja2\loaders.py,261,2,0,0,0
jinja2,C:\Users\Zhifei Chen\Desktop\pysmell\subjects_for_metrics\jinja2\jinja2\loaders.py,285,2,0,0,0
jinja2,C:\Users\Zhifei Chen\Desktop\pysmell\subjects_for_metrics\jinja2\jinja2\loaders.py,449,2,0,0,0
jinja2,C:\Users\Zhifei Chen\Desktop\pysmell\subjects_for_metrics\jinja2\jinja2\loaders.py,478,2,0,0,0
jinja2,C:\Users\Zhifei Chen\Desktop\pysmell\subjects_for_metrics\jinja2\jinja2\loaders.py,480,2,0,0,0
jinja2,C:\Users\Zhifei Chen\Desktop\pysmell\subjects_for_metrics\jinja2\jinja2\meta.py,30,2,0,0,0
jinja2,C:\Users\Zhifei Chen\Desktop\pysmell\subjects_for_metrics\jinja2\jinja2\meta.py,30,2,0,0,0
jinja2,C:\Users\Zhifei Chen\Desktop\pysmell\subjects_for_metrics\jinja2\jinja2\meta.py,77,2,0,0,0
jinja2,C:\Users\Zhifei Chen\Desktop\pysmell\subjects_for_metrics\jinja2\jinja2\meta.py,91,2,0,0,0
jinja2,C:\Users\Zhifei Chen\Desktop\pysmell\subjects_for_metrics\jinja2\jinja2\meta.py,92,2,0,0,0
jinja2,C:\Users\Zhifei Chen\Desktop\pysmell\subjects_for_metrics\jinja2\jinja2\meta.py,97,2,0,0,0
jinja2,C:\Users\Zhifei Chen\Desktop\pysmell\subjects_for_metrics\jinja2\jinja2\meta.py,98,2,0,0,0
jinja2,C:\Users\Zhifei Chen\Desktop\pysmell\subjects_for_metrics\jinja2\jinja2\nodes.py,90,2,0,0,0
jinja2,C:\Users\Zhifei Chen\Desktop\pysmell\subjects_for_metrics\jinja2\jinja2\nodes.py,93,2,0,0,0
jinja2,C:\Users\Zhifei Chen\Desktop\pysmell\subjects_for_metrics\jinja2\jinja2\nodes.py,94,2,0,0,0
jinja2,C:\Users\Zhifei Chen\Desktop\pysmell\subjects_for_metrics\jinja2\jinja2\nodes.py,134,2,0,0,0
jinja2,C:\Users\Zhifei Chen\Desktop\pysmell\subjects_for_metrics\jinja2\jinja2\nodes.py,136,2,0,0,0
jinja2,C:\Users\Zhifei Chen\Desktop\pysmell\subjects_for_metrics\jinja2\jinja2\nodes.py,240,2,0,0,0
jinja2,C:\Users\Zhifei Chen\Desktop\pysmell\subjects_for_metrics\jinja2\jinja2\nodes.py,386,2,0,0,0
jinja2,C:\Users\Zhifei Chen\Desktop\pysmell\subjects_for_metrics\jinja2\jinja2\nodes.py,387,2,0,0,0
jinja2,C:\Users\Zhifei Chen\Desktop\pysmell\subjects_for_metrics\jinja2\jinja2\nodes.py,405,2,0,0,0
jinja2,C:\Users\Zhifei Chen\Desktop\pysmell\subjects_for_metrics\jinja2\jinja2\nodes.py,406,2,0,0,0
jinja2,C:\Users\Zhifei Chen\Desktop\pysmell\subjects_for_metrics\jinja2\jinja2\nodes.py,515,2,0,0,0
jinja2,C:\Users\Zhifei Chen\Desktop\pysmell\subjects_for_metrics\jinja2\jinja2\nodes.py,515,2,0,0,0
jinja2,C:\Users\Zhifei Chen\Desktop\pysmell\subjects_for_metrics\jinja2\jinja2\nodes.py,524,2,0,0,0
jinja2,C:\Users\Zhifei Chen\Desktop\pysmell\subjects_for_metrics\jinja2\jinja2\nodes.py,535,2,0,0,0
jinja2,C:\Users\Zhifei Chen\Desktop\pysmell\subjects_for_metrics\jinja2\jinja2\nodes.py,536,2,0,0,0
jinja2,C:\Users\Zhifei Chen\Desktop\pysmell\subjects_for_metrics\jinja2\jinja2\nodes.py,542,2,0,0,0
jinja2,C:\Users\Zhifei Chen\Desktop\pysmell\subjects_for_metrics\jinja2\jinja2\nodes.py,563,3,0,0,0
jinja2,C:\Users\Zhifei Chen\Desktop\pysmell\subjects_for_metrics\jinja2\jinja2\nodes.py,566,2,0,0,0
jinja2,C:\Users\Zhifei Chen\Desktop\pysmell\subjects_for_metrics\jinja2\jinja2\nodes.py,609,2,0,0,0
jinja2,C:\Users\Zhifei Chen\Desktop\pysmell\subjects_for_metrics\jinja2\jinja2\nodes.py,710,2,0,0,0
jinja2,C:\Users\Zhifei Chen\Desktop\pysmell\subjects_for_metrics\jinja2\jinja2\nodes.py,774,2,0,0,0
jinja2,C:\Users\Zhifei Chen\Desktop\pysmell\subjects_for_metrics\jinja2\jinja2\nodes.py,774,2,0,0,0
jinja2,C:\Users\Zhifei Chen\Desktop\pysmell\subjects_for_metrics\jinja2\jinja2\nodes.py,783,2,0,0,0
jinja2,C:\Users\Zhifei Chen\Desktop\pysmell\subjects_for_metrics\jinja2\jinja2\nodes.py,783,2,0,0,0
jinja2,C:\Users\Zhifei Chen\Desktop\pysmell\subjects_for_metrics\jinja2\jinja2\nodes.py,850,2,0,0,0
jinja2,C:\Users\Zhifei Chen\Desktop\pysmell\subjects_for_metrics\jinja2\jinja2\nodes.py,865,2,0,0,0
jinja2,C:\Users\Zhifei Chen\Desktop\pysmell\subjects_for_metrics\jinja2\jinja2\parser.py,49,3,0,0,0
jinja2,C:\Users\Zhifei Chen\Desktop\pysmell\subjects_for_metrics\jinja2\jinja2\parser.py,99,3,0,0,0
jinja2,C:\Users\Zhifei Chen\Desktop\pysmell\subjects_for_metrics\jinja2\jinja2\parser.py,102,3,0,0,0
jinja2,C:\Users\Zhifei Chen\Desktop\pysmell\subjects_for_metrics\jinja2\jinja2\parser.py,109,2,0,0,0
jinja2,C:\Users\Zhifei Chen\Desktop\pysmell\subjects_for_metrics\jinja2\jinja2\parser.py,114,2,0,0,0
jinja2,C:\Users\Zhifei Chen\Desktop\pysmell\subjects_for_metrics\jinja2\jinja2\parser.py,117,2,0,0,0
jinja2,C:\Users\Zhifei Chen\Desktop\pysmell\subjects_for_metrics\jinja2\jinja2\parser.py,121,3,0,0,0
jinja2,C:\Users\Zhifei Chen\Desktop\pysmell\subjects_for_metrics\jinja2\jinja2\parser.py,126,2,0,0,0
jinja2,C:\Users\Zhifei Chen\Desktop\pysmell\subjects_for_metrics\jinja2\jinja2\parser.py,133,2,0,0,0
jinja2,C:\Users\Zhifei Chen\Desktop\pysmell\subjects_for_metrics\jinja2\jinja2\parser.py,138,2,0,0,0
jinja2,C:\Users\Zhifei Chen\Desktop\pysmell\subjects_for_metrics\jinja2\jinja2\parser.py,151,2,0,0,0
jinja2,C:\Users\Zhifei Chen\Desktop\pysmell\subjects_for_metrics\jinja2\jinja2\parser.py,155,2,0,0,0
jinja2,C:\Users\Zhifei Chen\Desktop\pysmell\subjects_for_metrics\jinja2\jinja2\parser.py,160,3,0,0,0
jinja2,C:\Users\Zhifei Chen\Desktop\pysmell\subjects_for_metrics\jinja2\jinja2\parser.py,171,2,0,0,0
jinja2,C:\Users\Zhifei Chen\Desktop\pysmell\subjects_for_metrics\jinja2\jinja2\parser.py,180,2,0,0,0
jinja2,C:\Users\Zhifei Chen\Desktop\pysmell\subjects_for_metrics\jinja2\jinja2\parser.py,182,2,0,0,0
jinja2,C:\Users\Zhifei Chen\Desktop\pysmell\subjects_for_metrics\jinja2\jinja2\parser.py,186,2,0,0,0
jinja2,C:\Users\Zhifei Chen\Desktop\pysmell\subjects_for_metrics\jinja2\jinja2\parser.py,188,2,0,0,0
jinja2,C:\Users\Zhifei Chen\Desktop\pysmell\subjects_for_metrics\jinja2\jinja2\parser.py,199,2,0,0,0
jinja2,C:\Users\Zhifei Chen\Desktop\pysmell\subjects_for_metrics\jinja2\jinja2\parser.py,206,3,0,0,0
jinja2,C:\Users\Zhifei Chen\Desktop\pysmell\subjects_for_metrics\jinja2\jinja2\parser.py,220,2,0,0,0
jinja2,C:\Users\Zhifei Chen\Desktop\pysmell\subjects_for_metrics\jinja2\jinja2\parser.py,221,2,0,0,0
jinja2,C:\Users\Zhifei Chen\Desktop\pysmell\subjects_for_metrics\jinja2\jinja2\parser.py,226,3,0,0,0
jinja2,C:\Users\Zhifei Chen\Desktop\pysmell\subjects_for_metrics\jinja2\jinja2\parser.py,232,2,0,0,0
jinja2,C:\Users\Zhifei Chen\Desktop\pysmell\subjects_for_metrics\jinja2\jinja2\parser.py,241,3,0,0,0
jinja2,C:\Users\Zhifei Chen\Desktop\pysmell\subjects_for_metrics\jinja2\jinja2\parser.py,242,2,0,0,0
jinja2,C:\Users\Zhifei Chen\Desktop\pysmell\subjects_for_metrics\jinja2\jinja2\parser.py,244,2,0,0,0
jinja2,C:\Users\Zhifei Chen\Desktop\pysmell\subjects_for_metrics\jinja2\jinja2\parser.py,252,3,0,0,0
jinja2,C:\Users\Zhifei Chen\Desktop\pysmell\subjects_for_metrics\jinja2\jinja2\parser.py,253,2,0,0,0
jinja2,C:\Users\Zhifei Chen\Desktop\pysmell\subjects_for_metrics\jinja2\jinja2\parser.py,255,2,0,0,0
jinja2,C:\Users\Zhifei Chen\Desktop\pysmell\subjects_for_metrics\jinja2\jinja2\parser.py,263,2,0,0,0
jinja2,C:\Users\Zhifei Chen\Desktop\pysmell\subjects_for_metrics\jinja2\jinja2\parser.py,270,2,0,0,0
jinja2,C:\Users\Zhifei Chen\Desktop\pysmell\subjects_for_metrics\jinja2\jinja2\parser.py,274,3,0,0,0
jinja2,C:\Users\Zhifei Chen\Desktop\pysmell\subjects_for_metrics\jinja2\jinja2\parser.py,275,2,0,0,0
jinja2,C:\Users\Zhifei Chen\Desktop\pysmell\subjects_for_metrics\jinja2\jinja2\parser.py,277,2,0,0,0
jinja2,C:\Users\Zhifei Chen\Desktop\pysmell\subjects_for_metrics\jinja2\jinja2\parser.py,283,2,0,0,0
jinja2,C:\Users\Zhifei Chen\Desktop\pysmell\subjects_for_metrics\jinja2\jinja2\parser.py,284,3,0,0,0
jinja2,C:\Users\Zhifei Chen\Desktop\pysmell\subjects_for_metrics\jinja2\jinja2\parser.py,288,2,0,0,0
jinja2,C:\Users\Zhifei Chen\Desktop\pysmell\subjects_for_metrics\jinja2\jinja2\parser.py,292,2,0,0,0
jinja2,C:\Users\Zhifei Chen\Desktop\pysmell\subjects_for_metrics\jinja2\jinja2\parser.py,294,2,0,0,0
jinja2,C:\Users\Zhifei Chen\Desktop\pysmell\subjects_for_metrics\jinja2\jinja2\parser.py,296,2,0,0,0
jinja2,C:\Users\Zhifei Chen\Desktop\pysmell\subjects_for_metrics\jinja2\jinja2\parser.py,297,3,0,0,0
jinja2,C:\Users\Zhifei Chen\Desktop\pysmell\subjects_for_metrics\jinja2\jinja2\parser.py,303,2,0,0,0
jinja2,C:\Users\Zhifei Chen\Desktop\pysmell\subjects_for_metrics\jinja2\jinja2\parser.py,309,2,0,0,0
jinja2,C:\Users\Zhifei Chen\Desktop\pysmell\subjects_for_metrics\jinja2\jinja2\parser.py,310,3,0,0,0
jinja2,C:\Users\Zhifei Chen\Desktop\pysmell\subjects_for_metrics\jinja2\jinja2\parser.py,312,2,0,0,0
jinja2,C:\Users\Zhifei Chen\Desktop\pysmell\subjects_for_metrics\jinja2\jinja2\parser.py,315,2,0,0,0
jinja2,C:\Users\Zhifei Chen\Desktop\pysmell\subjects_for_metrics\jinja2\jinja2\parser.py,320,2,0,0,0
jinja2,C:\Users\Zhifei Chen\Desktop\pysmell\subjects_for_metrics\jinja2\jinja2\parser.py,324,3,0,0,0
jinja2,C:\Users\Zhifei Chen\Desktop\pysmell\subjects_for_metrics\jinja2\jinja2\parser.py,354,3,0,0,0
jinja2,C:\Users\Zhifei Chen\Desktop\pysmell\subjects_for_metrics\jinja2\jinja2\parser.py,356,2,0,0,0
jinja2,C:\Users\Zhifei Chen\Desktop\pysmell\subjects_for_metrics\jinja2\jinja2\parser.py,357,2,0,0,0
jinja2,C:\Users\Zhifei Chen\Desktop\pysmell\subjects_for_metrics\jinja2\jinja2\parser.py,370,2,0,0,0
jinja2,C:\Users\Zhifei Chen\Desktop\pysmell\subjects_for_metrics\jinja2\jinja2\parser.py,380,3,0,0,0
jinja2,C:\Users\Zhifei Chen\Desktop\pysmell\subjects_for_metrics\jinja2\jinja2\parser.py,394,3,0,0,0
jinja2,C:\Users\Zhifei Chen\Desktop\pysmell\subjects_for_metrics\jinja2\jinja2\parser.py,396,2,0,0,0
jinja2,C:\Users\Zhifei Chen\Desktop\pysmell\subjects_for_metrics\jinja2\jinja2\parser.py,398,2,0,0,0
jinja2,C:\Users\Zhifei Chen\Desktop\pysmell\subjects_for_metrics\jinja2\jinja2\parser.py,403,3,0,0,0
jinja2,C:\Users\Zhifei Chen\Desktop\pysmell\subjects_for_metrics\jinja2\jinja2\parser.py,407,3,0,0,0
jinja2,C:\Users\Zhifei Chen\Desktop\pysmell\subjects_for_metrics\jinja2\jinja2\parser.py,409,2,0,0,0
jinja2,C:\Users\Zhifei Chen\Desktop\pysmell\subjects_for_metrics\jinja2\jinja2\parser.py,412,3,0,0,0
jinja2,C:\Users\Zhifei Chen\Desktop\pysmell\subjects_for_metrics\jinja2\jinja2\parser.py,416,3,0,0,0
jinja2,C:\Users\Zhifei Chen\Desktop\pysmell\subjects_for_metrics\jinja2\jinja2\parser.py,418,2,0,0,0
jinja2,C:\Users\Zhifei Chen\Desktop\pysmell\subjects_for_metrics\jinja2\jinja2\parser.py,421,3,0,0,0
jinja2,C:\Users\Zhifei Chen\Desktop\pysmell\subjects_for_metrics\jinja2\jinja2\parser.py,425,3,0,0,0
jinja2,C:\Users\Zhifei Chen\Desktop\pysmell\subjects_for_metrics\jinja2\jinja2\parser.py,431,3,0,0,0
jinja2,C:\Users\Zhifei Chen\Desktop\pysmell\subjects_for_metrics\jinja2\jinja2\parser.py,435,3,0,0,0
jinja2,C:\Users\Zhifei Chen\Desktop\pysmell\subjects_for_metrics\jinja2\jinja2\parser.py,439,2,0,0,0
jinja2,C:\Users\Zhifei Chen\Desktop\pysmell\subjects_for_metrics\jinja2\jinja2\parser.py,441,3,0,0,0
jinja2,C:\Users\Zhifei Chen\Desktop\pysmell\subjects_for_metrics\jinja2\jinja2\parser.py,442,2,0,0,0
jinja2,C:\Users\Zhifei Chen\Desktop\pysmell\subjects_for_metrics\jinja2\jinja2\parser.py,443,2,0,0,0
jinja2,C:\Users\Zhifei Chen\Desktop\pysmell\subjects_for_metrics\jinja2\jinja2\parser.py,447,3,0,0,0
jinja2,C:\Users\Zhifei Chen\Desktop\pysmell\subjects_for_metrics\jinja2\jinja2\parser.py,453,3,0,0,0
jinja2,C:\Users\Zhifei Chen\Desktop\pysmell\subjects_for_metrics\jinja2\jinja2\parser.py,455,3,0,0,0
jinja2,C:\Users\Zhifei Chen\Desktop\pysmell\subjects_for_metrics\jinja2\jinja2\parser.py,459,3,0,0,0
jinja2,C:\Users\Zhifei Chen\Desktop\pysmell\subjects_for_metrics\jinja2\jinja2\parser.py,463,3,0,0,0
jinja2,C:\Users\Zhifei Chen\Desktop\pysmell\subjects_for_metrics\jinja2\jinja2\parser.py,465,3,0,0,0
jinja2,C:\Users\Zhifei Chen\Desktop\pysmell\subjects_for_metrics\jinja2\jinja2\parser.py,469,3,0,0,0
jinja2,C:\Users\Zhifei Chen\Desktop\pysmell\subjects_for_metrics\jinja2\jinja2\parser.py,473,3,0,0,0
jinja2,C:\Users\Zhifei Chen\Desktop\pysmell\subjects_for_metrics\jinja2\jinja2\parser.py,475,3,0,0,0
jinja2,C:\Users\Zhifei Chen\Desktop\pysmell\subjects_for_metrics\jinja2\jinja2\parser.py,483,3,0,0,0
jinja2,C:\Users\Zhifei Chen\Desktop\pysmell\subjects_for_metrics\jinja2\jinja2\parser.py,485,3,0,0,0
jinja2,C:\Users\Zhifei Chen\Desktop\pysmell\subjects_for_metrics\jinja2\jinja2\parser.py,489,3,0,0,0
jinja2,C:\Users\Zhifei Chen\Desktop\pysmell\subjects_for_metrics\jinja2\jinja2\parser.py,493,3,0,0,0
jinja2,C:\Users\Zhifei Chen\Desktop\pysmell\subjects_for_metrics\jinja2\jinja2\parser.py,495,3,0,0,0
jinja2,C:\Users\Zhifei Chen\Desktop\pysmell\subjects_for_metrics\jinja2\jinja2\parser.py,499,3,0,0,0
jinja2,C:\Users\Zhifei Chen\Desktop\pysmell\subjects_for_metrics\jinja2\jinja2\parser.py,503,3,0,0,0
jinja2,C:\Users\Zhifei Chen\Desktop\pysmell\subjects_for_metrics\jinja2\jinja2\parser.py,505,3,0,0,0
jinja2,C:\Users\Zhifei Chen\Desktop\pysmell\subjects_for_metrics\jinja2\jinja2\parser.py,509,3,0,0,0
jinja2,C:\Users\Zhifei Chen\Desktop\pysmell\subjects_for_metrics\jinja2\jinja2\parser.py,513,3,0,0,0
jinja2,C:\Users\Zhifei Chen\Desktop\pysmell\subjects_for_metrics\jinja2\jinja2\parser.py,515,3,0,0,0
jinja2,C:\Users\Zhifei Chen\Desktop\pysmell\subjects_for_metrics\jinja2\jinja2\parser.py,519,3,0,0,0
jinja2,C:\Users\Zhifei Chen\Desktop\pysmell\subjects_for_metrics\jinja2\jinja2\parser.py,523,3,0,0,0
jinja2,C:\Users\Zhifei Chen\Desktop\pysmell\subjects_for_metrics\jinja2\jinja2\parser.py,525,3,0,0,0
jinja2,C:\Users\Zhifei Chen\Desktop\pysmell\subjects_for_metrics\jinja2\jinja2\parser.py,529,3,0,0,0
jinja2,C:\Users\Zhifei Chen\Desktop\pysmell\subjects_for_metrics\jinja2\jinja2\parser.py,533,3,0,0,0
jinja2,C:\Users\Zhifei Chen\Desktop\pysmell\subjects_for_metrics\jinja2\jinja2\parser.py,534,3,0,0,0
jinja2,C:\Users\Zhifei Chen\Desktop\pysmell\subjects_for_metrics\jinja2\jinja2\parser.py,549,2,0,0,0
jinja2,C:\Users\Zhifei Chen\Desktop\pysmell\subjects_for_metrics\jinja2\jinja2\parser.py,563,3,0,0,0
jinja2,C:\Users\Zhifei Chen\Desktop\pysmell\subjects_for_metrics\jinja2\jinja2\parser.py,564,3,0,0,0
jinja2,C:\Users\Zhifei Chen\Desktop\pysmell\subjects_for_metrics\jinja2\jinja2\parser.py,573,2,0,0,0
jinja2,C:\Users\Zhifei Chen\Desktop\pysmell\subjects_for_metrics\jinja2\jinja2\parser.py,602,3,0,0,0
jinja2,C:\Users\Zhifei Chen\Desktop\pysmell\subjects_for_metrics\jinja2\jinja2\parser.py,613,2,0,0,0
jinja2,C:\Users\Zhifei Chen\Desktop\pysmell\subjects_for_metrics\jinja2\jinja2\parser.py,617,3,0,0,0
jinja2,C:\Users\Zhifei Chen\Desktop\pysmell\subjects_for_metrics\jinja2\jinja2\parser.py,621,3,0,0,0
jinja2,C:\Users\Zhifei Chen\Desktop\pysmell\subjects_for_metrics\jinja2\jinja2\parser.py,633,2,0,0,0
jinja2,C:\Users\Zhifei Chen\Desktop\pysmell\subjects_for_metrics\jinja2\jinja2\parser.py,638,2,0,0,0
jinja2,C:\Users\Zhifei Chen\Desktop\pysmell\subjects_for_metrics\jinja2\jinja2\parser.py,640,3,0,0,0
jinja2,C:\Users\Zhifei Chen\Desktop\pysmell\subjects_for_metrics\jinja2\jinja2\parser.py,642,2,0,0,0
jinja2,C:\Users\Zhifei Chen\Desktop\pysmell\subjects_for_metrics\jinja2\jinja2\parser.py,643,3,0,0,0
jinja2,C:\Users\Zhifei Chen\Desktop\pysmell\subjects_for_metrics\jinja2\jinja2\parser.py,646,2,0,0,0
jinja2,C:\Users\Zhifei Chen\Desktop\pysmell\subjects_for_metrics\jinja2\jinja2\parser.py,650,2,0,0,0
jinja2,C:\Users\Zhifei Chen\Desktop\pysmell\subjects_for_metrics\jinja2\jinja2\parser.py,652,3,0,0,0
jinja2,C:\Users\Zhifei Chen\Desktop\pysmell\subjects_for_metrics\jinja2\jinja2\parser.py,654,2,0,0,0
jinja2,C:\Users\Zhifei Chen\Desktop\pysmell\subjects_for_metrics\jinja2\jinja2\parser.py,655,3,0,0,0
jinja2,C:\Users\Zhifei Chen\Desktop\pysmell\subjects_for_metrics\jinja2\jinja2\parser.py,658,2,0,0,0
jinja2,C:\Users\Zhifei Chen\Desktop\pysmell\subjects_for_metrics\jinja2\jinja2\parser.py,661,2,0,0,0
jinja2,C:\Users\Zhifei Chen\Desktop\pysmell\subjects_for_metrics\jinja2\jinja2\parser.py,666,3,0,0,0
jinja2,C:\Users\Zhifei Chen\Desktop\pysmell\subjects_for_metrics\jinja2\jinja2\parser.py,679,3,0,0,0
jinja2,C:\Users\Zhifei Chen\Desktop\pysmell\subjects_for_metrics\jinja2\jinja2\parser.py,682,3,0,0,0
jinja2,C:\Users\Zhifei Chen\Desktop\pysmell\subjects_for_metrics\jinja2\jinja2\parser.py,695,2,0,0,0
jinja2,C:\Users\Zhifei Chen\Desktop\pysmell\subjects_for_metrics\jinja2\jinja2\parser.py,706,3,0,0,0
jinja2,C:\Users\Zhifei Chen\Desktop\pysmell\subjects_for_metrics\jinja2\jinja2\parser.py,708,2,0,0,0
jinja2,C:\Users\Zhifei Chen\Desktop\pysmell\subjects_for_metrics\jinja2\jinja2\parser.py,710,2,0,0,0
jinja2,C:\Users\Zhifei Chen\Desktop\pysmell\subjects_for_metrics\jinja2\jinja2\parser.py,719,3,0,0,0
jinja2,C:\Users\Zhifei Chen\Desktop\pysmell\subjects_for_metrics\jinja2\jinja2\parser.py,721,3,0,0,0
jinja2,C:\Users\Zhifei Chen\Desktop\pysmell\subjects_for_metrics\jinja2\jinja2\parser.py,726,3,0,0,0
jinja2,C:\Users\Zhifei Chen\Desktop\pysmell\subjects_for_metrics\jinja2\jinja2\parser.py,731,3,0,0,0
jinja2,C:\Users\Zhifei Chen\Desktop\pysmell\subjects_for_metrics\jinja2\jinja2\parser.py,733,3,0,0,0
jinja2,C:\Users\Zhifei Chen\Desktop\pysmell\subjects_for_metrics\jinja2\jinja2\parser.py,738,3,0,0,0
jinja2,C:\Users\Zhifei Chen\Desktop\pysmell\subjects_for_metrics\jinja2\jinja2\parser.py,740,3,0,0,0
jinja2,C:\Users\Zhifei Chen\Desktop\pysmell\subjects_for_metrics\jinja2\jinja2\parser.py,750,2,0,0,0
jinja2,C:\Users\Zhifei Chen\Desktop\pysmell\subjects_for_metrics\jinja2\jinja2\parser.py,761,3,0,0,0
jinja2,C:\Users\Zhifei Chen\Desktop\pysmell\subjects_for_metrics\jinja2\jinja2\parser.py,763,2,0,0,0
jinja2,C:\Users\Zhifei Chen\Desktop\pysmell\subjects_for_metrics\jinja2\jinja2\parser.py,765,3,0,0,0
jinja2,C:\Users\Zhifei Chen\Desktop\pysmell\subjects_for_metrics\jinja2\jinja2\parser.py,767,3,0,0,0
jinja2,C:\Users\Zhifei Chen\Desktop\pysmell\subjects_for_metrics\jinja2\jinja2\parser.py,771,3,0,0,0
jinja2,C:\Users\Zhifei Chen\Desktop\pysmell\subjects_for_metrics\jinja2\jinja2\parser.py,777,3,0,0,0
jinja2,C:\Users\Zhifei Chen\Desktop\pysmell\subjects_for_metrics\jinja2\jinja2\parser.py,778,2,0,0,0
jinja2,C:\Users\Zhifei Chen\Desktop\pysmell\subjects_for_metrics\jinja2\jinja2\parser.py,779,3,0,0,0
jinja2,C:\Users\Zhifei Chen\Desktop\pysmell\subjects_for_metrics\jinja2\jinja2\parser.py,780,2,0,0,0
jinja2,C:\Users\Zhifei Chen\Desktop\pysmell\subjects_for_metrics\jinja2\jinja2\parser.py,789,2,0,0,0
jinja2,C:\Users\Zhifei Chen\Desktop\pysmell\subjects_for_metrics\jinja2\jinja2\parser.py,797,3,0,0,0
jinja2,C:\Users\Zhifei Chen\Desktop\pysmell\subjects_for_metrics\jinja2\jinja2\parser.py,800,2,0,0,0
jinja2,C:\Users\Zhifei Chen\Desktop\pysmell\subjects_for_metrics\jinja2\jinja2\parser.py,802,3,0,0,0
jinja2,C:\Users\Zhifei Chen\Desktop\pysmell\subjects_for_metrics\jinja2\jinja2\parser.py,804,2,0,0,0
jinja2,C:\Users\Zhifei Chen\Desktop\pysmell\subjects_for_metrics\jinja2\jinja2\parser.py,805,3,0,0,0
jinja2,C:\Users\Zhifei Chen\Desktop\pysmell\subjects_for_metrics\jinja2\jinja2\parser.py,818,3,0,0,0
jinja2,C:\Users\Zhifei Chen\Desktop\pysmell\subjects_for_metrics\jinja2\jinja2\parser.py,823,2,0,0,0
jinja2,C:\Users\Zhifei Chen\Desktop\pysmell\subjects_for_metrics\jinja2\jinja2\parser.py,824,3,0,0,0
jinja2,C:\Users\Zhifei Chen\Desktop\pysmell\subjects_for_metrics\jinja2\jinja2\parser.py,826,2,0,0,0
jinja2,C:\Users\Zhifei Chen\Desktop\pysmell\subjects_for_metrics\jinja2\jinja2\parser.py,829,3,0,0,0
jinja2,C:\Users\Zhifei Chen\Desktop\pysmell\subjects_for_metrics\jinja2\jinja2\parser.py,831,3,0,0,0
jinja2,C:\Users\Zhifei Chen\Desktop\pysmell\subjects_for_metrics\jinja2\jinja2\parser.py,834,3,0,0,0
jinja2,C:\Users\Zhifei Chen\Desktop\pysmell\subjects_for_metrics\jinja2\jinja2\parser.py,836,3,0,0,0
jinja2,C:\Users\Zhifei Chen\Desktop\pysmell\subjects_for_metrics\jinja2\jinja2\parser.py,853,2,0,0,0
jinja2,C:\Users\Zhifei Chen\Desktop\pysmell\subjects_for_metrics\jinja2\jinja2\parser.py,863,2,0,0,0
jinja2,C:\Users\Zhifei Chen\Desktop\pysmell\subjects_for_metrics\jinja2\jinja2\parser.py,872,2,0,0,0
jinja2,C:\Users\Zhifei Chen\Desktop\pysmell\subjects_for_metrics\jinja2\jinja2\parser.py,877,3,0,0,0
jinja2,C:\Users\Zhifei Chen\Desktop\pysmell\subjects_for_metrics\jinja2\jinja2\parser.py,884,2,0,0,0
jinja2,C:\Users\Zhifei Chen\Desktop\pysmell\subjects_for_metrics\jinja2\jinja2\parser.py,891,2,0,0,0
jinja2,C:\Users\Zhifei Chen\Desktop\pysmell\subjects_for_metrics\jinja2\jinja2\runtime.py,83,2,0,0,0
jinja2,C:\Users\Zhifei Chen\Desktop\pysmell\subjects_for_metrics\jinja2\jinja2\runtime.py,88,2,0,0,0
jinja2,C:\Users\Zhifei Chen\Desktop\pysmell\subjects_for_metrics\jinja2\jinja2\runtime.py,89,2,0,0,0
jinja2,C:\Users\Zhifei Chen\Desktop\pysmell\subjects_for_metrics\jinja2\jinja2\runtime.py,157,2,0,0,0
jinja2,C:\Users\Zhifei Chen\Desktop\pysmell\subjects_for_metrics\jinja2\jinja2\runtime.py,206,2,0,0,0
jinja2,C:\Users\Zhifei Chen\Desktop\pysmell\subjects_for_metrics\jinja2\jinja2\runtime.py,208,2,0,0,0
jinja2,C:\Users\Zhifei Chen\Desktop\pysmell\subjects_for_metrics\jinja2\jinja2\runtime.py,242,2,0,0,0
jinja2,C:\Users\Zhifei Chen\Desktop\pysmell\subjects_for_metrics\jinja2\jinja2\runtime.py,269,3,0,0,0
jinja2,C:\Users\Zhifei Chen\Desktop\pysmell\subjects_for_metrics\jinja2\jinja2\runtime.py,278,3,0,0,0
jinja2,C:\Users\Zhifei Chen\Desktop\pysmell\subjects_for_metrics\jinja2\jinja2\runtime.py,354,2,0,0,0
jinja2,C:\Users\Zhifei Chen\Desktop\pysmell\subjects_for_metrics\jinja2\jinja2\runtime.py,423,2,0,0,0
jinja2,C:\Users\Zhifei Chen\Desktop\pysmell\subjects_for_metrics\jinja2\jinja2\runtime.py,440,2,0,0,0
jinja2,C:\Users\Zhifei Chen\Desktop\pysmell\subjects_for_metrics\jinja2\jinja2\sandbox.py,264,2,0,0,0
jinja2,C:\Users\Zhifei Chen\Desktop\pysmell\subjects_for_metrics\jinja2\jinja2\sandbox.py,265,2,0,0,0
jinja2,C:\Users\Zhifei Chen\Desktop\pysmell\subjects_for_metrics\jinja2\jinja2\sandbox.py,346,2,0,0,0
jinja2,C:\Users\Zhifei Chen\Desktop\pysmell\subjects_for_metrics\jinja2\jinja2\utils.py,167,2,0,0,0
jinja2,C:\Users\Zhifei Chen\Desktop\pysmell\subjects_for_metrics\jinja2\jinja2\utils.py,168,2,0,0,0
jinja2,C:\Users\Zhifei Chen\Desktop\pysmell\subjects_for_metrics\jinja2\jinja2\utils.py,170,2,0,0,0
jinja2,C:\Users\Zhifei Chen\Desktop\pysmell\subjects_for_metrics\jinja2\jinja2\utils.py,170,2,0,0,0
jinja2,C:\Users\Zhifei Chen\Desktop\pysmell\subjects_for_metrics\jinja2\jinja2\utils.py,320,2,0,0,0
jinja2,C:\Users\Zhifei Chen\Desktop\pysmell\subjects_for_metrics\jinja2\jinja2\utils.py,321,2,0,0,0
jinja2,C:\Users\Zhifei Chen\Desktop\pysmell\subjects_for_metrics\jinja2\jinja2\utils.py,322,2,0,0,0
jinja2,C:\Users\Zhifei Chen\Desktop\pysmell\subjects_for_metrics\jinja2\jinja2\utils.py,324,2,0,0,0
jinja2,C:\Users\Zhifei Chen\Desktop\pysmell\subjects_for_metrics\jinja2\jinja2\utils.py,334,2,0,0,0
jinja2,C:\Users\Zhifei Chen\Desktop\pysmell\subjects_for_metrics\jinja2\jinja2\utils.py,343,2,0,0,0
jinja2,C:\Users\Zhifei Chen\Desktop\pysmell\subjects_for_metrics\jinja2\jinja2\utils.py,358,2,0,0,0
jinja2,C:\Users\Zhifei Chen\Desktop\pysmell\subjects_for_metrics\jinja2\jinja2\utils.py,366,2,0,0,0
jinja2,C:\Users\Zhifei Chen\Desktop\pysmell\subjects_for_metrics\jinja2\jinja2\utils.py,370,2,0,0,0
jinja2,C:\Users\Zhifei Chen\Desktop\pysmell\subjects_for_metrics\jinja2\jinja2\utils.py,372,2,0,0,0
jinja2,C:\Users\Zhifei Chen\Desktop\pysmell\subjects_for_metrics\jinja2\jinja2\utils.py,373,2,0,0,0
jinja2,C:\Users\Zhifei Chen\Desktop\pysmell\subjects_for_metrics\jinja2\jinja2\utils.py,375,2,0,0,0
jinja2,C:\Users\Zhifei Chen\Desktop\pysmell\subjects_for_metrics\jinja2\jinja2\utils.py,387,2,0,0,0
jinja2,C:\Users\Zhifei Chen\Desktop\pysmell\subjects_for_metrics\jinja2\jinja2\utils.py,397,2,0,0,0
jinja2,C:\Users\Zhifei Chen\Desktop\pysmell\subjects_for_metrics\jinja2\jinja2\utils.py,411,2,0,0,0
jinja2,C:\Users\Zhifei Chen\Desktop\pysmell\subjects_for_metrics\jinja2\jinja2\utils.py,417,2,0,0,0
jinja2,C:\Users\Zhifei Chen\Desktop\pysmell\subjects_for_metrics\jinja2\jinja2\utils.py,426,2,0,0,0
jinja2,C:\Users\Zhifei Chen\Desktop\pysmell\subjects_for_metrics\jinja2\jinja2\utils.py,432,2,0,0,0
jinja2,C:\Users\Zhifei Chen\Desktop\pysmell\subjects_for_metrics\jinja2\jinja2\utils.py,441,2,0,0,0
jinja2,C:\Users\Zhifei Chen\Desktop\pysmell\subjects_for_metrics\jinja2\jinja2\visitor.py,31,2,0,0,0
jinja2,C:\Users\Zhifei Chen\Desktop\pysmell\subjects_for_metrics\jinja2\scripts\jinja2-debug.py,37,2,0,0,0
jinja2,C:\Users\Zhifei Chen\Desktop\pysmell\subjects_for_metrics\jinja2\scripts\make-release.py,129,2,0,0,0
jinja2,C:\Users\Zhifei Chen\Desktop\pysmell\subjects_for_metrics\jinja2\scripts\make-release.py,129,2,0,0,0
jinja2,C:\Users\Zhifei Chen\Desktop\pysmell\subjects_for_metrics\jinja2\tests\conftest.py,49,2,0,0,0
jinja2,C:\Users\Zhifei Chen\Desktop\pysmell\subjects_for_metrics\jinja2\tests\conftest.py,49,2,0,0,0
jinja2,C:\Users\Zhifei Chen\Desktop\pysmell\subjects_for_metrics\jinja2\tests\test_api.py,24,2,0,0,0
jinja2,C:\Users\Zhifei Chen\Desktop\pysmell\subjects_for_metrics\jinja2\tests\test_api.py,25,2,0,0,0
jinja2,C:\Users\Zhifei Chen\Desktop\pysmell\subjects_for_metrics\jinja2\tests\test_api.py,97,2,0,0,0
jinja2,C:\Users\Zhifei Chen\Desktop\pysmell\subjects_for_metrics\jinja2\tests\test_api.py,98,2,0,0,0
jinja2,C:\Users\Zhifei Chen\Desktop\pysmell\subjects_for_metrics\jinja2\tests\test_api.py,182,2,0,0,0
jinja2,C:\Users\Zhifei Chen\Desktop\pysmell\subjects_for_metrics\jinja2\tests\test_api.py,183,2,0,0,0
jinja2,C:\Users\Zhifei Chen\Desktop\pysmell\subjects_for_metrics\jinja2\tests\test_api.py,145,2,0,0,0
jinja2,C:\Users\Zhifei Chen\Desktop\pysmell\subjects_for_metrics\jinja2\tests\test_api.py,146,2,0,0,0
jinja2,C:\Users\Zhifei Chen\Desktop\pysmell\subjects_for_metrics\jinja2\tests\test_api.py,189,2,0,0,0
jinja2,C:\Users\Zhifei Chen\Desktop\pysmell\subjects_for_metrics\jinja2\tests\test_api.py,190,2,0,0,0
jinja2,C:\Users\Zhifei Chen\Desktop\pysmell\subjects_for_metrics\jinja2\tests\test_api.py,297,2,0,0,0
jinja2,C:\Users\Zhifei Chen\Desktop\pysmell\subjects_for_metrics\jinja2\tests\test_api.py,298,2,0,0,0
jinja2,C:\Users\Zhifei Chen\Desktop\pysmell\subjects_for_metrics\jinja2\tests\test_bytecode_cache.py,26,2,0,0,0
jinja2,C:\Users\Zhifei Chen\Desktop\pysmell\subjects_for_metrics\jinja2\tests\test_core_tags.py,21,2,0,0,0
jinja2,C:\Users\Zhifei Chen\Desktop\pysmell\subjects_for_metrics\jinja2\tests\test_core_tags.py,22,2,0,0,0
jinja2,C:\Users\Zhifei Chen\Desktop\pysmell\subjects_for_metrics\jinja2\tests\test_core_tags.py,198,2,0,0,0
jinja2,C:\Users\Zhifei Chen\Desktop\pysmell\subjects_for_metrics\jinja2\tests\test_core_tags.py,199,2,0,0,0
jinja2,C:\Users\Zhifei Chen\Desktop\pysmell\subjects_for_metrics\jinja2\tests\test_core_tags.py,305,3,0,0,0
jinja2,C:\Users\Zhifei Chen\Desktop\pysmell\subjects_for_metrics\jinja2\tests\test_core_tags.py,306,3,0,0,0
jinja2,C:\Users\Zhifei Chen\Desktop\pysmell\subjects_for_metrics\jinja2\tests\test_core_tags.py,307,3,0,0,0
jinja2,C:\Users\Zhifei Chen\Desktop\pysmell\subjects_for_metrics\jinja2\tests\test_core_tags.py,308,3,0,0,0
jinja2,C:\Users\Zhifei Chen\Desktop\pysmell\subjects_for_metrics\jinja2\tests\test_core_tags.py,309,3,0,0,0
jinja2,C:\Users\Zhifei Chen\Desktop\pysmell\subjects_for_metrics\jinja2\tests\test_core_tags.py,310,3,0,0,0
jinja2,C:\Users\Zhifei Chen\Desktop\pysmell\subjects_for_metrics\jinja2\tests\test_core_tags.py,311,3,0,0,0
jinja2,C:\Users\Zhifei Chen\Desktop\pysmell\subjects_for_metrics\jinja2\tests\test_core_tags.py,312,3,0,0,0
jinja2,C:\Users\Zhifei Chen\Desktop\pysmell\subjects_for_metrics\jinja2\tests\test_core_tags.py,313,3,0,0,0
jinja2,C:\Users\Zhifei Chen\Desktop\pysmell\subjects_for_metrics\jinja2\tests\test_core_tags.py,314,3,0,0,0
jinja2,C:\Users\Zhifei Chen\Desktop\pysmell\subjects_for_metrics\jinja2\tests\test_core_tags.py,315,3,0,0,0
jinja2,C:\Users\Zhifei Chen\Desktop\pysmell\subjects_for_metrics\jinja2\tests\test_core_tags.py,316,3,0,0,0
jinja2,C:\Users\Zhifei Chen\Desktop\pysmell\subjects_for_metrics\jinja2\tests\test_core_tags.py,233,2,0,0,0
jinja2,C:\Users\Zhifei Chen\Desktop\pysmell\subjects_for_metrics\jinja2\tests\test_core_tags.py,234,2,0,0,0
jinja2,C:\Users\Zhifei Chen\Desktop\pysmell\subjects_for_metrics\jinja2\tests\test_core_tags.py,332,2,0,0,0
jinja2,C:\Users\Zhifei Chen\Desktop\pysmell\subjects_for_metrics\jinja2\tests\test_core_tags.py,337,2,0,0,0
jinja2,C:\Users\Zhifei Chen\Desktop\pysmell\subjects_for_metrics\jinja2\tests\test_core_tags.py,325,2,0,0,0
jinja2,C:\Users\Zhifei Chen\Desktop\pysmell\subjects_for_metrics\jinja2\tests\test_core_tags.py,326,2,0,0,0
jinja2,C:\Users\Zhifei Chen\Desktop\pysmell\subjects_for_metrics\jinja2\tests\test_debug.py,29,2,0,0,0
jinja2,C:\Users\Zhifei Chen\Desktop\pysmell\subjects_for_metrics\jinja2\tests\test_ext.py,89,2,0,0,0
jinja2,C:\Users\Zhifei Chen\Desktop\pysmell\subjects_for_metrics\jinja2\tests\test_ext.py,162,2,0,0,0
jinja2,C:\Users\Zhifei Chen\Desktop\pysmell\subjects_for_metrics\jinja2\tests\test_ext.py,248,2,0,0,0
jinja2,C:\Users\Zhifei Chen\Desktop\pysmell\subjects_for_metrics\jinja2\tests\test_ext.py,317,2,0,0,0
jinja2,C:\Users\Zhifei Chen\Desktop\pysmell\subjects_for_metrics\jinja2\tests\test_ext.py,391,2,0,0,0
jinja2,C:\Users\Zhifei Chen\Desktop\pysmell\subjects_for_metrics\jinja2\tests\test_filters.py,16,2,0,0,0
jinja2,C:\Users\Zhifei Chen\Desktop\pysmell\subjects_for_metrics\jinja2\tests\test_imports.py,28,2,0,0,0
jinja2,C:\Users\Zhifei Chen\Desktop\pysmell\subjects_for_metrics\jinja2\tests\test_imports.py,75,2,0,0,0
jinja2,C:\Users\Zhifei Chen\Desktop\pysmell\subjects_for_metrics\jinja2\tests\test_imports.py,76,2,0,0,0
jinja2,C:\Users\Zhifei Chen\Desktop\pysmell\subjects_for_metrics\jinja2\tests\test_inheritance.py,80,2,0,0,0
jinja2,C:\Users\Zhifei Chen\Desktop\pysmell\subjects_for_metrics\jinja2\tests\test_inheritance.py,203,2,0,0,0
jinja2,C:\Users\Zhifei Chen\Desktop\pysmell\subjects_for_metrics\jinja2\tests\test_lexnparse.py,37,2,0,0,0
jinja2,C:\Users\Zhifei Chen\Desktop\pysmell\subjects_for_metrics\jinja2\tests\test_lexnparse.py,41,2,0,0,0
jinja2,C:\Users\Zhifei Chen\Desktop\pysmell\subjects_for_metrics\jinja2\tests\test_lexnparse.py,45,2,0,0,0
jinja2,C:\Users\Zhifei Chen\Desktop\pysmell\subjects_for_metrics\jinja2\tests\test_lexnparse.py,28,2,0,0,0
jinja2,C:\Users\Zhifei Chen\Desktop\pysmell\subjects_for_metrics\jinja2\tests\test_lexnparse.py,29,2,0,0,0
jinja2,C:\Users\Zhifei Chen\Desktop\pysmell\subjects_for_metrics\jinja2\tests\test_lexnparse.py,104,2,0,0,0
jinja2,C:\Users\Zhifei Chen\Desktop\pysmell\subjects_for_metrics\jinja2\tests\test_lexnparse.py,106,2,0,0,0
jinja2,C:\Users\Zhifei Chen\Desktop\pysmell\subjects_for_metrics\jinja2\tests\test_lexnparse.py,56,2,0,0,0
jinja2,C:\Users\Zhifei Chen\Desktop\pysmell\subjects_for_metrics\jinja2\tests\test_lexnparse.py,57,2,0,0,0
jinja2,C:\Users\Zhifei Chen\Desktop\pysmell\subjects_for_metrics\jinja2\tests\test_lexnparse.py,130,2,0,0,0
jinja2,C:\Users\Zhifei Chen\Desktop\pysmell\subjects_for_metrics\jinja2\tests\test_lexnparse.py,131,2,0,0,0
jinja2,C:\Users\Zhifei Chen\Desktop\pysmell\subjects_for_metrics\jinja2\tests\test_lexnparse.py,247,2,0,0,0
jinja2,C:\Users\Zhifei Chen\Desktop\pysmell\subjects_for_metrics\jinja2\tests\test_lexnparse.py,248,2,0,0,0
jinja2,C:\Users\Zhifei Chen\Desktop\pysmell\subjects_for_metrics\jinja2\tests\test_lexnparse.py,439,2,0,0,0
jinja2,C:\Users\Zhifei Chen\Desktop\pysmell\subjects_for_metrics\jinja2\tests\test_lexnparse.py,440,2,0,0,0
jinja2,C:\Users\Zhifei Chen\Desktop\pysmell\subjects_for_metrics\jinja2\tests\test_loader.py,23,2,0,0,0
jinja2,C:\Users\Zhifei Chen\Desktop\pysmell\subjects_for_metrics\jinja2\tests\test_loader.py,121,2,0,0,0
jinja2,C:\Users\Zhifei Chen\Desktop\pysmell\subjects_for_metrics\jinja2\tests\test_loader.py,129,2,0,0,0
jinja2,C:\Users\Zhifei Chen\Desktop\pysmell\subjects_for_metrics\jinja2\tests\test_loader.py,144,2,0,0,0
jinja2,C:\Users\Zhifei Chen\Desktop\pysmell\subjects_for_metrics\jinja2\tests\test_loader.py,145,2,0,0,0
jinja2,C:\Users\Zhifei Chen\Desktop\pysmell\subjects_for_metrics\jinja2\tests\test_loader.py,148,2,0,0,0
jinja2,C:\Users\Zhifei Chen\Desktop\pysmell\subjects_for_metrics\jinja2\tests\test_loader.py,149,2,0,0,0
jinja2,C:\Users\Zhifei Chen\Desktop\pysmell\subjects_for_metrics\jinja2\tests\test_loader.py,166,2,0,0,0
jinja2,C:\Users\Zhifei Chen\Desktop\pysmell\subjects_for_metrics\jinja2\tests\test_loader.py,167,2,0,0,0
jinja2,C:\Users\Zhifei Chen\Desktop\pysmell\subjects_for_metrics\jinja2\tests\test_loader.py,168,4,0,1,1
jinja2,C:\Users\Zhifei Chen\Desktop\pysmell\subjects_for_metrics\jinja2\tests\test_loader.py,170,3,0,0,0
jinja2,C:\Users\Zhifei Chen\Desktop\pysmell\subjects_for_metrics\jinja2\tests\test_loader.py,191,2,0,0,0
jinja2,C:\Users\Zhifei Chen\Desktop\pysmell\subjects_for_metrics\jinja2\tests\test_loader.py,192,4,0,1,1
jinja2,C:\Users\Zhifei Chen\Desktop\pysmell\subjects_for_metrics\jinja2\tests\test_loader.py,194,2,0,0,0
jinja2,C:\Users\Zhifei Chen\Desktop\pysmell\subjects_for_metrics\jinja2\tests\test_loader.py,185,2,0,0,0
jinja2,C:\Users\Zhifei Chen\Desktop\pysmell\subjects_for_metrics\jinja2\tests\test_loader.py,199,2,0,0,0
jinja2,C:\Users\Zhifei Chen\Desktop\pysmell\subjects_for_metrics\jinja2\tests\test_loader.py,200,2,0,0,0
jinja2,C:\Users\Zhifei Chen\Desktop\pysmell\subjects_for_metrics\jinja2\tests\test_loader.py,204,2,0,0,0
jinja2,C:\Users\Zhifei Chen\Desktop\pysmell\subjects_for_metrics\jinja2\tests\test_loader.py,206,2,0,0,0
jinja2,C:\Users\Zhifei Chen\Desktop\pysmell\subjects_for_metrics\jinja2\tests\test_loader.py,212,2,0,0,0
jinja2,C:\Users\Zhifei Chen\Desktop\pysmell\subjects_for_metrics\jinja2\tests\test_loader.py,213,2,0,0,0
jinja2,C:\Users\Zhifei Chen\Desktop\pysmell\subjects_for_metrics\jinja2\tests\test_loader.py,217,2,0,0,0
jinja2,C:\Users\Zhifei Chen\Desktop\pysmell\subjects_for_metrics\jinja2\tests\test_loader.py,219,2,0,0,0
jinja2,C:\Users\Zhifei Chen\Desktop\pysmell\subjects_for_metrics\jinja2\tests\test_loader.py,108,2,0,0,0
jinja2,C:\Users\Zhifei Chen\Desktop\pysmell\subjects_for_metrics\jinja2\tests\test_loader.py,109,2,0,0,0
jinja2,C:\Users\Zhifei Chen\Desktop\pysmell\subjects_for_metrics\jinja2\tests\test_regression.py,18,2,0,0,0
jinja2,C:\Users\Zhifei Chen\Desktop\pysmell\subjects_for_metrics\jinja2\tests\test_regression.py,79,2,0,0,0
jinja2,C:\Users\Zhifei Chen\Desktop\pysmell\subjects_for_metrics\jinja2\tests\test_security.py,121,2,0,0,0
jinja2,C:\Users\Zhifei Chen\Desktop\pysmell\subjects_for_metrics\jinja2\tests\test_security.py,122,2,0,0,0
jinja2,C:\Users\Zhifei Chen\Desktop\pysmell\subjects_for_metrics\jinja2\tests\test_security.py,43,2,0,0,0
jinja2,C:\Users\Zhifei Chen\Desktop\pysmell\subjects_for_metrics\jinja2\tests\test_tests.py,16,2,0,0,0
jinja2,C:\Users\Zhifei Chen\Desktop\pysmell\subjects_for_metrics\jinja2\tests\test_utils.py,20,2,0,0,0
jinja2,C:\Users\Zhifei Chen\Desktop\pysmell\subjects_for_metrics\jinja2\tests\test_utils.py,21,2,0,0,0
jinja2,C:\Users\Zhifei Chen\Desktop\pysmell\subjects_for_metrics\jinja2\tests\test_utils.py,47,2,0,0,0
jinja2,C:\Users\Zhifei Chen\Desktop\pysmell\subjects_for_metrics\jinja2\tests\test_utils.py,48,2,0,0,0
jinja2,C:\Users\Zhifei Chen\Desktop\pysmell\subjects_for_metrics\jinja2\tests\test_utils.py,61,2,0,0,0
jinja2,C:\Users\Zhifei Chen\Desktop\pysmell\subjects_for_metrics\jinja2\tests\test_utils.py,62,2,0,0,0
jinja2,C:\Users\Zhifei Chen\Desktop\pysmell\subjects_for_metrics\jinja2\tests\test_utils.py,63,2,0,0,0
