subject,tag,file,lineno,MLOC,experience-based,statistics-based,manual analysis
tornado,v4.2.0,C:\Users\Zhifei Chen\Desktop\pysmell\subject_raw\tornado\tornado\tornado\autoreload.py,259,39,1,1,0
tornado,v4.2.0,C:\Users\Zhifei Chen\Desktop\pysmell\subject_raw\tornado\tornado\tornado\httputil.py,849,14,0,0,0
tornado,v4.2.0,C:\Users\Zhifei Chen\Desktop\pysmell\subject_raw\tornado\tornado\tornado\netutil.py,459,18,0,0,0
tornado,v4.2.0,C:\Users\Zhifei Chen\Desktop\pysmell\subject_raw\tornado\tornado\tornado\web.py,673,12,0,0,0
tornado,v4.2.0,C:\Users\Zhifei Chen\Desktop\pysmell\subject_raw\tornado\tornado\tornado\websocket.py,677,11,0,0,0
tornado,v4.2.0,C:\Users\Zhifei Chen\Desktop\pysmell\subject_raw\tornado\tornado\tornado\test\gen_test.py,939,11,0,0,0
tornado,v4.2.0,C:\Users\Zhifei Chen\Desktop\pysmell\subject_raw\tornado\tornado\tornado\test\iostream_test.py,256,12,0,0,0
tornado,v4.2.0,C:\Users\Zhifei Chen\Desktop\pysmell\subject_raw\tornado\tornado\tornado\test\process_test.py,139,16,0,0,0
tornado,v4.2.0,C:\Users\Zhifei Chen\Desktop\pysmell\subject_raw\tornado\tornado\tornado\test\web_test.py,181,16,0,0,0
scipy,v0.16.0b2,C:\Users\Zhifei Chen\Desktop\pysmell\subject_raw\scipy\scipy\benchmarks\benchmarks\optimize.py,97,34,1,1,0
scipy,v0.16.0b2,C:\Users\Zhifei Chen\Desktop\pysmell\subject_raw\scipy\scipy\scipy\cluster\tests\test_vq.py,40,12,0,0,0
scipy,v0.16.0b2,C:\Users\Zhifei Chen\Desktop\pysmell\subject_raw\scipy\scipy\scipy\fftpack\tests\test_pseudo_diffs.py,184,9,0,0,0
scipy,v0.16.0b2,C:\Users\Zhifei Chen\Desktop\pysmell\subject_raw\scipy\scipy\scipy\integrate\tests\test_integrate.py,435,9,0,0,0
scipy,v0.16.0b2,C:\Users\Zhifei Chen\Desktop\pysmell\subject_raw\scipy\scipy\scipy\interpolate\interpolate.py,909,14,0,0,0
scipy,v0.16.0b2,C:\Users\Zhifei Chen\Desktop\pysmell\subject_raw\scipy\scipy\scipy\interpolate\tests\test_fitpack.py,270,9,0,0,0
scipy,v0.16.0b2,C:\Users\Zhifei Chen\Desktop\pysmell\subject_raw\scipy\scipy\scipy\interpolate\tests\test_interpolate.py,729,13,0,0,0
scipy,v0.16.0b2,C:\Users\Zhifei Chen\Desktop\pysmell\subject_raw\scipy\scipy\scipy\io\netcdf.py,265,13,0,0,0
scipy,v0.16.0b2,C:\Users\Zhifei Chen\Desktop\pysmell\subject_raw\scipy\scipy\scipy\io\matlab\mio.py,40,10,0,0,0
scipy,v0.16.0b2,C:\Users\Zhifei Chen\Desktop\pysmell\subject_raw\scipy\scipy\scipy\io\matlab\tests\test_mio.py,857,18,0,0,0
scipy,v0.16.0b2,C:\Users\Zhifei Chen\Desktop\pysmell\subject_raw\scipy\scipy\scipy\io\tests\test_netcdf.py,279,13,0,0,0
scipy,v0.16.0b2,C:\Users\Zhifei Chen\Desktop\pysmell\subject_raw\scipy\scipy\scipy\linalg\special_matrices.py,854,23,0,0,0
scipy,v0.16.0b2,C:\Users\Zhifei Chen\Desktop\pysmell\subject_raw\scipy\scipy\scipy\linalg\tests\test_basic.py,367,10,0,0,0
scipy,v0.16.0b2,C:\Users\Zhifei Chen\Desktop\pysmell\subject_raw\scipy\scipy\scipy\linalg\tests\test_decomp.py,854,9,0,0,0
scipy,v0.16.0b2,C:\Users\Zhifei Chen\Desktop\pysmell\subject_raw\scipy\scipy\scipy\linalg\tests\test_decomp_update.py,357,42,1,1,0
scipy,v0.16.0b2,C:\Users\Zhifei Chen\Desktop\pysmell\subject_raw\scipy\scipy\scipy\linalg\tests\test_matfuncs.py,599,27,1,0,0
scipy,v0.16.0b2,C:\Users\Zhifei Chen\Desktop\pysmell\subject_raw\scipy\scipy\scipy\ndimage\fourier.py,62,14,0,0,0
scipy,v0.16.0b2,C:\Users\Zhifei Chen\Desktop\pysmell\subject_raw\scipy\scipy\scipy\ndimage\tests\test_measurements.py,326,13,0,0,0
scipy,v0.16.0b2,C:\Users\Zhifei Chen\Desktop\pysmell\subject_raw\scipy\scipy\scipy\ndimage\tests\test_ndimage.py,1026,10,0,0,0
scipy,v0.16.0b2,C:\Users\Zhifei Chen\Desktop\pysmell\subject_raw\scipy\scipy\scipy\ndimage\tests\test_ndimage.py,2304,24,1,0,0
scipy,v0.16.0b2,C:\Users\Zhifei Chen\Desktop\pysmell\subject_raw\scipy\scipy\scipy\ndimage\tests\test_ndimage.py,4095,20,0,0,0
scipy,v0.16.0b2,C:\Users\Zhifei Chen\Desktop\pysmell\subject_raw\scipy\scipy\scipy\optimize\linesearch.py,453,12,0,0,0
scipy,v0.16.0b2,C:\Users\Zhifei Chen\Desktop\pysmell\subject_raw\scipy\scipy\scipy\optimize\_differentialevolution.py,387,11,0,0,0
scipy,v0.16.0b2,C:\Users\Zhifei Chen\Desktop\pysmell\subject_raw\scipy\scipy\scipy\optimize\tests\test_optimize.py,525,12,0,0,0
scipy,v0.16.0b2,C:\Users\Zhifei Chen\Desktop\pysmell\subject_raw\scipy\scipy\scipy\signal\filter_design.py,1749,17,0,0,0
scipy,v0.16.0b2,C:\Users\Zhifei Chen\Desktop\pysmell\subject_raw\scipy\scipy\scipy\signal\signaltools.py,2604,14,0,0,0
scipy,v0.16.0b2,C:\Users\Zhifei Chen\Desktop\pysmell\subject_raw\scipy\scipy\scipy\signal\tests\test_dltisys.py,15,51,1,1,0
scipy,v0.16.0b2,C:\Users\Zhifei Chen\Desktop\pysmell\subject_raw\scipy\scipy\scipy\signal\tests\test_filter_design.py,1759,19,0,0,0
scipy,v0.16.0b2,C:\Users\Zhifei Chen\Desktop\pysmell\subject_raw\scipy\scipy\scipy\signal\tests\test_signaltools.py,64,29,1,1,0
scipy,v0.16.0b2,C:\Users\Zhifei Chen\Desktop\pysmell\subject_raw\scipy\scipy\scipy\signal\tests\test_spectral.py,710,9,0,0,0
scipy,v0.16.0b2,C:\Users\Zhifei Chen\Desktop\pysmell\subject_raw\scipy\scipy\scipy\sparse\compressed.py,697,29,1,1,0
scipy,v0.16.0b2,C:\Users\Zhifei Chen\Desktop\pysmell\subject_raw\scipy\scipy\scipy\sparse\lil.py,129,16,0,0,0
scipy,v0.16.0b2,C:\Users\Zhifei Chen\Desktop\pysmell\subject_raw\scipy\scipy\scipy\sparse\linalg\matfuncs.py,472,9,0,0,0
scipy,v0.16.0b2,C:\Users\Zhifei Chen\Desktop\pysmell\subject_raw\scipy\scipy\scipy\sparse\linalg\eigen\arpack\tests\test_arpack.py,436,11,0,0,0
scipy,v0.16.0b2,C:\Users\Zhifei Chen\Desktop\pysmell\subject_raw\scipy\scipy\scipy\sparse\linalg\tests\test_matfuncs.py,207,10,0,0,0
scipy,v0.16.0b2,C:\Users\Zhifei Chen\Desktop\pysmell\subject_raw\scipy\scipy\scipy\sparse\tests\test_base.py,1096,41,1,1,0
scipy,v0.16.0b2,C:\Users\Zhifei Chen\Desktop\pysmell\subject_raw\scipy\scipy\scipy\sparse\tests\test_base.py,2869,43,1,1,0
scipy,v0.16.0b2,C:\Users\Zhifei Chen\Desktop\pysmell\subject_raw\scipy\scipy\scipy\sparse\tests\test_sparsetools.py,156,9,0,0,0
scipy,v0.16.0b2,C:\Users\Zhifei Chen\Desktop\pysmell\subject_raw\scipy\scipy\scipy\spatial\tests\test_kdtree.py,103,15,0,0,0
scipy,v0.16.0b2,C:\Users\Zhifei Chen\Desktop\pysmell\subject_raw\scipy\scipy\scipy\special\basic.py,927,14,0,0,0
scipy,v0.16.0b2,C:\Users\Zhifei Chen\Desktop\pysmell\subject_raw\scipy\scipy\scipy\special\tests\test_basic.py,52,17,0,0,0
scipy,v0.16.0b2,C:\Users\Zhifei Chen\Desktop\pysmell\subject_raw\scipy\scipy\scipy\special\tests\test_boxcox.py,76,10,0,0,0
scipy,v0.16.0b2,C:\Users\Zhifei Chen\Desktop\pysmell\subject_raw\scipy\scipy\scipy\special\utils\convert.py,138,29,1,1,0
scipy,v0.16.0b2,C:\Users\Zhifei Chen\Desktop\pysmell\subject_raw\scipy\scipy\scipy\stats\mstats_basic.py,772,20,0,0,0
scipy,v0.16.0b2,C:\Users\Zhifei Chen\Desktop\pysmell\subject_raw\scipy\scipy\scipy\stats\stats.py,2267,12,0,0,0
scipy,v0.16.0b2,C:\Users\Zhifei Chen\Desktop\pysmell\subject_raw\scipy\scipy\scipy\stats\_distn_infrastructure.py,658,38,1,1,0
scipy,v0.16.0b2,C:\Users\Zhifei Chen\Desktop\pysmell\subject_raw\scipy\scipy\scipy\stats\tests\common_tests.py,105,12,0,0,0
scipy,v0.16.0b2,C:\Users\Zhifei Chen\Desktop\pysmell\subject_raw\scipy\scipy\scipy\stats\tests\test_distributions.py,1426,9,0,0,0
scipy,v0.16.0b2,C:\Users\Zhifei Chen\Desktop\pysmell\subject_raw\scipy\scipy\scipy\stats\tests\test_mstats_basic.py,113,9,0,0,0
scipy,v0.16.0b2,C:\Users\Zhifei Chen\Desktop\pysmell\subject_raw\scipy\scipy\scipy\stats\tests\test_stats.py,661,26,1,0,0
scipy,v0.16.0b2,C:\Users\Zhifei Chen\Desktop\pysmell\subject_raw\scipy\scipy\scipy\weave\ast_tools.py,163,14,0,0,0
scipy,v0.16.0b2,C:\Users\Zhifei Chen\Desktop\pysmell\subject_raw\scipy\scipy\scipy\weave\c_spec.py,80,17,0,0,0
scipy,v0.16.0b2,C:\Users\Zhifei Chen\Desktop\pysmell\subject_raw\scipy\scipy\scipy\weave\examples\fibonacci.py,105,13,0,0,0
scipy,v0.16.0b2,C:\Users\Zhifei Chen\Desktop\pysmell\subject_raw\scipy\scipy\scipy\weave\tests\test_c_spec.py,592,22,0,0,0
scipy,v0.16.0b2,C:\Users\Zhifei Chen\Desktop\pysmell\subject_raw\scipy\scipy\scipy\_lib\six.py,209,9,0,0,0
ansible,v1.9.2-0.1.rc1,C:\Users\Zhifei Chen\Desktop\pysmell\subject_raw\ansible\ansible\lib\ansible\callbacks.py,53,19,0,0,0
ansible,v1.9.2-0.1.rc1,C:\Users\Zhifei Chen\Desktop\pysmell\subject_raw\ansible\ansible\lib\ansible\module_utils\basic.py,182,12,0,0,0
ansible,v1.9.2-0.1.rc1,C:\Users\Zhifei Chen\Desktop\pysmell\subject_raw\ansible\ansible\lib\ansible\module_utils\facts.py,1215,12,0,0,0
ansible,v1.9.2-0.1.rc1,C:\Users\Zhifei Chen\Desktop\pysmell\subject_raw\ansible\ansible\lib\ansible\playbook\play.py,400,9,0,0,0
ansible,v1.9.2-0.1.rc1,C:\Users\Zhifei Chen\Desktop\pysmell\subject_raw\ansible\ansible\lib\ansible\runner\action_plugins\pause.py,35,11,0,0,0
ansible,v1.9.2-0.1.rc1,C:\Users\Zhifei Chen\Desktop\pysmell\subject_raw\ansible\ansible\lib\ansible\runner\connection_plugins\winrm.py,167,25,1,0,0
ansible,v1.9.2-0.1.rc1,C:\Users\Zhifei Chen\Desktop\pysmell\subject_raw\ansible\ansible\lib\ansible\utils\template.py,109,29,1,1,0
ansible,v1.9.2-0.1.rc1,C:\Users\Zhifei Chen\Desktop\pysmell\subject_raw\ansible\ansible\plugins\callbacks\hipchat.py,46,13,0,0,0
ansible,v1.9.2-0.1.rc1,C:\Users\Zhifei Chen\Desktop\pysmell\subject_raw\ansible\ansible\plugins\inventory\openshift.py,45,11,0,0,0
ansible,v1.9.2-0.1.rc1,C:\Users\Zhifei Chen\Desktop\pysmell\subject_raw\ansible\ansible\test\units\TestPlayVarsFiles.py,115,19,0,0,0
ansible,v1.9.2-0.1.rc1,C:\Users\Zhifei Chen\Desktop\pysmell\subject_raw\ansible\ansible\v2\ansible\executor\module_common.py,58,40,1,1,0
ansible,v1.9.2-0.1.rc1,C:\Users\Zhifei Chen\Desktop\pysmell\subject_raw\ansible\ansible\v2\ansible\module_utils\basic.py,212,14,0,0,0
ansible,v1.9.2-0.1.rc1,C:\Users\Zhifei Chen\Desktop\pysmell\subject_raw\ansible\ansible\v2\ansible\module_utils\facts.py,1207,13,0,0,0
ansible,v1.9.2-0.1.rc1,C:\Users\Zhifei Chen\Desktop\pysmell\subject_raw\ansible\ansible\v2\ansible\parsing\mod_args.py,148,9,0,0,0
ansible,v1.9.2-0.1.rc1,C:\Users\Zhifei Chen\Desktop\pysmell\subject_raw\ansible\ansible\v2\ansible\playbook\role\__init__.py,193,11,0,0,0
ansible,v1.9.2-0.1.rc1,C:\Users\Zhifei Chen\Desktop\pysmell\subject_raw\ansible\ansible\v2\ansible\plugins\connections\local.py,42,19,0,0,0
ansible,v1.9.2-0.1.rc1,C:\Users\Zhifei Chen\Desktop\pysmell\subject_raw\ansible\ansible\v2\ansible\plugins\strategies\__init__.py,238,22,0,0,0
ansible,v1.9.2-0.1.rc1,C:\Users\Zhifei Chen\Desktop\pysmell\subject_raw\ansible\ansible\v2\test\vars\test_variable_manager.py,37,12,0,0,0
boto,2.38.0,C:\Users\Zhifei Chen\Desktop\pysmell\subject_raw\boto\boto\boto\regioninfo.py,101,11,0,0,0
boto,2.38.0,C:\Users\Zhifei Chen\Desktop\pysmell\subject_raw\boto\boto\boto\beanstalk\layer1.py,874,10,0,0,0
boto,2.38.0,C:\Users\Zhifei Chen\Desktop\pysmell\subject_raw\boto\boto\boto\cloudfront\invalidation.py,92,11,0,0,0
boto,2.38.0,C:\Users\Zhifei Chen\Desktop\pysmell\subject_raw\boto\boto\boto\cloudsearch2\search.py,418,9,0,0,0
boto,2.38.0,C:\Users\Zhifei Chen\Desktop\pysmell\subject_raw\boto\boto\boto\dynamodb\types.py,137,16,0,0,0
boto,2.38.0,C:\Users\Zhifei Chen\Desktop\pysmell\subject_raw\boto\boto\boto\ec2\connection.py,124,16,0,0,0
boto,2.38.0,C:\Users\Zhifei Chen\Desktop\pysmell\subject_raw\boto\boto\boto\ec2\connection.py,4451,11,0,0,0
boto,2.38.0,C:\Users\Zhifei Chen\Desktop\pysmell\subject_raw\boto\boto\boto\ec2\volume.py,79,20,0,0,0
boto,2.38.0,C:\Users\Zhifei Chen\Desktop\pysmell\subject_raw\boto\boto\boto\ec2\elb\loadbalancer.py,77,18,0,0,0
boto,2.38.0,C:\Users\Zhifei Chen\Desktop\pysmell\subject_raw\boto\boto\boto\file\key.py,37,15,0,0,0
boto,2.38.0,C:\Users\Zhifei Chen\Desktop\pysmell\subject_raw\boto\boto\boto\gs\bucket.py,951,10,0,0,0
boto,2.38.0,C:\Users\Zhifei Chen\Desktop\pysmell\subject_raw\boto\boto\boto\manage\cmdshell.py,51,10,0,0,0
boto,2.38.0,C:\Users\Zhifei Chen\Desktop\pysmell\subject_raw\boto\boto\boto\mturk\connection.py,281,9,0,0,0
boto,2.38.0,C:\Users\Zhifei Chen\Desktop\pysmell\subject_raw\boto\boto\boto\rds\dbinstance.py,91,30,1,1,0
boto,2.38.0,C:\Users\Zhifei Chen\Desktop\pysmell\subject_raw\boto\boto\boto\rds2\layer1.py,1384,18,0,0,0
boto,2.38.0,C:\Users\Zhifei Chen\Desktop\pysmell\subject_raw\boto\boto\boto\route53\connection.py,250,12,0,0,0
boto,2.38.0,C:\Users\Zhifei Chen\Desktop\pysmell\subject_raw\boto\boto\boto\s3\bucketlistresultset.py,24,13,0,0,0
boto,2.38.0,C:\Users\Zhifei Chen\Desktop\pysmell\subject_raw\boto\boto\boto\sdb\connection.py,457,18,0,0,0
boto,2.38.0,C:\Users\Zhifei Chen\Desktop\pysmell\subject_raw\boto\boto\boto\sdb\db\manager\sdbmanager.py,544,18,0,0,0
boto,2.38.0,C:\Users\Zhifei Chen\Desktop\pysmell\subject_raw\boto\boto\boto\sqs\bigmessage.py,78,10,0,0,0
boto,2.38.0,C:\Users\Zhifei Chen\Desktop\pysmell\subject_raw\boto\boto\boto\vendored\six.py,719,10,0,0,0
boto,2.38.0,C:\Users\Zhifei Chen\Desktop\pysmell\subject_raw\boto\boto\tests\integration\dynamodb\test_layer1.py,234,26,1,0,0
boto,2.38.0,C:\Users\Zhifei Chen\Desktop\pysmell\subject_raw\boto\boto\tests\integration\gs\test_basic.py,386,11,0,0,0
boto,2.38.0,C:\Users\Zhifei Chen\Desktop\pysmell\subject_raw\boto\boto\tests\integration\gs\test_versioning.py,235,13,0,0,0
boto,2.38.0,C:\Users\Zhifei Chen\Desktop\pysmell\subject_raw\boto\boto\tests\integration\s3\test_multidelete.py,125,11,0,0,0
boto,2.38.0,C:\Users\Zhifei Chen\Desktop\pysmell\subject_raw\boto\boto\tests\unit\test_regioninfo.py,55,18,0,0,0
boto,2.38.0,C:\Users\Zhifei Chen\Desktop\pysmell\subject_raw\boto\boto\tests\unit\cloudsearch\test_document.py,127,14,0,0,0
boto,2.38.0,C:\Users\Zhifei Chen\Desktop\pysmell\subject_raw\boto\boto\tests\unit\dynamodb2\test_table.py,1862,9,0,0,0
boto,2.38.0,C:\Users\Zhifei Chen\Desktop\pysmell\subject_raw\boto\boto\tests\unit\ec2\test_instance.py,250,15,0,0,0
boto,2.38.0,C:\Users\Zhifei Chen\Desktop\pysmell\subject_raw\boto\boto\tests\unit\glacier\test_utils.py,97,16,0,0,0
boto,2.38.0,C:\Users\Zhifei Chen\Desktop\pysmell\subject_raw\boto\boto\tests\unit\s3\test_bucket.py,67,28,1,1,0
boto,2.38.0,C:\Users\Zhifei Chen\Desktop\pysmell\subject_raw\boto\boto\tests\unit\utils\test_utils.py,254,9,0,0,0
ipython,rel-3.1.0,C:\Users\Zhifei Chen\Desktop\pysmell\subject_raw\ipython\ipython\IPython\core\application.py,69,9,0,0,0
ipython,rel-3.1.0,C:\Users\Zhifei Chen\Desktop\pysmell\subject_raw\ipython\ipython\IPython\core\display.py,911,10,0,0,0
ipython,rel-3.1.0,C:\Users\Zhifei Chen\Desktop\pysmell\subject_raw\ipython\ipython\IPython\core\interactiveshell.py,160,13,0,0,0
ipython,rel-3.1.0,C:\Users\Zhifei Chen\Desktop\pysmell\subject_raw\ipython\ipython\IPython\core\magic.py,579,33,1,1,0
ipython,rel-3.1.0,C:\Users\Zhifei Chen\Desktop\pysmell\subject_raw\ipython\ipython\IPython\core\ultratb.py,149,45,1,1,0
ipython,rel-3.1.0,C:\Users\Zhifei Chen\Desktop\pysmell\subject_raw\ipython\ipython\IPython\core\magics\namespace.py,283,16,0,0,0
ipython,rel-3.1.0,C:\Users\Zhifei Chen\Desktop\pysmell\subject_raw\ipython\ipython\IPython\core\tests\test_formatters.py,116,9,0,0,0
ipython,rel-3.1.0,C:\Users\Zhifei Chen\Desktop\pysmell\subject_raw\ipython\ipython\IPython\core\tests\test_magic.py,258,13,0,0,0
ipython,rel-3.1.0,C:\Users\Zhifei Chen\Desktop\pysmell\subject_raw\ipython\ipython\IPython\extensions\autoreload.py,276,15,0,0,0
ipython,rel-3.1.0,C:\Users\Zhifei Chen\Desktop\pysmell\subject_raw\ipython\ipython\IPython\lib\display.py,451,21,0,0,0
ipython,rel-3.1.0,C:\Users\Zhifei Chen\Desktop\pysmell\subject_raw\ipython\ipython\IPython\sphinxext\ipython_directive.py,362,15,0,0,0
ipython,rel-3.1.0,C:\Users\Zhifei Chen\Desktop\pysmell\subject_raw\ipython\ipython\IPython\testing\plugin\ipdoctest.py,94,19,0,0,0
ipython,rel-3.1.0,C:\Users\Zhifei Chen\Desktop\pysmell\subject_raw\ipython\ipython\IPython\utils\text.py,412,9,0,0,0
ipython,rel-3.1.0,C:\Users\Zhifei Chen\Desktop\pysmell\subject_raw\ipython\ipython\IPython\utils\tests\test_wildcard.py,66,11,0,0,0
numpy,v1.9.2,C:\Users\Zhifei Chen\Desktop\pysmell\subject_raw\numpy\numpy\numpy\ctypeslib.py,169,17,0,0,0
numpy,v1.9.2,C:\Users\Zhifei Chen\Desktop\pysmell\subject_raw\numpy\numpy\numpy\core\numeric.py,908,9,0,0,0
numpy,v1.9.2,C:\Users\Zhifei Chen\Desktop\pysmell\subject_raw\numpy\numpy\numpy\core\setup_common.py,250,10,0,0,0
numpy,v1.9.2,C:\Users\Zhifei Chen\Desktop\pysmell\subject_raw\numpy\numpy\numpy\core\tests\test_datetime.py,442,18,0,0,0
numpy,v1.9.2,C:\Users\Zhifei Chen\Desktop\pysmell\subject_raw\numpy\numpy\numpy\core\tests\test_dtype.py,263,9,0,0,0
numpy,v1.9.2,C:\Users\Zhifei Chen\Desktop\pysmell\subject_raw\numpy\numpy\numpy\core\tests\test_multiarray.py,156,9,0,0,0
numpy,v1.9.2,C:\Users\Zhifei Chen\Desktop\pysmell\subject_raw\numpy\numpy\numpy\core\tests\test_multiarray.py,3619,11,0,0,0
numpy,v1.9.2,C:\Users\Zhifei Chen\Desktop\pysmell\subject_raw\numpy\numpy\numpy\core\tests\test_nditer.py,302,29,1,1,0
numpy,v1.9.2,C:\Users\Zhifei Chen\Desktop\pysmell\subject_raw\numpy\numpy\numpy\core\tests\test_numeric.py,355,16,0,0,0
numpy,v1.9.2,C:\Users\Zhifei Chen\Desktop\pysmell\subject_raw\numpy\numpy\numpy\core\tests\test_records.py,114,12,0,0,0
numpy,v1.9.2,C:\Users\Zhifei Chen\Desktop\pysmell\subject_raw\numpy\numpy\numpy\core\tests\test_ufunc.py,458,14,0,0,0
numpy,v1.9.2,C:\Users\Zhifei Chen\Desktop\pysmell\subject_raw\numpy\numpy\numpy\core\tests\test_umath_complex.py,492,13,0,0,0
numpy,v1.9.2,C:\Users\Zhifei Chen\Desktop\pysmell\subject_raw\numpy\numpy\numpy\distutils\mingw32ccompiler.py,52,37,1,1,0
numpy,v1.9.2,C:\Users\Zhifei Chen\Desktop\pysmell\subject_raw\numpy\numpy\numpy\distutils\npy_pkg_config.py,235,12,0,0,0
numpy,v1.9.2,C:\Users\Zhifei Chen\Desktop\pysmell\subject_raw\numpy\numpy\numpy\distutils\command\build_src.py,155,12,0,0,0
numpy,v1.9.2,C:\Users\Zhifei Chen\Desktop\pysmell\subject_raw\numpy\numpy\numpy\distutils\fcompiler\__init__.py,635,34,1,1,0
numpy,v1.9.2,C:\Users\Zhifei Chen\Desktop\pysmell\subject_raw\numpy\numpy\numpy\f2py\crackfortran.py,1752,25,1,0,0
numpy,v1.9.2,C:\Users\Zhifei Chen\Desktop\pysmell\subject_raw\numpy\numpy\numpy\f2py\tests\util.py,317,24,1,0,0
numpy,v1.9.2,C:\Users\Zhifei Chen\Desktop\pysmell\subject_raw\numpy\numpy\numpy\lib\function_base.py,1810,9,0,0,0
numpy,v1.9.2,C:\Users\Zhifei Chen\Desktop\pysmell\subject_raw\numpy\numpy\numpy\lib\recfunctions.py,466,10,0,0,0
numpy,v1.9.2,C:\Users\Zhifei Chen\Desktop\pysmell\subject_raw\numpy\numpy\numpy\lib\_version.py,56,16,0,0,0
numpy,v1.9.2,C:\Users\Zhifei Chen\Desktop\pysmell\subject_raw\numpy\numpy\numpy\lib\tests\test_financial.py,81,40,1,1,0
numpy,v1.9.2,C:\Users\Zhifei Chen\Desktop\pysmell\subject_raw\numpy\numpy\numpy\lib\tests\test_function_base.py,1929,32,1,1,0
numpy,v1.9.2,C:\Users\Zhifei Chen\Desktop\pysmell\subject_raw\numpy\numpy\numpy\lib\tests\test_io.py,1548,13,0,0,0
numpy,v1.9.2,C:\Users\Zhifei Chen\Desktop\pysmell\subject_raw\numpy\numpy\numpy\lib\tests\test_regression.py,171,11,0,0,0
numpy,v1.9.2,C:\Users\Zhifei Chen\Desktop\pysmell\subject_raw\numpy\numpy\numpy\linalg\linalg.py,530,9,0,0,0
numpy,v1.9.2,C:\Users\Zhifei Chen\Desktop\pysmell\subject_raw\numpy\numpy\numpy\ma\core.py,166,20,0,0,0
numpy,v1.9.2,C:\Users\Zhifei Chen\Desktop\pysmell\subject_raw\numpy\numpy\numpy\ma\core.py,5435,18,0,0,0
numpy,v1.9.2,C:\Users\Zhifei Chen\Desktop\pysmell\subject_raw\numpy\numpy\numpy\ma\testutils.py,168,10,0,0,0
numpy,v1.9.2,C:\Users\Zhifei Chen\Desktop\pysmell\subject_raw\numpy\numpy\numpy\ma\tests\test_core.py,1368,27,1,0,0
numpy,v1.9.2,C:\Users\Zhifei Chen\Desktop\pysmell\subject_raw\numpy\numpy\numpy\ma\tests\test_core.py,2732,24,1,0,0
numpy,v1.9.2,C:\Users\Zhifei Chen\Desktop\pysmell\subject_raw\numpy\numpy\numpy\ma\tests\test_extras.py,326,15,0,0,0
numpy,v1.9.2,C:\Users\Zhifei Chen\Desktop\pysmell\subject_raw\numpy\numpy\numpy\ma\tests\test_old_ma.py,661,35,1,1,0
numpy,v1.9.2,C:\Users\Zhifei Chen\Desktop\pysmell\subject_raw\numpy\numpy\numpy\polynomial\hermite.py,1240,10,0,0,0
numpy,v1.9.2,C:\Users\Zhifei Chen\Desktop\pysmell\subject_raw\numpy\numpy\numpy\polynomial\legendre.py,1570,14,0,0,0
numpy,v1.9.2,C:\Users\Zhifei Chen\Desktop\pysmell\subject_raw\numpy\numpy\numpy\polynomial\tests\test_hermite.py,151,9,0,0,0
numpy,v1.9.2,C:\Users\Zhifei Chen\Desktop\pysmell\subject_raw\numpy\numpy\numpy\random\tests\test_random.py,290,9,0,0,0
numpy,v1.9.2,C:\Users\Zhifei Chen\Desktop\pysmell\subject_raw\numpy\numpy\numpy\testing\tests\test_utils.py,440,13,0,0,0
nltk,3.0.2,C:\Users\Zhifei Chen\Desktop\pysmell\subject_raw\nltk\nltk\nltk\data.py,528,39,1,1,0
nltk,3.0.2,C:\Users\Zhifei Chen\Desktop\pysmell\subject_raw\nltk\nltk\nltk\featstruct.py,738,33,1,1,0
nltk,3.0.2,C:\Users\Zhifei Chen\Desktop\pysmell\subject_raw\nltk\nltk\nltk\probability.py,535,22,0,0,0
nltk,3.0.2,C:\Users\Zhifei Chen\Desktop\pysmell\subject_raw\nltk\nltk\nltk\tree.py,810,14,0,0,0
nltk,3.0.2,C:\Users\Zhifei Chen\Desktop\pysmell\subject_raw\nltk\nltk\nltk\app\chartparser_app.py,694,9,0,0,0
nltk,3.0.2,C:\Users\Zhifei Chen\Desktop\pysmell\subject_raw\nltk\nltk\nltk\app\collocations_app.py,323,13,0,0,0
nltk,3.0.2,C:\Users\Zhifei Chen\Desktop\pysmell\subject_raw\nltk\nltk\nltk\app\wordnet_app.py,592,9,0,0,0
nltk,3.0.2,C:\Users\Zhifei Chen\Desktop\pysmell\subject_raw\nltk\nltk\nltk\classify\decisiontree.py,231,15,0,0,0
nltk,3.0.2,C:\Users\Zhifei Chen\Desktop\pysmell\subject_raw\nltk\nltk\nltk\classify\weka.py,303,10,0,0,0
nltk,3.0.2,C:\Users\Zhifei Chen\Desktop\pysmell\subject_raw\nltk\nltk\nltk\corpus\reader\framenet.py,391,9,0,0,0
nltk,3.0.2,C:\Users\Zhifei Chen\Desktop\pysmell\subject_raw\nltk\nltk\nltk\corpus\reader\nombank.py,167,18,0,0,0
nltk,3.0.2,C:\Users\Zhifei Chen\Desktop\pysmell\subject_raw\nltk\nltk\nltk\corpus\reader\verbnet.py,178,9,0,0,0
nltk,3.0.2,C:\Users\Zhifei Chen\Desktop\pysmell\subject_raw\nltk\nltk\nltk\draw\table.py,59,42,1,1,0
nltk,3.0.2,C:\Users\Zhifei Chen\Desktop\pysmell\subject_raw\nltk\nltk\nltk\draw\util.py,2192,13,0,0,0
nltk,3.0.2,C:\Users\Zhifei Chen\Desktop\pysmell\subject_raw\nltk\nltk\nltk\inference\tableau.py,56,27,1,0,0
nltk,3.0.2,C:\Users\Zhifei Chen\Desktop\pysmell\subject_raw\nltk\nltk\nltk\parse\chart.py,583,11,0,0,0
nltk,3.0.2,C:\Users\Zhifei Chen\Desktop\pysmell\subject_raw\nltk\nltk\nltk\parse\projectivedependencyparser.py,558,10,0,0,0
nltk,3.0.2,C:\Users\Zhifei Chen\Desktop\pysmell\subject_raw\nltk\nltk\nltk\sem\chat80.py,500,15,0,0,0
nltk,3.0.2,C:\Users\Zhifei Chen\Desktop\pysmell\subject_raw\nltk\nltk\nltk\sem\glue.py,213,15,0,0,0
nltk,3.0.2,C:\Users\Zhifei Chen\Desktop\pysmell\subject_raw\nltk\nltk\nltk\sem\logic.py,1814,9,0,0,0
nltk,3.0.2,C:\Users\Zhifei Chen\Desktop\pysmell\subject_raw\nltk\nltk\nltk\tag\brill.py,287,21,0,0,0
nltk,3.0.2,C:\Users\Zhifei Chen\Desktop\pysmell\subject_raw\nltk\nltk\nltk\tbl\demo.py,328,13,0,0,0
nltk,3.0.2,C:\Users\Zhifei Chen\Desktop\pysmell\subject_raw\nltk\nltk\nltk\tokenize\punkt.py,1377,21,0,0,0
matplotlib,v1.4.3,C:\Users\Zhifei Chen\Desktop\pysmell\subject_raw\matplotlib\matplotlib\setupext.py,861,15,0,0,0
matplotlib,v1.4.3,C:\Users\Zhifei Chen\Desktop\pysmell\subject_raw\matplotlib\matplotlib\examples\animation\animate_decay.py,21,9,0,0,0
matplotlib,v1.4.3,C:\Users\Zhifei Chen\Desktop\pysmell\subject_raw\matplotlib\matplotlib\examples\event_handling\pick_event_demo.py,87,12,0,0,0
matplotlib,v1.4.3,C:\Users\Zhifei Chen\Desktop\pysmell\subject_raw\matplotlib\matplotlib\examples\tests\backend_driver.py,441,18,0,0,0
matplotlib,v1.4.3,C:\Users\Zhifei Chen\Desktop\pysmell\subject_raw\matplotlib\matplotlib\lib\matplotlib\afm.py,359,24,1,0,0
matplotlib,v1.4.3,C:\Users\Zhifei Chen\Desktop\pysmell\subject_raw\matplotlib\matplotlib\lib\matplotlib\axis.py,1651,14,0,0,0
matplotlib,v1.4.3,C:\Users\Zhifei Chen\Desktop\pysmell\subject_raw\matplotlib\matplotlib\lib\matplotlib\backend_tools.py,269,10,0,0,0
matplotlib,v1.4.3,C:\Users\Zhifei Chen\Desktop\pysmell\subject_raw\matplotlib\matplotlib\lib\matplotlib\cm.py,203,25,1,0,0
matplotlib,v1.4.3,C:\Users\Zhifei Chen\Desktop\pysmell\subject_raw\matplotlib\matplotlib\lib\matplotlib\colors.py,378,30,1,1,0
matplotlib,v1.4.3,C:\Users\Zhifei Chen\Desktop\pysmell\subject_raw\matplotlib\matplotlib\lib\matplotlib\dates.py,672,23,0,0,0
matplotlib,v1.4.3,C:\Users\Zhifei Chen\Desktop\pysmell\subject_raw\matplotlib\matplotlib\lib\matplotlib\finance.py,819,9,0,0,0
matplotlib,v1.4.3,C:\Users\Zhifei Chen\Desktop\pysmell\subject_raw\matplotlib\matplotlib\lib\matplotlib\image.py,870,24,1,0,0
matplotlib,v1.4.3,C:\Users\Zhifei Chen\Desktop\pysmell\subject_raw\matplotlib\matplotlib\lib\matplotlib\mathtext.py,206,21,0,0,0
matplotlib,v1.4.3,C:\Users\Zhifei Chen\Desktop\pysmell\subject_raw\matplotlib\matplotlib\lib\matplotlib\mlab.py,2363,22,0,0,0
matplotlib,v1.4.3,C:\Users\Zhifei Chen\Desktop\pysmell\subject_raw\matplotlib\matplotlib\lib\matplotlib\patches.py,1611,14,0,0,0
matplotlib,v1.4.3,C:\Users\Zhifei Chen\Desktop\pysmell\subject_raw\matplotlib\matplotlib\lib\matplotlib\pyplot.py,115,22,0,0,0
matplotlib,v1.4.3,C:\Users\Zhifei Chen\Desktop\pysmell\subject_raw\matplotlib\matplotlib\lib\matplotlib\pyplot.py,3170,11,0,0,0
matplotlib,v1.4.3,C:\Users\Zhifei Chen\Desktop\pysmell\subject_raw\matplotlib\matplotlib\lib\matplotlib\spines.py,193,53,1,1,1
matplotlib,v1.4.3,C:\Users\Zhifei Chen\Desktop\pysmell\subject_raw\matplotlib\matplotlib\lib\matplotlib\text.py,2232,19,0,0,0
matplotlib,v1.4.3,C:\Users\Zhifei Chen\Desktop\pysmell\subject_raw\matplotlib\matplotlib\lib\matplotlib\transforms.py,2104,17,0,0,0
matplotlib,v1.4.3,C:\Users\Zhifei Chen\Desktop\pysmell\subject_raw\matplotlib\matplotlib\lib\matplotlib\widgets.py,1652,21,0,0,0
matplotlib,v1.4.3,C:\Users\Zhifei Chen\Desktop\pysmell\subject_raw\matplotlib\matplotlib\lib\matplotlib\axes\_axes.py,4514,43,1,1,0
matplotlib,v1.4.3,C:\Users\Zhifei Chen\Desktop\pysmell\subject_raw\matplotlib\matplotlib\lib\matplotlib\backends\backend_agg.py,378,15,0,0,0
matplotlib,v1.4.3,C:\Users\Zhifei Chen\Desktop\pysmell\subject_raw\matplotlib\matplotlib\lib\matplotlib\backends\backend_gtk3.py,663,27,1,0,0
matplotlib,v1.4.3,C:\Users\Zhifei Chen\Desktop\pysmell\subject_raw\matplotlib\matplotlib\lib\matplotlib\backends\backend_pdf.py,1516,13,0,0,0
matplotlib,v1.4.3,C:\Users\Zhifei Chen\Desktop\pysmell\subject_raw\matplotlib\matplotlib\lib\matplotlib\backends\backend_ps.py,813,10,0,0,0
matplotlib,v1.4.3,C:\Users\Zhifei Chen\Desktop\pysmell\subject_raw\matplotlib\matplotlib\lib\matplotlib\backends\backend_tkagg.py,633,19,0,0,0
matplotlib,v1.4.3,C:\Users\Zhifei Chen\Desktop\pysmell\subject_raw\matplotlib\matplotlib\lib\matplotlib\backends\qt_editor\figureoptions.py,39,54,1,1,1
matplotlib,v1.4.3,C:\Users\Zhifei Chen\Desktop\pysmell\subject_raw\matplotlib\matplotlib\lib\matplotlib\style\core.py,42,15,0,0,0
matplotlib,v1.4.3,C:\Users\Zhifei Chen\Desktop\pysmell\subject_raw\matplotlib\matplotlib\lib\matplotlib\tests\test_axes.py,638,15,0,0,0
matplotlib,v1.4.3,C:\Users\Zhifei Chen\Desktop\pysmell\subject_raw\matplotlib\matplotlib\lib\matplotlib\tests\test_axes.py,3392,15,0,0,0
matplotlib,v1.4.3,C:\Users\Zhifei Chen\Desktop\pysmell\subject_raw\matplotlib\matplotlib\lib\matplotlib\tests\test_collections.py,491,24,1,0,0
matplotlib,v1.4.3,C:\Users\Zhifei Chen\Desktop\pysmell\subject_raw\matplotlib\matplotlib\lib\matplotlib\tests\test_image.py,239,9,0,0,0
matplotlib,v1.4.3,C:\Users\Zhifei Chen\Desktop\pysmell\subject_raw\matplotlib\matplotlib\lib\matplotlib\tests\test_mlab.py,1701,25,1,0,0
matplotlib,v1.4.3,C:\Users\Zhifei Chen\Desktop\pysmell\subject_raw\matplotlib\matplotlib\lib\matplotlib\tests\test_spines.py,53,26,1,0,0
matplotlib,v1.4.3,C:\Users\Zhifei Chen\Desktop\pysmell\subject_raw\matplotlib\matplotlib\lib\matplotlib\tests\test_triangulation.py,882,44,1,1,0
matplotlib,v1.4.3,C:\Users\Zhifei Chen\Desktop\pysmell\subject_raw\matplotlib\matplotlib\lib\mpl_toolkits\gtktools.py,47,10,0,0,0
matplotlib,v1.4.3,C:\Users\Zhifei Chen\Desktop\pysmell\subject_raw\matplotlib\matplotlib\lib\mpl_toolkits\axes_grid1\colorbar.py,426,16,0,0,0
matplotlib,v1.4.3,C:\Users\Zhifei Chen\Desktop\pysmell\subject_raw\matplotlib\matplotlib\lib\mpl_toolkits\axisartist\axis_artist.py,217,12,0,0,0
matplotlib,v1.4.3,C:\Users\Zhifei Chen\Desktop\pysmell\subject_raw\matplotlib\matplotlib\lib\mpl_toolkits\mplot3d\art3d.py,423,14,0,0,0
matplotlib,v1.4.3,C:\Users\Zhifei Chen\Desktop\pysmell\subject_raw\matplotlib\matplotlib\lib\mpl_toolkits\tests\test_mplot3d.py,8,9,0,0,0
matplotlib,v1.4.3,C:\Users\Zhifei Chen\Desktop\pysmell\subject_raw\matplotlib\matplotlib\unit\virtualenv.py,1858,17,0,0,0
django,1.8.2,C:\Users\Zhifei Chen\Desktop\pysmell\subject_raw\django\django\django\contrib\admin\helpers.py,231,10,0,0,0
django,1.8.2,C:\Users\Zhifei Chen\Desktop\pysmell\subject_raw\django\django\django\contrib\admin\widgets.py,119,14,0,0,0
django,1.8.2,C:\Users\Zhifei Chen\Desktop\pysmell\subject_raw\django\django\django\contrib\auth\views.py,74,21,0,0,0
django,1.8.2,C:\Users\Zhifei Chen\Desktop\pysmell\subject_raw\django\django\django\contrib\gis\db\backends\oracle\operations.py,115,12,0,0,0
django,1.8.2,C:\Users\Zhifei Chen\Desktop\pysmell\subject_raw\django\django\django\contrib\gis\gdal\driver.py,35,21,0,0,0
django,1.8.2,C:\Users\Zhifei Chen\Desktop\pysmell\subject_raw\django\django\django\contrib\gis\sitemaps\views.py,12,28,1,1,0
django,1.8.2,C:\Users\Zhifei Chen\Desktop\pysmell\subject_raw\django\django\django\contrib\sessions\backends\file.py,190,10,0,0,0
django,1.8.2,C:\Users\Zhifei Chen\Desktop\pysmell\subject_raw\django\django\django\core\validators.py,25,14,0,0,0
django,1.8.2,C:\Users\Zhifei Chen\Desktop\pysmell\subject_raw\django\django\django\core\mail\message.py,259,20,0,0,0
django,1.8.2,C:\Users\Zhifei Chen\Desktop\pysmell\subject_raw\django\django\django\core\management\commands\makemigrations.py,188,44,1,1,0
django,1.8.2,C:\Users\Zhifei Chen\Desktop\pysmell\subject_raw\django\django\django\db\backends\base\base.py,166,13,0,0,0
django,1.8.2,C:\Users\Zhifei Chen\Desktop\pysmell\subject_raw\django\django\django\db\backends\oracle\introspection.py,58,10,0,0,0
django,1.8.2,C:\Users\Zhifei Chen\Desktop\pysmell\subject_raw\django\django\django\db\migrations\autodetector.py,936,11,0,0,0
django,1.8.2,C:\Users\Zhifei Chen\Desktop\pysmell\subject_raw\django\django\django\db\migrations\operations\models.py,453,12,0,0,0
django,1.8.2,C:\Users\Zhifei Chen\Desktop\pysmell\subject_raw\django\django\django\db\models\lookups.py,282,21,0,0,0
django,1.8.2,C:\Users\Zhifei Chen\Desktop\pysmell\subject_raw\django\django\django\db\models\fields\files.py,115,13,0,0,0
django,1.8.2,C:\Users\Zhifei Chen\Desktop\pysmell\subject_raw\django\django\django\db\models\fields\related_lookups.py,99,11,0,0,0
django,1.8.2,C:\Users\Zhifei Chen\Desktop\pysmell\subject_raw\django\django\django\db\models\sql\datastructures.py,63,23,0,0,0
django,1.8.2,C:\Users\Zhifei Chen\Desktop\pysmell\subject_raw\django\django\django\forms\fields.py,495,9,0,0,0
django,1.8.2,C:\Users\Zhifei Chen\Desktop\pysmell\subject_raw\django\django\django\forms\models.py,917,15,0,0,0
django,1.8.2,C:\Users\Zhifei Chen\Desktop\pysmell\subject_raw\django\django\django\middleware\common.py,95,14,0,0,0
django,1.8.2,C:\Users\Zhifei Chen\Desktop\pysmell\subject_raw\django\django\django\template\defaulttags.py,718,10,0,0,0
django,1.8.2,C:\Users\Zhifei Chen\Desktop\pysmell\subject_raw\django\django\django\template\backends\jinja2.py,40,11,0,0,0
django,1.8.2,C:\Users\Zhifei Chen\Desktop\pysmell\subject_raw\django\django\django\test\testcases.py,269,39,1,1,0
django,1.8.2,C:\Users\Zhifei Chen\Desktop\pysmell\subject_raw\django\django\django\utils\dateformat.py,272,10,0,0,0
django,1.8.2,C:\Users\Zhifei Chen\Desktop\pysmell\subject_raw\django\django\django\utils\regex_helper.py,205,9,0,0,0
django,1.8.2,C:\Users\Zhifei Chen\Desktop\pysmell\subject_raw\django\django\django\views\generic\base.py,46,14,0,0,0
django,1.8.2,C:\Users\Zhifei Chen\Desktop\pysmell\subject_raw\django\django\tests\admin_changelist\tests.py,287,12,0,0,0
django,1.8.2,C:\Users\Zhifei Chen\Desktop\pysmell\subject_raw\django\django\tests\admin_inlines\tests.py,650,12,0,0,0
django,1.8.2,C:\Users\Zhifei Chen\Desktop\pysmell\subject_raw\django\django\tests\admin_views\tests.py,1213,11,0,0,0
django,1.8.2,C:\Users\Zhifei Chen\Desktop\pysmell\subject_raw\django\django\tests\admin_views\tests.py,4197,38,1,1,0
django,1.8.2,C:\Users\Zhifei Chen\Desktop\pysmell\subject_raw\django\django\tests\admin_widgets\tests.py,867,9,0,0,0
django,1.8.2,C:\Users\Zhifei Chen\Desktop\pysmell\subject_raw\django\django\tests\auth_tests\test_auth_backends.py,312,10,0,0,0
django,1.8.2,C:\Users\Zhifei Chen\Desktop\pysmell\subject_raw\django\django\tests\auth_tests\test_views.py,898,17,0,0,0
django,1.8.2,C:\Users\Zhifei Chen\Desktop\pysmell\subject_raw\django\django\tests\cache\tests.py,813,16,0,0,0
django,1.8.2,C:\Users\Zhifei Chen\Desktop\pysmell\subject_raw\django\django\tests\custom_managers\tests.py,127,20,0,0,0
django,1.8.2,C:\Users\Zhifei Chen\Desktop\pysmell\subject_raw\django\django\tests\delete\tests.py,284,11,0,0,0
django,1.8.2,C:\Users\Zhifei Chen\Desktop\pysmell\subject_raw\django\django\tests\field_deconstruction\tests.py,330,10,0,0,0
django,1.8.2,C:\Users\Zhifei Chen\Desktop\pysmell\subject_raw\django\django\tests\fixtures_regress\tests.py,614,12,0,0,0
django,1.8.2,C:\Users\Zhifei Chen\Desktop\pysmell\subject_raw\django\django\tests\forms_tests\tests\test_fields.py,1301,18,0,0,0
django,1.8.2,C:\Users\Zhifei Chen\Desktop\pysmell\subject_raw\django\django\tests\forms_tests\tests\test_forms.py,2463,17,0,0,0
django,1.8.2,C:\Users\Zhifei Chen\Desktop\pysmell\subject_raw\django\django\tests\forms_tests\tests\test_input_formats.py,446,11,0,0,0
django,1.8.2,C:\Users\Zhifei Chen\Desktop\pysmell\subject_raw\django\django\tests\forms_tests\tests\test_widgets.py,1026,35,1,1,0
django,1.8.2,C:\Users\Zhifei Chen\Desktop\pysmell\subject_raw\django\django\tests\generic_views\test_edit.py,155,14,0,0,0
django,1.8.2,C:\Users\Zhifei Chen\Desktop\pysmell\subject_raw\django\django\tests\gis_tests\gdal_tests\test_ds.py,226,20,0,0,0
django,1.8.2,C:\Users\Zhifei Chen\Desktop\pysmell\subject_raw\django\django\tests\gis_tests\geoapp\test_feeds.py,55,10,0,0,0
django,1.8.2,C:\Users\Zhifei Chen\Desktop\pysmell\subject_raw\django\django\tests\gis_tests\geos_tests\test_mutable_list.py,152,38,1,1,0
django,1.8.2,C:\Users\Zhifei Chen\Desktop\pysmell\subject_raw\django\django\tests\i18n\tests.py,121,15,0,0,0
django,1.8.2,C:\Users\Zhifei Chen\Desktop\pysmell\subject_raw\django\django\tests\invalid_models_tests\test_ordinary_fields.py,287,16,0,0,0
django,1.8.2,C:\Users\Zhifei Chen\Desktop\pysmell\subject_raw\django\django\tests\m2m_signals\tests.py,110,14,0,0,0
django,1.8.2,C:\Users\Zhifei Chen\Desktop\pysmell\subject_raw\django\django\tests\many_to_many\tests.py,374,16,0,0,0
django,1.8.2,C:\Users\Zhifei Chen\Desktop\pysmell\subject_raw\django\django\tests\middleware_exceptions\tests.py,307,10,0,0,0
django,1.8.2,C:\Users\Zhifei Chen\Desktop\pysmell\subject_raw\django\django\tests\migrations\test_autodetector.py,848,10,0,0,0
django,1.8.2,C:\Users\Zhifei Chen\Desktop\pysmell\subject_raw\django\django\tests\migrations\test_commands.py,651,10,0,0,0
django,1.8.2,C:\Users\Zhifei Chen\Desktop\pysmell\subject_raw\django\django\tests\migrations\test_operations.py,591,16,0,0,0
django,1.8.2,C:\Users\Zhifei Chen\Desktop\pysmell\subject_raw\django\django\tests\migrations\test_state.py,635,12,0,0,0
django,1.8.2,C:\Users\Zhifei Chen\Desktop\pysmell\subject_raw\django\django\tests\model_formsets_regress\tests.py,524,18,0,0,0
django,1.8.2,C:\Users\Zhifei Chen\Desktop\pysmell\subject_raw\django\django\tests\multiple_database\tests.py,1659,26,1,0,0
django,1.8.2,C:\Users\Zhifei Chen\Desktop\pysmell\subject_raw\django\django\tests\pagination\tests.py,247,16,0,0,0
django,1.8.2,C:\Users\Zhifei Chen\Desktop\pysmell\subject_raw\django\django\tests\queries\tests.py,602,10,0,0,0
django,1.8.2,C:\Users\Zhifei Chen\Desktop\pysmell\subject_raw\django\django\tests\queries\tests.py,3210,10,0,0,0
django,1.8.2,C:\Users\Zhifei Chen\Desktop\pysmell\subject_raw\django\django\tests\schema\tests.py,386,20,0,0,0
django,1.8.2,C:\Users\Zhifei Chen\Desktop\pysmell\subject_raw\django\django\tests\serializers_regress\tests.py,131,9,0,0,0
django,1.8.2,C:\Users\Zhifei Chen\Desktop\pysmell\subject_raw\django\django\tests\syndication_tests\tests.py,226,23,0,0,0
django,1.8.2,C:\Users\Zhifei Chen\Desktop\pysmell\subject_raw\django\django\tests\template_tests\filter_tests\test_filesizeformat.py,26,15,0,0,0
django,1.8.2,C:\Users\Zhifei Chen\Desktop\pysmell\subject_raw\django\django\tests\test_client_regress\tests.py,817,11,0,0,0
django,1.8.2,C:\Users\Zhifei Chen\Desktop\pysmell\subject_raw\django\django\tests\timezones\tests.py,407,9,0,0,0
django,1.8.2,C:\Users\Zhifei Chen\Desktop\pysmell\subject_raw\django\django\tests\utils_tests\test_encoding.py,87,9,0,0,0
django,1.8.2,C:\Users\Zhifei Chen\Desktop\pysmell\subject_raw\django\django\tests\view_tests\tests\test_csrf.py,12,10,0,0,0
