tag,file,LongParameterList,LongMethod,LongScopeChaining,LongBaseClassList,LargeClass,LongMessageChain,ComplexLambdaExpression,LongTernaryConditionalExpression,ComplexContainerComprehension,MultiplyNestedContainer,LOC,change,fault
v0.6.0,scipy/sandbox/plt/dumb_shelve.py,0,0,0,0,0,0,0,0,0,0,9,2,0
v0.6.0,scipy/sandbox/ga/ga_util.py,0,0,0,0,0,0,0,0,0,0,36,4,0
v0.6.0,scipy/sandbox/lobpcg/setup.py,0,0,0,0,0,0,0,0,0,0,11,2,0
v0.6.0,scipy/sandbox/numexpr/info.py,0,0,0,0,0,0,0,0,0,0,2,4,1
v0.6.0,scipy/cluster/info.py,0,0,0,0,0,0,0,0,0,0,1,5,0
v0.6.0,scipy/sandbox/pyem/examples/basic_example3.py,0,0,0,0,0,0,0,0,0,0,35,3,0
v0.6.0,scipy/sandbox/xplt/Graphics.py,1,0,0,0,0,0,0,0,0,0,113,2,0
v0.6.0,scipy/interpolate/fitpack.py,0,3,0,0,0,0,1,0,0,0,542,8,0
v0.6.0,scipy/sandbox/timeseries/io/fame/const.py,0,0,0,0,0,0,0,0,0,0,7,0,0
v0.6.0,scipy/sandbox/maskedarray/alternative_versions/core_alt.py,1,1,0,0,1,0,0,0,0,0,1802,5,0
v0.6.0,scipy/sandbox/rbf/rbf.py,0,0,0,0,0,0,0,0,0,0,51,4,0
v0.6.0,scipy/sandbox/timeseries/tests/test_dates.py,0,5,0,0,0,0,0,0,0,0,732,8,0
v0.6.0,scipy/sandbox/lobpcg/info.py,0,0,0,0,0,0,0,0,0,0,2,2,0
v0.6.0,scipy/sandbox/pyem/examples/pdfestimation.py,0,0,0,0,0,0,0,0,0,0,29,2,0
v0.6.0,scipy/io/fopen.py,0,1,0,0,0,0,0,0,0,0,215,4,0
v0.6.0,scipy/weave/tests/weave_test_utils.py,0,1,0,0,0,0,0,0,0,0,122,6,0
v0.6.0,scipy/sandbox/xplt/write_style.py,0,1,0,0,0,0,0,0,0,2,263,2,0
v0.6.0,scipy/sandbox/xplt/pl3d.py,2,5,0,0,0,0,0,0,0,0,663,3,0
v0.6.0,scipy/sandbox/svm/examples/classification.py,0,0,0,0,0,0,0,0,0,4,57,2,0
v0.6.0,scipy/weave/standard_array_spec.py,0,0,0,0,0,0,0,0,0,0,72,4,0
v0.6.0,scipy/sandbox/spline/fitpack.py,0,3,0,0,0,0,1,0,0,0,600,4,0
v0.6.0,scipy/sandbox/cdavid/lpc.py,0,1,0,0,0,0,0,0,0,0,170,4,0
v0.6.0,scipy/sandbox/newoptimize/test_optimize.py,0,0,0,0,0,0,0,0,0,0,19,3,0
v0.6.0,scipy/stsci/convolve/lib/iraf_frame.py,0,0,0,0,0,0,0,0,0,0,100,4,0
v0.6.0,scipy/optimize/lbfgsb.py,0,1,0,0,0,0,0,0,0,0,117,2,0
v0.6.0,scipy/sandbox/maskedarray/tests/test_mrecords.py,0,0,0,0,0,0,0,0,0,0,138,10,0
v0.6.0,scipy/io/info.py,0,0,0,0,0,0,0,0,0,0,2,2,0
v0.6.0,scipy/sandbox/maskedarray/tests/test_mstats.py,0,0,0,0,0,0,0,0,0,0,141,8,0
v0.6.0,scipy/sandbox/timeseries/tests/test_timeseries.py,0,0,0,0,0,0,0,0,0,0,499,10,0
v0.6.0,scipy/sandbox/pyem/__init__.py,0,0,0,0,0,0,0,0,0,0,8,3,0
v0.6.0,scipy/sparse/info.py,0,0,0,0,0,0,0,0,0,0,2,10,0
v0.6.0,scipy/sandbox/timeseries/lib/interpolate.py,0,0,0,0,0,0,0,0,0,0,66,5,0
v0.6.0,scipy/linsolve/umfpack/tests/test_umfpack.py,0,0,0,0,0,0,0,0,0,0,115,10,0
v0.6.0,scipy/sandbox/models/smoothers.py,0,1,0,0,0,0,0,0,0,0,146,0,0
v0.6.0,scipy/weave/tests/test_c_spec.py,0,0,0,0,0,0,0,0,0,0,554,17,0
v0.6.0,scipy/integrate/tests/test_quadpack.py,0,0,0,0,0,0,0,0,0,0,78,8,0
v0.6.0,scipy/tests/test_common.py,0,0,0,0,0,0,0,0,0,0,75,2,0
v0.6.0,scipy/sandbox/models/family/family.py,0,0,0,0,0,0,0,0,0,0,82,0,0
v0.6.0,scipy/sandbox/lobpcg/__init__.py,0,0,0,0,0,0,0,0,0,0,8,3,0
v0.6.0,scipy/ndimage/fourier.py,0,0,0,0,0,0,0,0,0,0,81,4,0
v0.6.0,scipy/sandbox/pyem/tests/generate_tests_data.py,1,0,0,0,0,0,0,0,0,0,67,3,0
v0.6.0,scipy/stsci/convolve/lib/__init__.py,0,0,0,0,0,0,0,0,0,0,3,3,0
v0.6.0,scipy/sandbox/spline/tests/dierckx_test_data.py,0,0,0,0,0,0,0,0,0,0,553,4,0
v0.6.0,scipy/weave/dumb_shelve.py,0,0,0,0,0,0,0,0,0,0,21,1,0
v0.6.0,scipy/lib/blas/info.py,0,0,0,0,0,0,0,0,0,0,1,2,0
v0.6.0,scipy/setup.py,0,0,0,0,0,0,0,0,0,0,29,14,0
v0.6.0,scipy/stsci/image/lib/_image.py,0,0,0,0,0,0,0,0,0,0,39,7,0
v0.6.0,scipy/ndimage/__init__.py,0,0,0,0,0,0,0,0,0,0,10,5,0
v0.6.0,scipy/stats/stats.py,1,0,0,0,0,0,0,0,0,0,936,58,5
v0.6.0,scipy/linalg/flinalg.py,0,0,0,0,0,0,0,0,0,0,30,3,0
v0.6.0,scipy/sandbox/models/formula.py,0,2,0,0,0,0,0,0,1,0,350,0,0
v0.6.0,scipy/integrate/tests/test_integrate.py,0,0,0,0,0,0,0,0,0,0,31,10,0
v0.6.0,scipy/sandbox/rbf/tests/example1.py,0,0,0,0,0,0,0,0,0,0,38,4,0
v0.6.0,scipy/signal/tests/test_wavelets.py,0,0,0,0,0,0,0,0,0,0,28,9,0
v0.6.0,scipy/linsolve/umfpack/tests/try_umfpack.py,0,1,0,0,0,0,0,0,0,0,147,2,0
v0.6.0,scipy/sandbox/cdavid/__init__.py,0,0,0,0,0,0,0,0,0,0,6,6,0
v0.6.0,scipy/lib/setup.py,0,0,0,0,0,0,0,0,0,0,9,2,0
v0.6.0,scipy/sandbox/montecarlo/tests/test_dictsampler.py,0,0,0,0,0,0,0,0,0,0,38,8,0
v0.6.0,scipy/special/special_version.py,0,0,0,0,0,0,0,0,0,0,7,2,0
v0.6.0,scipy/weave/examples/tuple_return.py,0,0,0,0,0,0,0,0,0,0,30,2,0
v0.6.0,scipy/sandbox/ann/__init__.py,0,0,0,0,0,0,0,0,0,0,3,3,0
v0.6.0,scipy/io/mmio.py,0,2,0,0,0,0,0,0,0,0,285,18,0
v0.6.0,scipy/sandbox/spline/tests/test_spline.py,0,0,0,0,0,0,0,0,0,1,132,9,0
v0.6.0,scipy/maxentropy/maxentutils.py,0,0,0,0,0,0,0,0,0,0,242,3,0
v0.6.0,scipy/sandbox/cow/cow.py,0,0,0,0,1,0,0,0,0,0,393,2,0
v0.6.0,scipy/optimize/nonlin.py,0,0,0,0,0,0,0,0,0,0,283,3,0
v0.6.0,scipy/fftpack/info.py,0,0,0,0,0,0,0,0,0,0,12,3,0
v0.6.0,scipy/ndimage/interpolation.py,0,1,0,0,0,0,0,0,0,0,267,9,0
v0.6.0,scipy/sandbox/xplt/mesh3d.py,0,3,0,0,0,0,0,0,0,0,356,2,0
v0.6.0,scipy/weave/examples/swig2_example.py,0,0,0,0,0,0,0,0,0,0,16,2,0
v0.6.0,scipy/sandbox/models/bspline_module.py,0,1,0,0,0,0,0,0,0,0,51,0,0
v0.6.0,scipy/sandbox/arpack/tests/test_arpack.py,0,0,0,0,0,0,0,0,0,0,283,5,0
v0.6.0,scipy/sandbox/models/robust/__init__.py,0,0,0,0,0,0,0,0,0,0,5,0,0
v0.6.0,scipy/lib/blas/setup.py,0,0,0,0,0,0,0,0,1,0,60,4,0
v0.6.0,scipy/sandbox/rbf/__init__.py,0,0,0,0,0,0,0,0,0,0,5,6,0
v0.6.0,scipy/special/info.py,0,0,0,0,0,0,0,0,0,0,3,5,1
v0.6.0,scipy/sandbox/models/bspline.py,0,1,0,0,0,0,0,0,0,0,260,0,0
v0.6.0,scipy/linsolve/info.py,0,0,0,0,0,0,0,0,0,0,2,2,0
v0.6.0,scipy/linalg/decomp.py,1,3,0,0,0,0,0,0,0,0,586,12,1
v0.6.0,scipy/odr/tests/test_odr.py,0,1,0,0,0,0,0,0,0,0,239,9,0
v0.6.0,scipy/sandbox/pyem/tests/testcommon.py,0,0,0,0,0,0,0,0,0,0,1,2,0
v0.6.0,scipy/weave/tests/test_ast_tools.py,0,0,0,0,0,0,0,0,0,0,21,10,0
v0.6.0,scipy/maxentropy/tests/test_maxentropy.py,0,0,0,0,0,0,0,0,0,0,25,8,0
v0.6.0,scipy/special/orthogonal.py,0,0,0,0,0,0,4,0,0,0,314,9,0
v0.6.0,scipy/sandbox/pyloess/mpyloess.py,1,0,0,0,0,0,0,0,0,0,415,5,0
v0.6.0,scipy/sandbox/ga/info_ga.py,0,0,0,0,0,0,0,0,0,0,1,0,0
v0.6.0,scipy/sandbox/svm/tests/test_classification.py,1,0,0,0,0,0,0,0,0,0,255,3,0
v0.6.0,scipy/sandbox/xplt/graph.py,0,2,0,0,0,0,0,0,0,0,237,2,0
v0.6.0,scipy/sandbox/montecarlo/tests/test_intsampler.py,0,0,0,0,0,0,0,0,0,0,41,8,0
v0.6.0,scipy/sandbox/xplt/surftest3d.py,0,1,0,0,0,0,0,0,0,0,133,2,0
v0.6.0,scipy/sandbox/svm/tests/test_kernel.py,0,0,0,0,0,0,0,0,0,0,52,3,0
v0.6.0,scipy/sandbox/plt/dumbdbm_patched.py,0,0,0,0,0,0,0,0,0,0,96,2,0
v0.6.0,scipy/weave/examples/py_none.py,0,0,0,0,0,0,0,0,0,0,21,2,0
v0.6.0,scipy/sandbox/pyem/densities.py,0,0,0,0,0,0,0,0,0,0,139,3,0
v0.6.0,scipy/sandbox/xplt/gisttest2d.py,0,1,0,0,0,0,0,0,0,0,58,2,0
v0.6.0,scipy/sandbox/netcdf/netcdf_demo.py,0,0,0,0,0,0,0,0,0,0,42,4,0
v0.6.0,scipy/signal/tests/test_signaltools.py,0,0,0,0,0,0,0,0,0,0,37,20,2
v0.6.0,scipy/optimize/anneal.py,0,1,0,0,0,0,1,0,0,0,185,3,0
v0.6.0,scipy/sandbox/ann/setup.py,0,0,0,0,0,0,0,0,0,0,7,2,0
v0.6.0,scipy/sandbox/xplt/gistdemo3d.py,0,1,0,0,0,0,0,0,0,0,358,2,0
v0.6.0,scipy/sandbox/cdavid/autocorr.py,0,1,0,0,0,0,0,0,0,0,262,4,0
v0.6.0,scipy/integrate/setup.py,0,0,0,0,0,0,0,0,0,0,40,7,0
v0.6.0,scipy/weave/dumbdbm_patched.py,0,0,0,0,0,0,0,0,0,0,96,1,0
v0.6.0,scipy/sandbox/rbf/info.py,0,0,0,0,0,0,0,0,0,0,2,3,0
v0.6.0,scipy/lib/blas/__init__.py,0,0,0,0,0,0,0,0,0,0,43,5,0
v0.6.0,scipy/sandbox/exmplpackage/tests/test_foo.py,0,0,0,0,0,0,0,0,0,0,15,17,0
v0.6.0,scipy/sandbox/timeseries/__init__.py,0,0,0,0,0,0,0,0,0,0,27,2,0
v0.6.0,scipy/sandbox/svm/tests/test_regression.py,0,0,0,0,0,0,0,0,1,0,151,3,0
v0.6.0,scipy/weave/bytecodecompiler.py,0,2,0,0,2,0,1,0,0,0,944,4,0
v0.6.0,scipy/sandbox/stats/__init__.py,0,0,0,0,0,0,0,0,0,0,0,2,0
v0.6.0,scipy/sandbox/pyem/tests/test_gauss_mix.py,0,0,0,0,0,0,0,0,0,0,69,3,0
v0.6.0,scipy/maxentropy/examples/conditionalexample2.py,0,0,0,0,0,0,0,0,0,0,47,4,0
v0.6.0,scipy/sandbox/xplt/info_xplt.py,0,0,0,0,0,0,0,0,0,0,2,2,0
v0.6.0,scipy/sandbox/models/tests/test_utils.py,0,0,0,0,0,0,0,0,0,0,43,0,0
v0.6.0,scipy/sandbox/exmplpackage/foo.py,0,0,0,0,0,0,0,0,0,0,8,4,0
v0.6.0,scipy/misc/limits.py,0,0,0,0,0,0,0,0,0,0,25,3,0
v0.6.0,scipy/misc/ppimport.py,0,1,0,0,0,0,0,0,0,0,330,7,0
v0.6.0,scipy/sandbox/montecarlo/setup.py,0,0,0,0,0,0,0,0,1,0,17,4,0
v0.6.0,scipy/weave/blitz_tools.py,0,0,0,0,0,0,0,0,0,0,69,4,0
v0.6.0,scipy/weave/tests/test_wx_spec.py,0,0,0,0,0,0,0,0,0,0,78,12,0
v0.6.0,scipy/weave/tests/test_inline_tools.py,0,0,0,0,0,0,0,0,0,0,31,14,0
v0.6.0,scipy/odr/info.py,0,0,0,0,0,0,0,0,0,0,2,2,0
v0.6.0,scipy/sandbox/ann/srn.py,0,0,0,0,0,0,0,0,0,0,98,3,0
v0.6.0,scipy/fftpack/basic.py,2,0,0,0,0,0,0,0,0,0,157,13,0
v0.6.0,scipy/sandbox/xplt/eztest.py,0,1,0,0,0,0,0,0,0,0,144,2,0
v0.6.0,scipy/linalg/tests/test_basic.py,0,0,0,0,0,0,0,0,0,0,432,12,0
v0.6.0,scipy/sandbox/pyem/misc.py,0,0,0,0,0,0,0,0,0,0,15,3,0
v0.6.0,scipy/sandbox/svm/oneclass.py,1,0,0,0,0,0,0,0,0,0,31,2,0
v0.6.0,scipy/sandbox/gplt/__init__.py,0,0,0,0,0,0,0,0,0,0,2,2,0
v0.6.0,scipy/signal/bsplines.py,0,0,1,0,0,0,2,0,1,0,241,3,0
v0.6.0,scipy/sandbox/timeseries/tseries.py,1,3,0,0,1,0,0,0,5,0,1078,12,0
v0.6.0,scipy/sandbox/stats/obsolete.py,0,0,0,0,0,0,0,0,0,0,31,3,0
v0.6.0,scipy/optimize/tests/test_zeros.py,0,0,0,0,0,0,0,0,0,0,66,10,0
v0.6.0,scipy/sandbox/pyloess/pyloess.py,1,0,0,0,0,0,0,0,0,0,150,4,0
v0.6.0,scipy/sandbox/newoptimize/base.py,0,0,0,0,0,0,0,0,0,0,35,4,0
v0.6.0,scipy/sandbox/pyloess/tests/__init__.py,0,0,0,0,0,0,0,0,0,0,5,3,0
v0.6.0,scipy/sandbox/svm/classification.py,1,0,0,0,0,0,0,0,1,0,107,2,0
v0.6.0,scipy/sandbox/timeseries/plotlib/mpl_timeseries.py,0,3,0,0,0,0,0,0,0,0,635,0,0
v0.6.0,scipy/sandbox/xplt/cellarray.py,0,0,0,0,0,0,0,0,0,0,52,2,0
v0.6.0,scipy/io/array_import.py,1,1,0,0,0,0,0,0,0,0,314,4,0
v0.6.0,scipy/sandbox/maskedarray/alternative_versions/test_mrecarray.py,0,0,0,0,0,0,0,0,0,0,98,6,0
v0.6.0,scipy/optimize/tnc/example.py,0,0,0,0,0,0,0,0,0,0,13,2,0
v0.6.0,scipy/maxentropy/info.py,0,0,0,0,0,0,0,0,0,0,3,2,0
v0.6.0,scipy/tests/test_handy.py,0,0,0,0,0,0,0,0,0,0,215,2,0
v0.6.0,scipy/ndimage/_ni_support.py,0,0,0,0,0,0,0,0,0,0,59,5,0
v0.6.0,scipy/lib/lapack/setup.py,0,0,0,0,0,0,0,0,1,0,63,2,0
v0.6.0,scipy/sandbox/models/survival.py,0,0,0,0,0,0,0,0,0,0,12,0,0
v0.6.0,scipy/sandbox/svm/tests/test_oneclass.py,0,0,0,0,0,0,0,0,0,0,60,3,0
v0.6.0,scipy/sandbox/svm/examples/classification2.py,0,0,0,0,0,0,0,0,1,0,33,2,0
v0.6.0,scipy/sandbox/arraysetops/setup.py,0,0,0,0,0,0,0,0,0,0,8,2,0
v0.6.0,scipy/sandbox/maskedarray/morestats.py,0,0,0,0,0,0,0,0,1,0,171,8,0
v0.6.0,scipy/sandbox/pyem/profile_data/profile_online_em.py,0,0,0,0,0,0,0,0,1,0,145,3,0
v0.6.0,scipy/sandbox/numexpr/timing.py,0,0,0,0,0,0,0,0,0,0,75,2,1
v0.6.0,scipy/sandbox/maskedarray/mstats.py,0,0,0,0,0,0,0,0,0,0,185,8,0
v0.6.0,scipy/sandbox/lobpcg/tests/benchmark.py,0,0,0,0,0,0,0,0,0,0,54,3,0
v0.6.0,scipy/sandbox/ga/tree_opt.py,0,0,0,0,0,0,0,0,0,0,166,4,0
v0.6.0,scipy/sparse/__init__.py,0,0,0,0,0,0,0,0,0,0,6,16,0
v0.6.0,scipy/sandbox/pyem/examples/examples.py,0,0,0,0,0,0,0,0,0,0,14,3,0
v0.6.0,scipy/sandbox/pyem/examples/basic_example2.py,0,0,0,0,0,0,0,0,0,0,15,2,0
v0.6.0,scipy/integrate/quadpack.py,6,0,0,0,0,0,0,0,0,0,127,3,0
v0.6.0,scipy/sandbox/timeseries/io/__init__.py,0,0,0,0,0,0,0,0,0,0,0,0,0
v0.6.0,scipy/sandbox/exmplpackage/yyy/tests/test_yyy.py,0,0,0,0,0,0,0,0,0,0,10,7,0
v0.6.0,scipy/special/setup.py,0,0,0,0,0,0,0,0,0,0,36,5,1
v0.6.0,scipy/sandbox/numexpr/tests/test_numexpr.py,1,0,1,0,0,0,0,0,0,0,262,8,1
v0.6.0,scipy/io/wavfile.py,0,0,0,0,0,0,0,0,0,0,71,5,0
v0.6.0,scipy/sandbox/pyem/examples/basic_example1.py,0,0,0,0,0,0,0,0,0,0,14,3,0
v0.6.0,scipy/sandbox/timeseries/tcore.py,0,0,0,0,0,0,0,0,0,0,34,0,0
v0.6.0,scipy/weave/swigptr.py,0,0,0,0,0,0,0,0,0,0,2,2,0
v0.6.0,scipy/weave/tests/test_ext_tools.py,0,0,0,0,0,0,0,0,0,0,101,18,0
v0.6.0,scipy/optimize/zeros.py,1,0,0,0,0,0,0,0,0,0,61,6,0
v0.6.0,scipy/special/basic.py,1,0,0,0,0,0,0,0,0,0,541,7,3
v0.6.0,scipy/stats/distributions.py,10,4,0,0,1,0,0,0,0,0,2742,46,8
v0.6.0,scipy/stsci/image/lib/__init__.py,0,0,0,0,0,0,0,0,0,0,20,5,0
v0.6.0,scipy/sandbox/pyem/densities2.py,2,0,0,0,0,0,0,0,0,0,128,3,0
v0.6.0,scipy/ndimage/tests/test_ndimage.py,2,9,0,0,1,0,0,0,0,0,5025,11,1
v0.6.0,scipy/misc/helpmod.py,0,1,0,0,0,0,0,0,0,0,152,2,0
v0.6.0,scipy/fftpack/tests/test_basic.py,0,1,0,0,0,0,0,0,0,0,463,27,2
v0.6.0,scipy/weave/examples/functional.py,0,0,0,0,0,0,0,0,0,0,49,2,0
v0.6.0,scipy/sandbox/xplt/__init__.py,0,0,0,0,0,0,0,0,0,0,29,2,0
v0.6.0,scipy/sandbox/xplt/twograftest2d.py,0,1,0,0,0,0,0,0,0,0,103,2,0
v0.6.0,scipy/io/tests/test_recaster.py,0,0,0,0,0,0,0,0,0,0,149,12,0
v0.6.0,scipy/integrate/tests/test_quadrature.py,1,0,0,0,0,0,0,0,0,0,25,8,1
v0.6.0,scipy/linalg/setup.py,0,1,0,0,0,0,0,0,1,0,140,9,0
v0.6.0,scipy/sandbox/pyloess/setup.py,0,0,0,0,0,0,0,0,0,0,44,4,0
v0.6.0,scipy/sandbox/montecarlo/info.py,0,0,0,0,0,0,0,0,0,0,3,3,0
v0.6.0,scipy/sandbox/xplt/tktest.py,0,0,0,0,0,0,0,0,0,0,35,2,0
v0.6.0,scipy/weave/build_tools.py,1,1,0,0,0,0,0,0,0,0,306,16,0
v0.6.0,scipy/io/__init__.py,0,0,0,0,0,0,0,0,0,0,13,10,0
v0.6.0,scipy/sandbox/spline/tests/visual_check_parametric.py,0,0,0,0,0,0,0,0,0,0,36,4,0
v0.6.0,scipy/sandbox/exmplpackage/yyy/__init__.py,0,0,0,0,0,0,0,0,0,0,4,6,0
v0.6.0,scipy/io/examples/read_array_demo1.py,0,0,0,0,0,0,0,0,0,0,11,4,0
v0.6.0,scipy/optimize/__init__.py,0,0,0,0,0,0,0,0,0,0,12,8,1
v0.6.0,scipy/sandbox/cow/herd.py,0,0,0,0,0,0,0,0,0,0,7,2,0
v0.6.0,scipy/linsolve/umfpack/setup.py,0,0,0,0,0,0,0,0,0,0,23,2,0
v0.6.0,scipy/sandbox/xplt/Mplot.py,1,4,0,0,0,0,0,0,0,5,1052,3,0
v0.6.0,scipy/cluster/vq.py,1,0,0,0,0,0,0,0,0,0,175,19,2
v0.6.0,scipy/sandbox/spline/__init__.py,0,0,0,0,0,0,0,0,0,0,6,5,0
v0.6.0,scipy/lib/__init__.py,0,0,0,0,0,0,0,0,0,0,3,4,0
v0.6.0,scipy/sandbox/ga/algorithm.py,0,0,0,0,0,0,0,0,0,0,287,3,0
v0.6.0,scipy/sandbox/setup.py,0,0,0,0,0,0,0,0,0,0,22,7,1
v0.6.0,scipy/sandbox/numexpr/compiler.py,0,0,0,0,0,0,0,0,1,0,435,5,1
v0.6.0,scipy/sandbox/models/family/links.py,0,0,0,0,0,0,0,0,0,0,108,0,0
v0.6.0,scipy/odr/setup.py,0,0,0,0,0,0,0,0,0,0,29,3,0
v0.6.0,scipy/misc/common.py,0,0,0,0,0,0,0,0,0,0,144,4,0
v0.6.0,scipy/sandbox/exmplpackage/setup.py,0,0,0,0,0,0,0,0,0,0,25,5,0
v0.6.0,scipy/optimize/optimize.py,7,13,0,0,0,0,0,0,0,0,1140,10,1
v0.6.0,scipy/sandbox/xplt/helpmod.py,0,0,0,0,0,0,0,0,0,0,64,2,0
v0.6.0,scipy/sandbox/gplt/new_plot.py,0,1,0,0,0,0,0,0,0,0,120,2,0
v0.6.0,scipy/sandbox/xplt/graph2d.py,0,1,0,0,0,0,0,0,0,0,210,2,0
v0.6.0,scipy/cluster/doc/ex1.py,0,0,0,0,0,0,0,0,0,0,22,2,0
v0.6.0,scipy/cluster/tests/test_vq.py,0,0,0,0,0,0,0,0,0,0,105,18,2
v0.6.0,scipy/sandbox/pyem/doc/examples/demo2.py,0,0,0,0,0,0,0,0,0,0,47,3,0
v0.6.0,scipy/interpolate/setup.py,0,0,0,0,0,0,0,0,0,0,17,6,0
v0.6.0,scipy/weave/examples/md5_speed.py,0,0,0,0,0,0,0,0,0,0,51,2,0
v0.6.0,scipy/special/spfun_stats.py,0,0,0,0,0,0,0,0,0,0,17,4,0
v0.6.0,scipy/sandbox/lobpcg/tests/large_scale.py,0,0,0,0,0,0,0,0,0,0,39,4,0
v0.6.0,scipy/sandbox/ga/prng.py,0,0,0,0,0,0,0,0,0,0,13,3,0
v0.6.0,scipy/linsolve/setup.py,0,0,0,0,0,0,0,0,0,0,40,2,0
v0.6.0,scipy/interpolate/interpolate.py,8,2,0,0,0,0,0,0,0,0,410,17,3
v0.6.0,scipy/tests/test_basic1a.py,0,0,0,0,0,0,0,0,0,0,59,2,0
v0.6.0,scipy/sandbox/multigrid/coarsen.py,0,0,0,0,0,0,0,0,0,0,39,4,0
v0.6.0,scipy/sandbox/xplt/setup.py,0,1,0,0,0,0,0,0,0,0,256,2,0
v0.6.0,scipy/special/__init__.py,0,0,0,0,0,0,0,0,0,0,12,4,0
v0.6.0,scipy/lib/blas/tests/test_fblas.py,0,0,0,0,0,0,0,0,0,0,348,8,0
v0.6.0,scipy/sandbox/spline/setup.py,0,0,0,0,0,0,0,0,0,0,14,3,0
v0.6.0,scipy/sandbox/pyem/_c_densities.py,0,0,0,0,0,0,0,0,0,0,99,3,0
v0.6.0,scipy/sandbox/timeseries/const.py,0,0,0,0,0,0,0,0,0,0,10,2,0
v0.6.0,scipy/sandbox/models/tests/test_regression.py,0,0,0,0,0,0,0,0,0,0,34,0,0
v0.6.0,scipy/fftpack/helper.py,0,0,0,0,0,0,0,0,0,0,7,2,0
v0.6.0,scipy/weave/ext_tools.py,0,0,0,0,0,0,0,0,0,0,308,6,0
v0.6.0,scipy/sandbox/timeseries/reportlib.py,0,1,0,0,0,0,1,0,3,0,250,0,0
v0.6.0,scipy/sandbox/plt/colormap.py,0,0,0,0,0,0,0,0,0,0,782,2,0
v0.6.0,scipy/sandbox/numexpr/setup.py,0,0,0,0,0,0,0,0,0,0,17,3,0
v0.6.0,scipy/sandbox/arpack/speigs.py,3,0,0,0,0,0,0,0,0,0,109,3,0
v0.6.0,scipy/weave/swigptr2.py,0,0,0,0,0,0,0,0,0,0,8,3,0
v0.6.0,scipy/sandbox/timeseries/lib/moving_funcs.py,1,0,0,0,0,0,0,0,0,0,172,8,0
v0.6.0,scipy/weave/vtk_spec.py,0,0,0,0,0,0,0,0,0,0,54,6,0
v0.6.0,scipy/sandbox/rkern/pink.py,0,0,0,0,0,0,0,0,0,0,11,3,0
v0.6.0,scipy/cluster/__init__.py,0,0,0,0,0,0,0,0,0,0,5,9,0
v0.6.0,scipy/sandbox/lobpcg/tests/test_lobpcg.py,0,0,0,0,0,0,0,0,0,0,38,5,0
v0.6.0,scipy/maxentropy/examples/conditionalexample1.py,0,0,0,0,0,0,0,0,0,0,17,3,0
v0.6.0,scipy/lib/lapack/tests/gesv_tests.py,0,0,0,0,0,0,0,0,0,0,22,6,0
v0.6.0,scipy/tests/test_limits.py,0,0,0,0,0,0,0,0,0,0,24,1,0
v0.6.0,scipy/io/netcdf.py,1,0,0,0,0,0,0,0,0,0,195,4,0
v0.6.0,scipy/stsci/__init__.py,0,0,0,0,0,0,0,0,0,0,0,4,0
v0.6.0,scipy/io/dumb_shelve.py,0,0,0,0,0,0,0,0,0,0,30,3,0
v0.6.0,scipy/sandbox/ann/rbf.py,0,0,0,0,0,0,0,0,0,0,78,3,0
v0.6.0,scipy/sandbox/gplt/info_gplt.py,0,0,0,0,0,0,0,0,0,0,2,2,0
v0.6.0,scipy/weave/accelerate_tools.py,0,0,0,0,0,0,0,0,0,0,280,5,0
v0.6.0,scipy/sandbox/models/setup.py,0,0,0,0,0,0,0,0,0,0,20,0,0
v0.6.0,scipy/weave/examples/ramp.py,0,1,0,0,0,0,0,0,0,0,75,2,0
v0.6.0,scipy/sandbox/pyem/examples/__init__.py,0,0,0,0,0,0,0,0,0,0,0,2,0
v0.6.0,scipy/sandbox/maskedarray/version.py,0,0,0,0,0,0,0,0,0,0,9,5,0
v0.6.0,scipy/signal/waveforms.py,0,0,0,0,0,0,0,0,0,0,100,5,2
v0.6.0,scipy/maxentropy/examples/bergerexample.py,0,0,0,0,0,0,0,0,0,0,32,3,0
v0.6.0,scipy/weave/setup.py,0,0,0,0,0,0,0,0,0,0,20,2,0
v0.6.0,scipy/sandbox/svm/libsvm.py,0,0,0,0,0,0,0,0,0,0,98,3,0
v0.6.0,scipy/sandbox/multigrid/tests/test_relaxation.py,0,1,0,0,0,0,0,0,0,0,77,9,1
v0.6.0,scipy/sandbox/models/tests/test_rlm.py,0,0,0,0,0,0,0,0,0,0,21,0,0
v0.6.0,scipy/signal/signaltools.py,0,1,0,0,0,0,0,0,0,0,801,19,3
v0.6.0,scipy/sandbox/pyem/setup.py,0,0,0,0,0,0,0,0,0,0,23,3,0
v0.6.0,scipy/sandbox/models/robust/scale.py,0,0,0,0,0,0,0,0,0,0,57,0,0
v0.6.0,scipy/sandbox/timeseries/tests/test_multitimeseries.py,0,0,0,0,0,0,0,0,0,0,146,0,0
v0.6.0,scipy/sandbox/xplt/sphereisos.py,0,1,0,0,0,0,0,0,0,0,57,2,0
v0.6.0,scipy/weave/info.py,0,0,0,0,0,0,0,0,0,0,4,2,0
v0.6.0,scipy/weave/tests/test_scxx_sequence.py,0,0,0,0,0,0,0,0,0,0,295,12,0
v0.6.0,scipy/sandbox/ga/parallel_pop.py,0,0,0,0,0,0,0,0,0,0,139,3,0
v0.6.0,scipy/sandbox/pyem/tests/test_densities.py,0,0,0,0,0,0,0,0,0,0,180,4,0
v0.6.0,scipy/linalg/setup_atlas_version.py,0,0,0,0,0,0,0,0,0,0,23,2,0
v0.6.0,scipy/sandbox/pyem/online_em.py,0,0,0,0,0,0,0,0,0,0,149,3,0
v0.6.0,scipy/maxentropy/maxentropy.py,0,2,0,0,0,0,0,0,0,0,669,5,0
v0.6.0,scipy/sandbox/xplt/config_pygist.py,1,3,0,0,0,0,0,0,0,0,548,2,0
v0.6.0,scipy/sandbox/timeseries/plotlib/__init__.py,0,0,0,0,0,0,0,0,0,0,1,0,0
v0.6.0,scipy/io/mio.py,0,0,0,0,0,0,0,0,0,0,68,3,0
v0.6.0,scipy/fftpack/pseudo_diffs.py,0,0,0,0,0,0,0,0,0,0,229,2,0
v0.6.0,scipy/sandbox/ga/tree.py,0,0,0,0,1,0,0,0,0,0,143,4,0
v0.6.0,scipy/sandbox/arpack/tests/test_speigs.py,0,0,0,0,0,0,0,0,0,0,29,8,0
v0.6.0,scipy/fftpack/tests/test_helper.py,0,0,0,0,0,0,0,0,0,0,43,8,0
v0.6.0,scipy/interpolate/tests/test_interpolate.py,0,0,0,0,0,0,0,0,0,0,137,20,3
v0.6.0,scipy/sandbox/timeseries/setup.py,0,0,0,0,0,0,0,0,1,0,25,3,0
v0.6.0,scipy/sandbox/cdavid/segmentaxis.py,0,1,0,0,0,0,0,0,0,0,52,4,0
v0.6.0,scipy/stsci/image/lib/combine.py,0,0,0,0,0,0,0,0,0,0,60,6,0
v0.6.0,scipy/sandbox/pyem/tests/test_examples.py,0,0,0,0,0,0,0,0,0,0,17,3,0
v0.6.0,scipy/linalg/tests/test_iterative.py,0,0,0,0,0,0,0,0,0,0,59,6,0
v0.6.0,scipy/sandbox/rbf/setup.py,0,0,0,0,0,0,0,0,0,0,9,4,0
v0.6.0,scipy/sandbox/maskedarray/extras.py,1,4,0,0,0,0,0,0,0,0,487,8,0
v0.6.0,scipy/sandbox/models/tests/test_bspline.py,0,0,0,0,0,0,0,0,0,0,14,0,0
v0.6.0,scipy/sandbox/xplt/pygist/tkgist.py,0,0,0,0,0,0,0,0,0,0,45,2,0
v0.6.0,scipy/linalg/linalg_version.py,0,0,0,0,0,0,0,0,0,0,4,2,0
v0.6.0,scipy/sandbox/pyem/doc/examples/demo1.py,0,0,0,0,0,0,0,0,0,0,47,3,0
v0.6.0,scipy/linsolve/umfpack/info.py,0,0,0,0,0,0,0,0,0,0,3,5,0
v0.6.0,scipy/sandbox/timeseries/lib/tests/test_moving_funcs.py,0,0,0,0,0,0,0,0,0,0,113,9,0
v0.6.0,scipy/sandbox/models/family/varfuncs.py,0,0,0,0,0,0,0,0,0,0,30,0,0
v0.6.0,scipy/sandbox/pyloess/__init__.py,0,0,0,0,0,0,0,0,0,0,7,4,0
v0.6.0,scipy/linalg/iterative/test.py,2,0,0,0,0,0,0,0,0,0,64,2,0
v0.6.0,scipy/interpolate/info.py,0,0,0,0,0,0,0,0,0,0,2,9,0
v0.6.0,scipy/__init__.py,0,0,0,0,0,0,0,0,0,0,43,20,0
v0.6.0,scipy/sandbox/pyem/profile_data/profile_densities.py,0,0,0,0,0,0,0,0,0,0,41,3,0
v0.6.0,scipy/integrate/__init__.py,0,0,0,0,0,0,0,0,0,0,8,4,0
v0.6.0,scipy/misc/info.py,0,0,0,0,0,0,0,0,0,0,3,2,0
v0.6.0,scipy/sandbox/delaunay/triangulate.py,0,0,0,0,0,0,0,0,0,0,84,2,0
v0.6.0,scipy/interpolate/fitpack2.py,1,0,0,0,0,0,0,0,0,0,242,8,2
v0.6.0,scipy/sandbox/svm/kernel.py,0,0,0,0,0,0,0,0,0,0,93,2,0
v0.6.0,scipy/sandbox/multigrid/utils.py,0,0,0,0,0,0,0,0,0,0,15,25,0
v0.6.0,scipy/sandbox/ga/population.py,0,0,0,0,0,0,0,0,0,0,177,3,0
v0.6.0,scipy/sandbox/gplt/setup_gplt.py,0,0,0,0,0,0,0,0,0,0,14,2,0
v0.6.0,scipy/linalg/tests/test_blas.py,0,0,0,0,0,0,0,0,0,0,172,8,0
v0.6.0,scipy/sandbox/fdfpack/setup.py,0,0,0,0,0,0,0,0,0,0,12,3,0
v0.6.0,scipy/sandbox/models/cox.py,0,0,0,0,0,0,0,0,0,0,163,0,0
v0.6.0,scipy/sandbox/stats/anova.py,1,2,0,0,0,0,0,0,0,0,458,3,0
v0.6.0,scipy/sandbox/montecarlo/montecarlo.py,0,0,0,0,0,0,0,0,0,0,63,5,0
v0.6.0,scipy/sandbox/fdfpack/tests/test_fdf.py,0,0,0,0,0,0,0,0,0,0,28,7,0
v0.6.0,scipy/special/tests/test_basic.py,0,1,0,0,2,0,1,0,0,0,1556,27,13
v0.6.0,scipy/sandbox/ga/genome.py,0,0,0,0,0,0,0,0,0,0,229,4,0
v0.6.0,scipy/sandbox/models/gam.py,1,0,0,0,0,0,1,0,1,0,178,0,0
v0.6.0,scipy/sandbox/multigrid/multigridtools/multigridtools.py,0,0,0,0,0,0,0,0,0,0,61,9,1
v0.6.0,scipy/sandbox/xplt/nicks.py,0,0,0,0,0,0,0,0,0,0,40,2,0
v0.6.0,scipy/lib/lapack/__init__.py,0,1,0,0,0,0,0,0,0,0,57,5,0
v0.6.0,scipy/sandbox/ga/examples.py,0,0,0,0,0,0,0,0,0,0,38,3,0
v0.6.0,scipy/sandbox/pyem/tests/test_online_em.py,4,1,0,0,0,0,0,0,0,0,155,3,0
v0.6.0,scipy/stats/info.py,0,0,0,0,0,0,0,0,0,0,5,5,0
v0.6.0,scipy/sandbox/xplt/graph3d.py,0,2,0,0,1,0,0,0,0,0,288,2,0
v0.6.0,scipy/weave/examples/vtk_example.py,0,0,0,0,0,0,0,0,0,0,41,2,0
v0.6.0,scipy/fftpack/tests/test_pseudo_diffs.py,0,0,0,0,0,0,0,0,0,0,369,10,0
v0.6.0,scipy/sandbox/models/utils.py,0,0,0,0,0,0,0,0,0,0,78,0,0
v0.6.0,scipy/sandbox/timeseries/lib/filters.py,0,0,0,0,0,0,0,0,0,0,15,3,0
v0.6.0,scipy/lib/info.py,0,0,0,0,0,0,0,0,0,0,2,2,0
v0.6.0,scipy/special/tests/Test.py,0,0,0,0,0,0,0,0,0,0,79,0,0
v0.6.0,scipy/sandbox/svm/tests/test_dataset.py,0,0,0,0,0,0,0,0,0,3,107,3,0
v0.6.0,scipy/sandbox/delaunay/__init__.py,0,0,0,0,0,0,0,0,0,0,3,2,0
v0.6.0,scipy/lib/lapack/info.py,0,0,0,0,0,0,0,0,0,0,2,2,0
v0.6.0,scipy/weave/common_info.py,0,0,0,0,0,0,0,0,0,0,17,3,0
v0.6.0,scipy/sandbox/maskedarray/setup.py,0,0,0,0,0,0,0,0,0,0,14,5,0
v0.6.0,scipy/weave/inline_tools.py,1,1,0,0,0,0,0,0,0,0,218,8,0
v0.6.0,scipy/weave/examples/vq.py,0,1,0,0,0,0,0,0,0,0,107,3,0
v0.6.0,setup.py,0,0,0,0,0,0,0,0,0,0,37,6,0
v0.6.0,scipy/fftpack/setup.py,0,0,0,0,0,0,0,0,0,0,43,13,0
v0.6.0,scipy/sandbox/xplt/polymap.py,0,0,0,0,0,0,0,0,0,0,46,2,0
v0.6.0,scipy/sandbox/maskedarray/tests/test_core.py,0,6,0,0,1,0,0,0,0,0,1070,11,0
v0.6.0,scipy/sandbox/timeseries/io/fame/__init__.py,0,0,0,0,0,0,0,0,0,0,5,0,0
v0.6.0,scipy/sandbox/maskedarray/__init__.py,0,0,0,0,0,0,0,0,0,0,12,7,0
v0.6.0,scipy/sandbox/netcdf/setup.py,0,0,0,0,0,0,0,0,0,0,37,4,0
v0.6.0,scipy/sandbox/plt/setup_plt.py,0,0,0,0,0,0,0,0,0,0,10,2,0
v0.6.0,scipy/sandbox/svm/predict.py,0,0,0,0,0,0,0,0,2,0,195,2,0
v0.6.0,scipy/lib/lapack/tests/test_lapack.py,0,0,0,1,0,0,0,0,0,0,84,12,0
v0.6.0,scipy/weave/tests/test_slice_handler.py,0,0,0,0,0,0,0,0,0,0,150,13,0
v0.6.0,scipy/sandbox/timeseries/io/fame/setup.py,0,0,0,0,0,0,0,0,0,0,35,0,0
v0.6.0,scipy/fftpack/__init__.py,0,0,0,0,0,0,0,0,0,0,11,6,0
v0.6.0,scipy/sandbox/models/robust/norms.py,0,0,0,0,0,0,0,0,0,0,133,0,0
v0.6.0,scipy/sandbox/delaunay/testfuncs.py,0,0,0,0,0,0,0,0,2,0,405,2,0
v0.6.0,scipy/sandbox/models/info.py,0,0,0,0,0,0,0,0,0,0,8,0,0
v0.6.0,scipy/ndimage/measurements.py,0,0,0,0,0,0,0,0,0,0,238,4,1
v0.6.0,scipy/weave/slice_handler.py,0,0,0,0,0,0,0,0,0,1,82,2,0
v0.6.0,scipy/sandbox/plt/__init__.py,0,0,0,0,0,0,0,0,0,0,19,2,0
v0.6.0,scipy/sandbox/plt/plot_objects.py,1,2,0,0,1,0,0,0,0,0,702,2,0
v0.6.0,scipy/weave/examples/array3d.py,0,0,0,0,0,0,0,0,0,0,35,2,0
v0.6.0,scipy/interpolate/tests/test_fitpack.py,0,0,0,0,0,0,0,0,0,0,64,15,2
v0.6.0,scipy/sandbox/xplt/lines.py,0,0,0,0,0,0,0,0,0,0,57,2,0
v0.6.0,scipy/signal/setup.py,0,0,0,0,0,0,0,0,0,0,15,3,0
v0.6.0,scipy/sandbox/xplt/curve.py,0,1,0,0,0,0,0,0,0,0,81,2,0
v0.6.0,scipy/sandbox/models/model.py,0,0,0,0,0,0,0,0,0,0,91,0,0
v0.6.0,scipy/weave/__init__.py,0,0,0,0,0,0,0,0,0,0,15,4,0
v0.6.0,scipy/linalg/__init__.py,0,0,0,0,0,0,0,0,0,0,22,7,0
v0.6.0,scipy/optimize/tnc.py,0,0,0,0,0,0,0,0,0,0,104,4,0
v0.6.0,scipy/sandbox/plt/plot_utility.py,0,0,0,0,1,0,0,0,0,0,276,2,0
v0.6.0,scipy/signal/ltisys.py,0,1,0,0,0,0,0,0,0,0,283,2,0
v0.6.0,scipy/sandbox/cdavid/tests/test_segmentaxis.py,0,0,0,0,0,0,4,0,0,0,42,9,0
v0.6.0,scipy/sandbox/arpack/__init__.py,0,0,0,0,0,0,0,0,0,0,3,3,0
v0.6.0,scipy/sandbox/ga/selection.py,0,0,0,0,0,0,0,0,0,0,84,3,0
v0.6.0,scipy/linsolve/linsolve.py,0,0,0,0,0,0,0,0,0,0,120,7,0
v0.6.0,scipy/weave/base_info.py,0,0,0,0,0,0,0,0,0,0,120,2,0
v0.6.0,scipy/sandbox/multigrid/setup.py,0,0,0,0,0,0,0,0,1,0,15,4,0
v0.6.0,setupegg.py,0,0,0,0,0,0,0,0,0,0,3,2,0
v0.6.0,scipy/sandbox/cdavid/tests/test_autocorr.py,0,0,0,0,0,0,0,0,0,0,231,8,0
v0.6.0,scipy/weave/examples/dict_sort.py,0,0,0,0,0,0,0,0,0,0,66,2,0
v0.6.0,scipy/stats/__init__.py,0,0,0,0,0,0,0,0,0,0,9,6,0
v0.6.0,scipy/sandbox/xplt/surftest4d.py,0,1,0,0,0,0,0,0,0,0,146,2,0
v0.6.0,scipy/sandbox/ga/scaling.py,0,0,0,0,0,0,0,0,0,0,43,3,0
v0.6.0,scipy/sandbox/arraysetops/arraysetops.py,1,1,0,0,0,0,0,0,0,0,197,2,0
v0.6.0,scipy/weave/c_spec.py,0,0,0,0,0,0,0,0,0,0,292,5,0
v0.6.0,scipy/sandbox/plt/info_plt.py,0,0,0,0,0,0,0,0,0,0,2,2,0
v0.6.0,scipy/sandbox/pyem/examples/regularized_example.py,0,0,0,0,0,0,0,0,0,0,34,2,0
v0.6.0,scipy/sandbox/gplt/interface.py,0,1,0,0,0,0,0,0,0,0,180,2,0
v0.6.0,scipy/sandbox/pyem/gmm_em.py,2,0,0,0,0,0,0,0,0,0,253,3,0
v0.6.0,scipy/sandbox/rbf/tests/test_rbf.py,0,0,0,0,0,0,0,0,0,0,34,8,0
v0.6.0,scipy/sandbox/maskedarray/tests/test_extras.py,0,1,0,0,0,0,0,0,0,0,291,9,0
v0.6.0,scipy/sandbox/image/transforms.py,0,1,0,0,0,0,0,0,0,0,224,4,0
v0.6.0,scipy/weave/tests/test_catalog.py,0,0,0,0,0,0,0,0,0,0,262,11,0
v0.6.0,scipy/weave/weave_version.py,0,0,0,0,0,0,0,0,0,0,9,2,0
v0.6.0,scipy/sparse/setup.py,0,0,0,0,0,0,0,0,1,0,16,6,0
v0.6.0,scipy/sandbox/pyem/tests/test_gmm_em.py,1,0,0,0,0,0,0,0,0,0,140,3,0
v0.6.0,scipy/sandbox/rkern/pso.py,1,0,0,0,0,0,0,0,0,0,37,3,0
v0.6.0,scipy/sandbox/buildgrid/setup.py,0,0,0,0,0,0,0,0,0,0,15,4,0
v0.6.0,scipy/special/tests/test_spfun_stats.py,0,0,0,0,0,0,0,0,0,0,30,8,0
v0.6.0,scipy/io/tests/test_mmio.py,0,0,0,0,0,0,0,0,0,0,121,16,0
v0.6.0,scipy/sandbox/pyem/profile_data/profile_gmm.py,0,0,0,0,0,0,0,0,0,0,36,3,0
v0.6.0,scipy/stats/setup.py,0,0,0,0,0,0,0,0,0,0,19,4,0
v0.6.0,scipy/sandbox/numexpr/__init__.py,0,0,0,0,0,0,0,0,0,0,6,6,1
v0.6.0,scipy/weave/tests/test_standard_array_spec.py,0,0,0,0,0,0,0,0,0,0,37,10,0
v0.6.0,scipy/maxentropy/setup.py,0,0,0,0,0,0,0,0,0,0,10,2,0
v0.6.0,scipy/sandbox/maskedarray/mrecords.py,0,1,0,0,0,0,0,0,5,2,496,8,0
v0.6.0,scipy/special/gendoc.py,0,0,0,0,0,0,0,0,0,0,34,4,0
v0.6.0,scipy/sandbox/timeseries/parser.py,0,4,0,0,0,0,0,0,0,0,545,4,0
v0.6.0,scipy/sandbox/spline/info.py,0,0,0,0,0,0,0,0,0,0,2,4,0
v0.6.0,scipy/sandbox/maskedarray/core.py,1,1,0,0,1,0,0,0,0,0,1624,13,0
v0.6.0,scipy/optimize/cobyla.py,0,0,0,0,0,0,0,0,0,0,30,5,0
v0.6.0,scipy/ndimage/info.py,0,0,0,0,0,0,0,0,0,0,4,3,0
v0.6.0,scipy/sandbox/models/family/__init__.py,0,0,0,0,0,0,0,0,0,0,2,0,0
v0.6.0,scipy/integrate/info.py,0,0,0,0,0,0,0,0,0,0,2,3,0
v0.6.0,scipy/special/docs/cephestest.py,0,0,0,0,0,0,0,0,0,0,15,2,0
v0.6.0,scipy/sandbox/svm/__init__.py,0,0,0,0,0,0,0,0,0,0,9,2,0
v0.6.0,scipy/sparse/sparse.py,3,4,0,0,1,0,0,0,0,0,1855,43,2
v0.6.0,scipy/io/miobase.py,0,0,0,0,1,0,0,0,0,0,236,2,0
v0.6.0,scipy/stsci/setup.py,0,0,0,0,0,0,0,0,0,0,9,2,0
v0.6.0,scipy/sandbox/timeseries/io/fame/core.py,0,3,0,0,1,0,0,0,1,0,681,0,0
v0.6.0,scipy/sandbox/models/rlm.py,0,0,0,0,0,0,0,0,0,0,52,0,0
v0.6.0,scipy/sandbox/xplt/gistdemohigh.py,0,1,0,0,0,0,0,0,0,0,233,2,0
v0.6.0,scipy/sandbox/xplt/shapetest.py,0,0,0,0,0,0,0,0,0,0,33,3,0
v0.6.0,scipy/sandbox/ga/gene.py,0,0,0,0,0,0,0,0,0,0,235,4,0
v0.6.0,scipy/sandbox/__init__.py,0,0,0,0,0,0,0,0,0,0,0,3,0
v0.6.0,scipy/optimize/linesearch.py,1,0,0,0,0,0,0,0,0,0,43,3,0
v0.6.0,scipy/sandbox/pyem/examples/pdfestimation1d.py,0,0,0,0,0,0,0,0,0,0,46,2,0
v0.6.0,scipy/sandbox/pyem/gauss_mix.py,0,0,0,0,0,0,0,0,0,0,306,3,0
v0.6.0,scipy/sandbox/image/color.py,0,0,0,0,0,0,0,0,0,0,251,3,0
v0.6.0,scipy/sandbox/ga/__init__.py,0,0,0,0,0,0,0,0,0,0,11,3,0
v0.6.0,scipy/weave/tests/test_blitz_tools.py,1,0,0,0,0,0,0,0,0,0,110,13,0
v0.6.0,scipy/sandbox/xplt/berts.py,0,0,0,0,0,0,0,0,0,0,30,2,0
v0.6.0,scipy/sandbox/ann/mlp.py,0,0,0,0,0,0,0,0,0,0,88,3,0
v0.6.0,scipy/weave/tests/test_scxx.py,0,0,0,0,0,0,0,0,0,0,12,6,0
v0.6.0,scipy/sandbox/timeseries/lib/__init__.py,0,0,0,0,0,0,0,0,0,0,5,3,0
v0.6.0,scipy/signal/wavelets.py,0,2,0,0,0,0,0,0,0,0,116,5,0
v0.6.0,scipy/sandbox/exmplpackage/info_exmplpackage.py,0,0,0,0,0,0,0,0,0,0,3,4,0
v0.6.0,scipy/weave/tests/test_size_check.py,0,0,0,0,1,0,0,0,0,0,345,12,0
v0.6.0,scipy/sandbox/numexpr/expressions.py,0,1,0,0,1,0,0,0,0,0,279,5,1
v0.6.0,scipy/sandbox/xplt/yorick.py,0,0,0,0,0,0,0,0,0,0,111,2,0
v0.6.0,scipy/weave/examples/increment_example.py,0,0,0,0,0,0,0,0,0,0,23,2,0
v0.6.0,scipy/stats/_support.py,0,0,0,0,0,0,0,0,0,0,174,4,0
v0.6.0,scipy/sandbox/svm/dataset.py,0,0,0,0,0,0,0,0,0,0,142,2,0
v0.6.0,scipy/sandbox/newoptimize/tnc/example.py,0,0,0,0,0,0,0,0,0,0,13,2,0
v0.6.0,scipy/sandbox/xplt/plane.py,1,0,0,0,0,0,0,0,0,0,23,2,0
v0.6.0,scipy/io/tests/test_npfile.py,0,1,0,0,0,0,0,0,0,0,91,10,0
v0.6.0,scipy/weave/ast_tools.py,0,0,0,0,0,0,0,0,0,0,111,2,0
v0.6.0,scipy/sparse/tests/test_sparse.py,0,3,0,3,1,0,0,0,0,0,761,46,1
v0.6.0,scipy/sandbox/xplt/plwf.py,0,1,0,0,0,0,0,0,0,0,152,3,0
v0.6.0,scipy/linalg/tests/test_atlas_version.py,0,0,0,0,0,0,0,0,0,0,5,5,0
v0.6.0,scipy/ndimage/filters.py,5,2,0,0,0,0,0,0,3,0,440,13,1
v0.6.0,scipy/integrate/ode.py,3,1,0,0,0,0,0,0,0,0,240,6,0
v0.6.0,scipy/sandbox/ga/ga_list.py,0,0,0,0,0,0,0,0,0,0,38,3,0
v0.6.0,scipy/sandbox/exmplpackage/__init__.py,0,0,0,0,0,0,0,0,0,0,4,6,0
v0.6.0,scipy/sandbox/netcdf/netcdf.py,0,0,0,0,0,0,0,0,0,0,45,5,0
v0.6.0,scipy/sandbox/cow/setup_cow.py,0,0,0,0,0,0,0,0,0,0,8,2,0
v0.6.0,scipy/stats/tests/test_morestats.py,0,0,0,0,0,0,0,0,0,0,100,12,0
v0.6.0,scipy/misc/pilutil.py,0,1,0,0,0,0,0,0,0,0,174,3,0
v0.6.0,scipy/sandbox/xplt/gistdemomovie.py,0,1,0,0,0,0,0,0,0,0,150,2,0
v0.6.0,scipy/sandbox/xplt/gist3dhelp.py,0,0,0,0,0,0,0,0,0,0,115,2,0
v0.6.0,scipy/cluster/tests/vq_test.py,0,0,0,0,0,0,0,0,0,0,40,4,0
v0.6.0,scipy/linalg/tests/test_matfuncs.py,0,0,0,0,0,0,0,0,0,0,80,8,0
v0.6.0,scipy/linalg/interface_gen.py,0,1,0,0,0,0,0,0,0,0,135,3,0
v0.6.0,scipy/sandbox/pyloess/examples.py,0,0,0,0,0,0,0,0,0,0,20,4,0
v0.6.0,scipy/sandbox/fdfpack/__init__.py,0,0,0,0,0,0,0,0,0,0,3,3,0
v0.6.0,scipy/io/mio5.py,1,0,0,0,0,0,0,0,1,0,546,4,0
v0.6.0,scipy/sandbox/timeseries/tmulti.py,0,1,0,1,0,0,0,0,4,0,345,0,0
v0.6.0,scipy/sandbox/pyloess/tests/test_pyloess.py,0,0,0,0,0,0,0,0,0,0,298,9,0
v0.6.0,scipy/weave/wx_spec.py,0,0,0,0,0,0,0,0,0,0,102,5,0
v0.6.0,scipy/sandbox/xplt/gisttest3d.py,0,1,0,0,0,0,0,0,0,0,98,2,0
v0.6.0,scipy/sandbox/newoptimize/log.py,0,0,0,0,0,0,0,0,0,0,50,5,0
v0.6.0,scipy/sandbox/cow/info_cow.py,0,0,0,0,0,0,0,0,0,0,2,2,0
v0.6.0,scipy/optimize/minpack.py,0,2,0,0,0,0,0,0,0,0,193,19,2
v0.6.0,scipy/sandbox/cdavid/info.py,0,0,0,0,0,0,0,0,0,0,4,4,0
v0.6.0,scipy/sandbox/multigrid/multilevel.py,0,0,0,0,0,0,0,0,0,0,103,28,0
v0.6.0,scipy/sandbox/spline/spline.py,1,0,0,0,0,0,0,0,0,0,244,4,0
v0.6.0,scipy/sandbox/maskedarray/timer_comparison.py,0,4,0,0,0,0,0,0,0,0,363,5,0
v0.6.0,scipy/weave/converters.py,0,0,0,0,0,0,0,0,0,0,37,6,0
v0.6.0,scipy/sandbox/delaunay/setup.py,0,0,0,0,0,0,0,0,0,0,11,2,0
v0.6.0,scipy/sandbox/pyem/examples/plotexamples.py,0,0,0,0,0,0,0,0,0,0,25,2,0
v0.6.0,scipy/sandbox/svm/tests/testall.py,0,0,0,0,0,0,0,0,0,0,8,2,0
v0.6.0,scipy/weave/examples/binary_search.py,0,1,0,0,0,0,0,0,0,0,105,2,0
v0.6.0,scipy/sandbox/xplt/colorbar.py,0,1,0,0,0,0,0,0,0,0,80,2,0
v0.6.0,scipy/sandbox/models/regression.py,0,0,0,0,0,0,0,0,0,0,144,0,0
v0.6.0,scipy/stsci/image/setup.py,0,0,0,0,0,0,0,0,0,0,18,4,0
v0.6.0,scipy/linalg/info.py,0,0,0,0,0,0,0,0,0,0,3,3,0
v0.6.0,scipy/sandbox/ga/setup_ga.py,0,0,0,0,0,0,0,0,0,0,9,3,0
v0.6.0,scipy/sandbox/xplt/demo5.py,0,1,0,0,0,0,0,0,0,0,522,2,0
v0.6.0,scipy/optimize/tests/test_cobyla.py,0,0,0,0,0,0,0,0,0,0,17,8,0
v0.6.0,scipy/sandbox/timeseries/lib/tests/test_interpolate.py,0,0,0,0,0,0,0,0,0,0,40,7,0
v0.6.0,scipy/misc/pexec.py,0,0,0,0,0,0,0,0,0,0,41,2,0
v0.6.0,scipy/optimize/info.py,0,0,0,0,0,0,0,0,0,0,2,7,0
v0.6.0,scipy/io/dumbdbm_patched.py,0,0,0,0,0,0,0,0,0,0,96,3,0
v0.6.0,scipy/sandbox/svm/examples/utils.py,0,0,0,0,0,0,0,0,0,0,42,3,0
v0.6.0,scipy/sandbox/buildgrid/__init__.py,0,0,0,0,0,0,0,0,0,0,1,3,0
v0.6.0,scipy/sandbox/xplt/NarPlotter.py,1,5,0,0,1,0,0,0,0,0,1388,2,0
v0.6.0,scipy/sandbox/xplt/graftest2d.py,0,0,0,0,0,0,0,0,0,0,94,2,0
v0.6.0,scipy/sandbox/cow/__init__.py,0,0,0,0,0,0,0,0,0,0,8,2,0
v0.6.0,scipy/weave/examples/wx_speed.py,0,1,0,0,0,0,0,0,0,0,116,2,0
v0.6.0,scipy/weave/base_spec.py,0,0,0,0,0,0,0,0,0,0,63,2,0
v0.6.0,scipy/fftpack/fftpack_version.py,0,0,0,0,0,0,0,0,0,0,4,2,0
v0.6.0,scipy/io/data_store.py,0,0,0,0,0,0,0,0,0,0,34,3,0
v0.6.0,scipy/sandbox/maskedarray/alternative_versions/core_ini.py,1,2,0,0,1,0,0,0,0,0,1824,5,0
v0.6.0,scipy/sandbox/pyem/info.py,0,0,0,0,0,0,0,0,0,0,4,3,0
v0.6.0,scipy/sandbox/multigrid/__init__.py,0,0,0,0,0,0,0,0,0,0,6,6,0
v0.6.0,scipy/sandbox/pyem/examples/discriminant_analysis.py,0,0,0,0,0,0,0,0,0,0,74,3,0
v0.6.0,scipy/linsolve/umfpack/umfpack.py,0,2,0,0,0,0,0,0,2,0,434,7,0
v0.6.0,scipy/linsolve/umfpack/__init__.py,0,0,0,0,0,0,0,0,0,0,5,3,0
v0.6.0,scipy/sandbox/xplt/pygist/tktest.py,0,0,0,0,0,0,0,0,0,0,35,2,0
v0.6.0,scipy/sandbox/newoptimize/tnc.py,0,0,0,0,0,0,0,0,0,0,181,3,0
v0.6.0,scipy/sandbox/multigrid/info.py,0,0,0,0,0,0,0,0,0,0,2,2,0
v0.6.0,scipy/weave/tests/test_scxx_object.py,0,0,0,0,0,0,0,0,0,0,634,19,0
v0.6.0,scipy/sandbox/xplt/meshtest.py,0,0,0,0,0,0,0,0,0,0,71,2,0
v0.6.0,scipy/weave/platform_info.py,0,0,0,0,0,0,0,0,0,0,135,5,0
v0.6.0,scipy/io/setup.py,0,0,0,0,0,0,0,0,0,0,12,6,0
v0.6.0,scipy/sandbox/newoptimize/optimize.py,1,1,0,0,0,0,0,0,0,0,115,4,0
v0.6.0,scipy/io/tests/test_mio.py,0,0,0,0,1,0,0,0,0,0,194,8,0
v0.6.0,scipy/ndimage/morphology.py,1,4,0,0,0,0,0,0,1,0,477,6,0
v0.6.0,scipy/linalg/basic.py,0,0,0,0,0,0,0,0,0,0,313,6,0
v0.6.0,scipy/sandbox/arpack/setup.py,0,0,0,0,0,0,0,0,0,0,22,3,0
v0.6.0,scipy/sandbox/constants/setup.py,0,0,0,0,0,0,0,0,0,0,8,3,0
v0.6.0,scipy/misc/tests/test_pilutil.py,0,0,0,0,0,0,0,0,0,0,31,13,0
v0.6.0,scipy/weave/examples/print_example.py,0,0,0,0,0,0,0,0,0,0,33,2,0
v0.6.0,scipy/sandbox/arraysetops/__init__.py,0,0,0,0,0,0,0,0,0,0,2,2,0
v0.6.0,scipy/weave/examples/object.py,0,0,0,0,0,0,0,0,0,0,18,4,0
v0.6.0,scipy/odr/__init__.py,0,0,0,0,0,0,0,0,0,0,10,4,0
v0.6.0,scipy/sandbox/models/contrast.py,0,0,0,0,0,0,0,0,0,0,60,0,0
v0.6.0,scipy/sandbox/plt/wxplt.py,0,1,0,0,0,0,0,0,0,0,560,3,0
v0.6.0,scipy/linalg/tests/test_decomp.py,0,1,0,0,0,0,0,0,0,0,647,18,0
v0.6.0,scipy/maxentropy/__init__.py,0,0,0,0,0,0,0,0,0,0,5,4,0
v0.6.0,scipy/weave/examples/support_code_example.py,0,0,0,0,0,0,0,0,0,0,9,2,0
v0.6.0,scipy/sandbox/constants/constants.py,0,0,0,0,0,0,0,0,0,0,140,5,0
v0.6.0,scipy/sandbox/multigrid/simple_test.py,0,0,0,0,0,0,0,0,0,0,8,7,0
v0.6.0,scipy/weave/examples/wx_example.py,0,0,0,0,0,0,0,0,0,0,145,2,0
v0.6.0,scipy/sandbox/lobpcg/lobpcg.py,0,1,0,0,0,0,0,0,0,0,330,3,0
v0.6.0,scipy/stats/morestats.py,0,3,0,0,0,0,0,0,0,0,687,20,1
v0.6.0,scipy/integrate/odepack.py,0,0,0,0,0,0,0,0,0,0,36,5,0
v0.6.0,scipy/io/recaster.py,0,2,0,0,1,0,0,0,0,0,313,3,0
v0.6.0,scipy/sandbox/xplt/movie.py,0,1,0,0,0,0,0,0,0,0,86,3,0
v0.6.0,scipy/weave/tests/scxx_timings.py,0,0,0,0,0,0,0,0,0,0,78,2,0
v0.6.0,scipy/sandbox/xplt/gistmeshtest.py,0,1,0,0,0,0,0,0,0,0,100,2,0
v0.6.0,scipy/sandbox/models/tests/test_formula.py,0,0,0,0,0,0,0,0,0,0,175,0,0
v0.6.0,scipy/weave/size_check.py,0,1,0,0,0,0,0,0,0,0,200,3,0
v0.6.0,scipy/sandbox/multigrid/relaxation.py,0,0,0,0,0,0,0,0,0,0,34,9,1
v0.6.0,scipy/io/mio4.py,0,0,0,0,0,0,0,0,0,0,246,4,0
v0.6.0,scipy/sandbox/xplt/graftypes.py,0,0,0,0,0,0,0,0,0,0,15,2,0
v0.6.0,scipy/signal/info.py,0,0,0,0,0,0,0,0,0,0,2,3,0
v0.6.0,scipy/sparse/sparsetools/sparsetools.py,0,0,0,0,0,0,0,0,0,0,118,25,1
v0.6.0,scipy/sandbox/ga/language.py,0,0,0,0,0,0,0,0,0,0,43,4,0
v0.6.0,scipy/integrate/quadrature.py,1,2,0,0,0,0,0,0,0,0,313,7,1
v0.6.0,scipy/weave/examples/ramp2.py,0,0,0,0,0,0,0,0,0,0,40,2,0
v0.6.0,scipy/sandbox/buildgrid/test_build_grid.py,0,0,0,0,0,0,0,0,0,0,132,4,0
v0.6.0,scipy/version.py,0,0,0,0,0,0,0,0,0,0,14,3,0
v0.6.0,scipy/tests/test_basic.py,0,0,0,0,0,0,0,0,0,0,427,2,0
v0.6.0,scipy/signal/filter_design.py,1,5,0,0,0,0,0,0,0,0,1028,8,0
v0.6.0,scipy/stsci/convolve/lib/lineshape.py,0,0,0,0,0,0,0,0,0,0,31,3,0
v0.6.0,scipy/sandbox/xplt/slice3.py,4,15,0,0,0,0,0,0,0,6,2016,3,0
v0.6.0,scipy/optimize/tests/test_optimize.py,0,0,0,0,0,0,0,0,0,1,173,11,2
v0.6.0,scipy/sandbox/xplt/quadmesh.py,0,1,0,0,0,0,0,0,0,0,227,2,0
v0.6.0,scipy/sandbox/fdfpack/info.py,0,0,0,0,0,0,0,0,0,0,1,3,0
v0.6.0,scipy/sandbox/rbf/tests/example2.py,0,0,0,0,0,0,0,0,0,0,40,4,0
v0.6.0,scipy/weave/cpp_namespace_spec.py,0,0,0,0,0,0,0,0,0,0,54,3,0
v0.6.0,scipy/sandbox/delaunay/interpolate.py,0,0,0,0,0,0,0,0,0,0,58,2,0
v0.6.0,scipy/sandbox/cow/sync_cluster.py,2,0,0,0,1,0,0,0,0,0,477,2,0
v0.6.0,scipy/sandbox/pyloess/tests/test_mpyloess.py,0,0,0,0,0,0,0,0,0,0,338,8,0
v0.6.0,scipy/sandbox/montecarlo/__init__.py,0,0,0,0,0,0,0,0,0,0,2,3,0
v0.6.0,scipy/weave/tests/test_build_tools.py,0,0,0,0,0,0,0,0,0,0,55,8,0
v0.6.0,scipy/sandbox/constants/__init__.py,0,0,0,0,0,0,0,0,0,0,2,2,0
v0.6.0,scipy/sandbox/timeseries/tdates.py,0,0,0,0,1,0,0,0,2,0,529,0,0
v0.6.0,scipy/weave/tests/test_scxx_dict.py,0,0,0,0,0,0,0,0,0,0,212,17,0
v0.6.0,scipy/sandbox/cdavid/tests/test_lpc.py,0,0,0,0,0,0,0,0,0,0,121,8,0
v0.6.0,scipy/interpolate/__init__.py,0,0,0,0,0,0,0,0,0,0,7,6,0
v0.6.0,scipy/sandbox/xplt/gistdemolow.py,0,2,0,0,0,0,0,0,0,0,364,2,0
v0.6.0,scipy/sandbox/arpack/arpack.py,0,2,0,0,0,0,0,0,0,0,217,3,0
v0.6.0,scipy/linalg/blas.py,0,0,0,0,0,0,0,0,0,0,40,5,0
v0.6.0,scipy/sandbox/maskedarray/testutils.py,0,1,0,0,0,0,0,0,0,0,168,7,0
v0.6.0,scipy/sandbox/xplt/gist.py,0,2,0,0,0,0,0,0,0,4,319,4,0
v0.6.0,scipy/sandbox/models/__init__.py,0,0,0,0,0,0,0,0,0,0,12,0,0
v0.6.0,scipy/linalg/lapack.py,0,0,0,0,0,0,0,0,0,0,78,3,0
v0.6.0,scipy/sandbox/xplt/region.py,0,1,0,0,0,0,0,0,0,0,91,2,0
v0.6.0,scipy/sandbox/spline/tests/test_fitpack.py,0,0,0,0,0,0,0,0,0,0,211,9,0
v0.6.0,scipy/sandbox/xplt/animation2d.py,0,0,0,0,0,0,0,0,0,0,47,2,0
v0.6.0,scipy/stsci/convolve/setup.py,0,0,0,0,0,0,0,0,0,0,22,4,0
v0.6.0,scipy/sandbox/xplt/tkgist.py,0,0,0,0,0,0,0,0,0,0,45,2,0
v0.6.0,scipy/sandbox/delaunay/tests/test_triangulate.py,2,0,0,0,0,0,0,0,0,0,54,4,0
v0.6.0,scipy/sandbox/svm/setup.py,0,0,0,0,0,0,0,0,0,0,16,2,0
v0.6.0,scipy/stats/rv.py,0,0,0,0,0,0,0,0,0,0,18,2,0
v0.6.0,scipy/sandbox/constants/codata.py,0,0,0,0,0,0,0,0,0,0,52,4,0
v0.6.0,scipy/sandbox/svm/tests/test_speed.py,0,0,0,0,0,0,0,0,0,0,30,4,0
v0.6.0,scipy/sandbox/models/mixed.py,0,0,0,0,0,0,0,0,0,0,185,0,0
v0.6.0,scipy/optimize/setup.py,0,0,0,0,0,0,0,0,0,0,35,8,1
v0.6.0,scipy/misc/__init__.py,0,0,0,0,0,0,0,0,0,0,18,5,0
v0.6.0,scipy/sandbox/xplt/GistPlotter.py,2,6,0,0,1,0,0,0,0,0,1381,2,0
v0.6.0,scipy/weave/examples/cast_copy_transpose.py,0,0,0,0,0,0,0,0,0,0,107,2,0
v0.6.0,scipy/sandbox/rkern/__init__.py,0,0,0,0,0,0,0,0,0,0,0,3,0
v0.6.0,scipy/linsolve/_superlu.py,0,0,0,0,0,0,0,0,0,0,4,2,0
v0.6.0,scipy/optimize/tests/test_nonlin.py,0,0,0,0,0,0,0,0,0,0,69,7,0
v0.6.0,scipy/linalg/tests/test_fblas.py,0,0,0,0,0,0,0,0,0,0,348,8,0
v0.6.0,scipy/sandbox/stats/outputonly.py,2,2,0,0,0,0,0,0,0,0,138,3,0
v0.6.0,scipy/stats/tests/test_distributions.py,0,0,0,0,0,0,0,0,0,0,176,15,3
v0.6.0,scipy/io/pickler.py,0,0,0,0,0,0,0,0,0,0,21,3,0
v0.6.0,scipy/sandbox/xplt/surface.py,0,1,0,0,0,0,0,0,0,0,103,2,0
v0.6.0,scipy/maxentropy/examples/bergerexamplesimulated.py,0,0,0,0,0,0,0,0,0,0,60,2,0
v0.6.0,scipy/sandbox/svm/regression.py,1,0,0,0,0,0,0,0,0,0,75,2,0
v0.6.0,scipy/sandbox/models/tests/test_glm.py,0,0,0,0,0,0,0,0,0,0,25,0,0
v0.6.0,scipy/weave/examples/fibonacci.py,0,0,0,0,0,0,0,0,0,0,81,2,0
v0.6.0,scipy/sandbox/pyem/examples/utils.py,0,0,0,0,0,0,0,0,0,0,28,3,0
v0.6.0,scipy/misc/setup.py,0,0,0,0,0,0,0,0,0,0,9,2,0
v0.6.0,scipy/sandbox/timeseries/io/fame/tests/test_fame.py,0,0,0,0,1,0,0,0,0,3,391,0,0
v0.6.0,scipy/sandbox/image/setup.py,0,0,0,0,0,0,0,0,0,0,9,3,0
v0.6.0,scipy/stsci/convolve/lib/Convolve.py,1,0,0,0,0,0,0,0,0,0,163,4,0
v0.6.0,scipy/sandbox/cdavid/setup.py,0,0,0,0,0,0,0,0,0,0,24,4,0
v0.6.0,scipy/weave/swig2_spec.py,0,0,0,0,0,0,0,0,0,0,124,4,0
v0.6.0,scipy/weave/catalog.py,0,0,0,0,0,0,0,0,0,0,339,8,0
v0.6.0,scipy/weave/blitz_spec.py,0,0,0,0,0,0,0,0,0,0,47,4,0
v0.6.0,scipy/sandbox/rkern/diffev.py,2,0,0,0,0,0,0,0,0,0,95,3,0
v0.6.0,scipy/sandbox/newoptimize/try_log.py,0,0,0,0,0,0,0,0,0,0,8,3,0
v0.6.0,scipy/stats/kde.py,0,0,0,0,0,0,0,0,0,0,117,5,0
v0.6.0,scipy/special/amos/setup.py,1,0,0,0,0,0,0,0,0,0,52,4,0
v0.6.0,scipy/sandbox/image/__init__.py,0,0,0,0,0,0,0,0,0,0,2,3,0
v0.6.0,scipy/linsolve/__init__.py,0,0,0,0,0,0,0,0,0,0,9,7,0
v0.6.0,scipy/linalg/iterative.py,0,6,0,0,0,0,0,0,0,0,512,6,0
v0.6.0,scipy/stats/tests/test_stats.py,0,0,0,0,1,0,0,0,0,0,576,43,5
v0.6.0,scipy/lib/blas/tests/test_blas.py,0,0,0,0,0,0,0,0,0,0,183,8,0
v0.6.0,scipy/odr/models.py,0,0,0,0,0,0,0,0,0,0,98,2,0
v0.6.0,scipy/cluster/setup.py,0,0,0,0,0,0,0,0,0,0,18,5,0
v0.6.0,scipy/signal/__init__.py,0,0,0,0,0,0,0,0,0,0,11,4,0
v0.6.0,scipy/odr/odrpack.py,0,3,0,0,0,0,0,0,0,0,394,5,1
v0.6.0,scipy/sandbox/maskedarray/tests/test_morestats.py,0,0,0,0,0,0,0,0,0,0,85,9,0
v0.6.0,scipy/sandbox/xplt/wxtest.py,0,0,0,0,0,0,0,0,0,0,34,2,0
v0.6.0,scipy/sandbox/arraysetops/tests/test_arraysetops.py,0,0,0,0,0,0,0,0,0,0,23,2,0
v0.6.0,scipy/lib/lapack/tests/esv_tests.py,0,0,0,0,0,0,0,0,0,0,53,8,0
v0.6.0,scipy/sandbox/svm/model.py,0,0,0,0,0,0,0,0,0,0,41,2,0
v0.6.0,scipy/sandbox/xplt/ezplot.py,0,14,0,0,0,0,0,0,0,1,1535,2,0
v0.6.0,scipy/interpolate/tests/demos_xplt.py,0,0,0,0,0,0,0,0,0,0,37,2,0
v0.6.0,scipy/sandbox/models/glm.py,0,0,0,0,0,0,0,0,0,0,60,0,0
v0.6.0,scipy/io/npfile.py,0,0,0,0,0,0,0,0,0,0,124,5,0
v0.6.0,scipy/sandbox/arpack/info.py,0,0,0,0,0,0,0,0,0,0,3,3,0
v0.6.0,scipy/sandbox/ga/ga_gnm.py,0,0,0,0,0,0,0,0,0,0,21,3,0
v0.6.0,scipy/linalg/tests/test_lapack.py,0,0,0,0,0,0,0,0,0,0,46,8,0
v0.6.0,scipy/sandbox/maskedarray/tests/test_subclassing.py,0,0,0,0,0,0,0,0,0,0,116,11,0
v0.6.0,scipy/io/tests/test_array_import.py,0,0,0,0,0,0,0,0,0,0,46,9,0
v0.6.0,scipy/ndimage/setup.py,0,0,0,0,0,0,0,0,0,0,15,9,0
v0.6.0,scipy/linalg/matfuncs.py,0,1,0,0,0,0,0,0,0,0,231,6,0
v0.6.0,scipy/sandbox/svm/tests/test_libsvm.py,0,0,0,0,0,0,0,0,0,0,30,3,0
